id,printing_speed,machine_age,operating_hours,temperature,humidity,power_stability,setup_time,paper_type,shift,maintenance_status,machine_type,paper_quality,last_calibration_day,operator_id,ink_batch_id,amount_printed
PP007001,69.2,0.3,17.1,19.5,60.9,95.9,15.7,Standard,Morning,Good,Type_A,Medium,257,Op04,B15,64299.0
PP007002,85.6,2.8,20.2,33.0,61.2,73.5,50.2,Matte,Morning,Average,Type_D,Medium,352,Op04,B10,65154.7
PP007003,134.5,2.9,13.5,32.3,60.0,84.8,79.2,Standard,Morning,Average,Type_C,Low,124,Op02,B20,82797.5
PP007004,101.4,1.1,9.8,26.4,32.2,88.4,17.0,Glossy,Afternoon,Average,Type_D,High,350,Op01,B19,48802.9
PP007005,42.9,2.1,8.2,20.6,52.1,79.6,40.0,Standard,Morning,Average,Type_B,High,111,Op08,B12,15252.8
PP007006,117.4,11.0,9.8,28.3,59.3,98.1,22.2,Standard,Afternoon,Average,Type_B,Medium,152,Op06,B04,58118.9
PP007007,108.0,0.1,11.0,26.3,42.0,90.4,34.8,Standard,Morning,Good,Type_D,Medium,312,Op02,B13,68573.7
PP007008,140.9,4.4,8.4,31.6,54.9,99.1,67.7,Standard,Morning,Good,Type_D,Medium,271,Op01,B01,63348.0
PP007009,136.5,6.7,18.4,28.1,82.1,87.1,32.6,Matte,Night,Average,Type_A,Medium,57,Op03,B09,105707.4
PP007010,134.7,4.0,17.4,29.5,66.0,74.4,35.3,Matte,Morning,Average,Type_C,Low,354,Op10,B05,103531.6
PP007011,161.5,5.7,10.6,18.7,43.3,91.6,24.0,Glossy,Night,Average,Type_C,Medium,363,Op01,B02,77160.3
PP007012,99.3,3.9,6.6,25.2,55.7,80.1,45.7,Standard,Night,Good,Type_C,Low,234,Op06,B04,30753.1
PP007013,78.5,3.1,10.2,25.0,55.1,90.4,30.6,Standard,Afternoon,Good,Type_C,Medium,117,Op09,B17,39422.2
PP007014,118.1,6.8,8.3,18.4,63.9,81.4,17.5,Matte,Morning,Good,Type_A,Medium,106,Op08,B11,52582.4
PP007015,113.5,3.3,9.4,32.4,,76.7,19.0,Cardstock,Night,Good,Type_D,Low,330,Op04,B19,45083.0
PP007016,30.0,1.8,8.0,29.7,70.0,59.6,33.4,Standard,Afternoon,Average,Type_B,High,277,Op09,B02,8239.3
PP007017,180.0,6.1,12.4,28.2,50.7,97.2,52.9,Matte,Morning,Average,Type_A,High,74,Op01,B02,88577.0
PP007018,105.6,10.5,6.1,25.0,58.0,96.4,29.4,Standard,Night,Good,Type_B,High,170,Op08,B20,34921.5
PP007019,107.0,15.0,5.9,27.5,66.4,94.6,15.1,Matte,Afternoon,Poor,Type_B,Medium,363,Op09,B07,16733.8
PP007020,94.6,15.0,9.2,29.9,32.3,80.4,17.1,Standard,Night,Average,Type_A,Low,326,Op09,B13,28244.0
PP007021,104.4,4.1,22.8,29.3,49.3,8.7,57.1,Matte,Afternoon,Good,Type_C,High,184,Op08,B02,38330.4
PP007022,154.7,2.0,16.3,,62.2,98.7,34.1,Matte,Morning,Good,Type_A,Medium,36,Op07,B07,135145.3
PP007023,147.6,3.5,14.2,24.0,65.1,85.2,57.1,Glossy,Afternoon,Good,Type_A,Medium,51,Op05,B18,114774.2
PP007024,101.4,6.2,12.4,33.4,57.7,98.7,29.4,Cardstock,Morning,Good,Type_A,Medium,119,Op01,B05,58457.0
PP007025,84.5,13.3,11.1,22.0,68.6,78.9,36.8,Standard,Night,Average,Type_A,Medium,209,Op08,B17,35138.9
PP007026,158.0,0.1,17.2,25.0,56.5,63.4,25.9,Cardstock,Morning,Good,Type_A,Medium,85,Op01,B14,133979.6
PP007027,145.4,1.6,5.1,25.3,57.6,85.5,15.6,Matte,Morning,Good,Type_D,Medium,329,Op08,B13,44357.5
PP007028,166.1,11.0,13.3,21.3,48.4,92.8,25.7,Glossy,Afternoon,Poor,Type_A,High,143,Op08,B15,78132.5
PP007029,116.1,2.1,6.5,15.0,58.1,94.0,39.9,Glossy,Morning,Average,Type_A,High,239,Op09,B04,36869.7
PP007030,96.2,0.5,7.3,31.2,37.8,91.7,25.0,Standard,Night,Good,Type_B,Low,12,Op01,B01,32976.3
PP007031,124.3,1.1,11.9,27.4,58.1,81.7,30.4,Standard,Morning,Average,Type_D,Medium,51,Op05,B05,81016.5
PP007032,82.3,0.1,8.0,26.5,55.0,65.4,35.5,Matte,Night,Good,Type_C,Medium,221,Op04,B14,29671.3
PP007033,180.0,1.6,9.7,23.5,60.5,77.7,16.2,Glossy,Night,Good,Type_B,Medium,273,Op06,B20,67740.6
PP007034,140.9,5.0,10.4,15.1,45.1,82.7,67.9,Cardstock,Afternoon,Good,Type_D,Low,42,Op05,B09,57273.9
PP007035,77.9,13.2,9.6,18.9,58.0,74.1,31.2,Standard,Morning,Average,Type_B,Medium,208,Op08,B10,30051.6
PP007036,126.5,2.5,11.1,26.5,65.9,94.8,19.9,Standard,Morning,Average,Type_C,Low,190,Op09,B14,73612.3
PP007037,129.7,0.7,16.3,30.1,65.9,86.2,49.8,Cardstock,Morning,Good,Type_B,High,147,Op08,B09,108451.5
PP007038,114.7,0.2,9.4,18.7,59.0,86.1,46.8,Matte,Morning,Good,Type_A,Low,180,Op01,B06,56023.9
PP007039,124.0,1.3,15.8,16.9,51.2,82.2,59.4,Cardstock,Night,Poor,Type_B,High,155,Op03,B02,70725.3
PP007040,87.4,0.1,8.3,26.5,54.9,29.7,44.7,Standard,Morning,Good,Type_C,Medium,134,Op08,B03,29126.2
PP007041,127.7,1.2,9.3,22.1,43.4,31.5,16.4,Standard,Morning,Good,Type_B,Low,84,Op10,B16,51321.6
PP007042,166.9,4.4,7.5,26.3,43.5,87.6,48.1,Standard,Morning,Good,Type_D,Medium,122,Op08,B11,62757.4
PP007043,97.5,3.9,21.9,34.3,58.0,90.3,17.2,Standard,Morning,Average,Type_A,High,143,Op06,B02,100779.9
PP007044,58.0,1.9,16.3,26.4,34.2,87.5,43.3,Matte,Afternoon,Good,Type_A,High,169,Op02,B07,44941.8
PP007045,96.1,2.0,7.5,21.2,47.8,76.7,51.3,Standard,Morning,Poor,Type_D,High,66,Op07,B12,30826.9
PP007046,130.3,2.8,9.9,26.5,72.1,97.1,55.7,Matte,Night,Good,Type_B,High,128,Op10,B14,64457.9
PP007047,111.7,2.2,7.4,32.1,47.3,75.6,28.1,Standard,Morning,Good,Type_A,Low,315,Op01,B05,43212.4
PP007048,85.6,15.0,14.0,20.9,49.7,75.3,36.4,Standard,Morning,Average,Type_B,Medium,111,Op05,B20,43272.1
PP007049,145.7,11.2,11.5,22.3,63.7,92.5,16.0,Standard,Afternoon,Average,Type_B,Medium,62,Op07,B11,90737.7
PP007050,115.1,15.0,10.0,26.1,55.5,6.1,108.5,Standard,Morning,Poor,Type_A,High,130,Op01,B01,2986.1
PP007051,104.2,12.1,12.9,30.6,45.9,80.7,15.8,Glossy,Morning,Good,Type_D,High,267,Op01,B11,64965.5
PP007052,153.2,6.1,11.2,15.0,43.6,78.8,14.6,Standard,Morning,Average,Type_B,Low,142,Op09,B02,67943.0
PP007053,59.5,5.4,20.2,25.1,47.4,7.1,31.3,Standard,Afternoon,Average,Type_B,Medium,62,Op07,B15,13960.5
PP007054,115.5,4.9,7.9,32.8,49.4,91.1,20.2,Cardstock,Morning,Good,Type_D,High,235,Op09,B06,47366.1
PP007055,102.5,1.7,8.6,29.5,65.8,80.3,47.0,Standard,Afternoon,Good,Type_C,Medium,93,Op01,B07,45543.7
PP007056,135.3,0.0,10.7,30.9,71.2,86.3,48.4,Matte,Morning,Good,Type_C,Medium,247,Op08,B17,77463.4
PP007057,79.1,2.1,5.5,22.0,62.8,95.1,25.3,Standard,Afternoon,Average,Type_C,Medium,59,Op01,B05,20962.1
PP007058,135.2,15.0,12.3,,59.0,89.0,21.4,Matte,Night,Poor,Type_B,Low,158,Op04,B13,36423.0
PP007059,85.2,0.4,5.4,26.4,56.6,95.4,44.0,Glossy,Morning,Good,Type_C,Medium,242,Op02,B06,22179.0
PP007060,120.9,3.1,13.8,30.8,50.2,89.6,13.4,Standard,Morning,Good,Type_D,Low,47,Op04,B07,88606.9
PP007061,103.5,6.3,10.3,31.8,46.0,92.0,29.8,Standard,Afternoon,Good,Type_D,Low,244,Op07,B12,51747.8
PP007062,67.1,3.2,11.1,28.3,39.7,88.3,27.9,Matte,Morning,Good,Type_D,Medium,41,Op02,B09,36135.3
PP007063,115.4,5.0,7.4,25.4,57.1,89.4,48.5,Glossy,Night,Average,Type_A,Medium,239,Op07,B08,41087.4
PP007064,159.2,15.0,12.0,25.5,67.7,65.3,24.5,Matte,Night,Poor,Type_C,Medium,249,Op05,B20,31768.1
PP007065,128.3,1.5,11.7,18.1,50.8,73.8,38.5,Standard,Morning,Average,Type_A,Medium,75,Op06,B14,79764.7
PP007066,79.2,3.2,12.9,20.9,59.7,84.0,26.7,Cardstock,Afternoon,Good,Type_A,Low,357,Op06,B09,44485.4
PP007067,87.2,5.6,8.0,,48.7,,16.9,Matte,Afternoon,Average,Type_A,Medium,180,Op10,B11,25682.9
PP007068,75.9,1.6,7.1,25.0,62.5,82.5,24.8,Matte,Morning,Good,Type_A,High,101,Op05,B09,29692.0
PP007069,180.0,0.8,7.5,29.1,68.1,84.2,20.6,Cardstock,Morning,Good,Type_C,High,61,Op10,B15,52271.8
PP007070,149.0,3.0,8.0,26.0,42.7,62.0,18.5,Standard,Morning,Average,Type_A,Medium,302,Op02,B17,68451.2
PP007071,84.2,15.0,13.2,30.5,60.3,76.3,47.5,Glossy,Morning,Poor,Type_A,High,304,Op09,B06,22331.5
PP007072,152.9,14.5,14.1,21.8,61.5,61.5,64.7,Glossy,Night,Average,Type_A,Medium,232,Op04,B10,68679.7
PP007073,123.8,0.2,5.4,19.8,53.0,89.3,26.9,Glossy,Night,Good,Type_A,Low,174,Op06,B09,32612.0
PP007074,119.5,4.7,12.3,26.4,70.1,96.4,23.6,Cardstock,Afternoon,Average,Type_A,Medium,135,Op09,B06,69213.9
PP007075,135.0,1.2,10.4,20.0,55.5,30.0,16.3,Standard,Morning,Good,Type_A,Medium,35,Op10,B03,65748.7
PP007076,102.6,7.6,20.6,25.9,47.1,90.0,30.3,Glossy,Night,Average,Type_B,Medium,94,Op08,B10,89932.6
PP007077,168.8,0.7,7.9,17.2,62.6,45.6,21.0,Cardstock,Morning,Good,Type_B,Medium,63,Op02,B20,44363.8
PP007078,110.7,0.9,7.3,18.4,,80.6,31.7,Glossy,Morning,Good,Type_A,Medium,331,Op09,B18,43157.8
PP007079,112.5,2.7,9.0,29.9,52.0,98.4,11.8,Glossy,Morning,Good,Type_B,Low,326,Op07,B09,52802.8
PP007080,121.8,4.4,9.7,18.8,46.8,9.4,26.5,Glossy,Morning,Average,Type_A,Low,349,Op05,B08,24643.4
PP007081,75.6,0.7,9.6,27.7,56.9,80.4,22.3,Standard,Night,Good,Type_C,High,11,Op04,B02,36437.8
PP007082,102.9,3.1,12.2,26.3,54.0,94.5,45.9,Glossy,Morning,Poor,Type_D,High,330,Op01,B14,54668.5
PP007083,143.2,1.9,9.8,24.0,47.5,88.1,101.4,Glossy,Morning,Good,Type_D,Medium,219,Op01,B16,67378.0
PP007084,125.9,2.7,10.2,17.6,60.7,76.6,35.1,Glossy,Night,Average,Type_B,Low,77,Op03,B17,55482.1
PP007085,144.6,1.5,8.9,19.3,53.9,87.3,19.0,Standard,Morning,Good,Type_B,Low,148,Op08,B11,72972.8
PP007086,158.9,9.9,15.8,27.3,51.6,,29.1,Standard,Morning,Good,Type_A,Medium,300,Op06,B15,134255.4
PP007087,149.3,6.7,7.6,23.1,44.7,97.4,24.0,Cardstock,Morning,Average,Type_A,Medium,211,Op06,B02,60436.8
PP007088,155.8,8.5,9.2,23.6,59.1,80.4,19.4,Standard,Night,Average,Type_A,High,118,Op01,B13,73967.4
PP007089,142.3,15.0,14.9,28.8,64.4,93.6,66.8,Glossy,Afternoon,Poor,Type_C,Low,185,Op01,B20,38531.8
PP007090,180.0,1.2,14.4,25.9,62.4,69.5,31.0,Cardstock,Morning,Good,Type_B,High,187,Op09,B19,99084.3
PP007091,174.0,0.8,9.5,20.5,31.6,76.0,27.2,Cardstock,Night,Average,Type_B,Medium,224,Op06,B12,61645.0
PP007092,141.9,5.8,8.2,24.7,32.5,82.3,24.0,Standard,Night,Good,Type_D,Medium,190,Op08,B20,62340.3
PP007093,30.0,2.2,7.2,19.1,53.3,80.1,72.4,Standard,Night,Average,Type_A,Low,327,Op05,B16,5965.6
PP007094,115.8,0.1,14.3,24.9,35.5,86.0,42.7,Standard,Afternoon,Average,Type_A,Low,24,Op08,B07,78887.1
PP007095,163.5,2.2,7.3,17.1,60.6,93.7,27.8,Cardstock,Morning,Good,Type_A,High,183,Op04,B15,58726.2
PP007096,108.6,0.3,14.2,22.5,41.3,86.5,48.9,Standard,Afternoon,Good,Type_A,Low,272,Op01,B06,78149.9
PP007097,94.7,3.3,7.8,19.4,70.0,79.1,61.1,Matte,Night,Good,Type_B,Low,93,Op01,B20,28877.9
PP007098,148.3,7.9,11.9,21.3,59.3,86.7,52.3,Glossy,Night,Good,Type_B,High,256,Op02,B02,99299.0
PP007099,136.4,3.0,9.0,20.8,58.5,87.8,37.2,Standard,Morning,Average,Type_D,Low,228,Op03,B10,63195.0
PP007100,120.2,4.1,11.4,26.5,58.0,79.1,33.2,Standard,Morning,Good,Type_C,High,241,Op07,B03,81264.3
PP007101,75.7,8.7,8.7,29.9,38.5,53.0,44.9,Matte,Night,Poor,Type_A,Medium,157,Op08,B20,17686.2
PP007102,180.0,15.0,13.3,24.2,47.4,92.1,86.1,Cardstock,Afternoon,Poor,Type_C,High,207,Op07,B07,17189.7
PP007103,140.7,7.8,6.6,22.7,48.9,96.3,54.5,Matte,Night,Good,Type_C,Low,66,Op01,B06,44019.9
PP007104,72.9,0.3,21.1,21.7,39.4,37.5,49.3,Matte,Afternoon,Poor,Type_D,Low,67,Op09,B09,25883.8
PP007105,108.6,2.2,11.9,26.7,,80.2,15.8,Matte,Night,Good,Type_C,Medium,33,Op03,B01,65565.4
PP007106,129.2,8.8,7.9,25.1,62.0,94.7,17.5,Matte,Morning,Average,Type_C,High,110,Op07,B15,55901.5
PP007107,110.4,0.0,3.7,25.7,61.4,93.2,15.4,Standard,Afternoon,Average,Type_A,Medium,22,Op03,B15,22059.1
PP007108,153.7,1.1,8.6,27.6,,,22.4,Standard,Night,Average,Type_B,High,289,Op01,B13,73783.7
PP007109,149.6,15.0,8.2,15.0,44.6,73.0,54.0,Glossy,Afternoon,Good,Type_A,High,192,Op06,B09,51563.1
PP007110,180.0,12.3,6.5,27.8,38.2,77.8,32.6,Glossy,Morning,Poor,Type_C,Medium,332,Op10,B11,17695.5
PP007111,76.4,3.1,15.9,23.6,67.4,97.7,34.5,Glossy,Morning,Average,Type_A,High,52,Op03,B20,58792.0
PP007112,86.6,4.2,13.7,22.3,44.0,90.6,45.9,Standard,Afternoon,Average,Type_A,Medium,73,Op02,B09,60184.8
PP007113,87.4,8.2,7.1,23.3,80.4,84.5,27.7,Glossy,Afternoon,Average,Type_A,High,268,Op02,B08,26687.2
PP007114,98.2,5.7,7.1,29.2,42.9,77.5,68.9,Cardstock,Afternoon,Good,Type_D,Medium,132,Op02,B19,27126.4
PP007115,148.6,12.4,5.6,26.5,56.6,86.2,29.9,Standard,Afternoon,Poor,Type_B,Medium,217,Op06,B20,29712.3
PP007116,133.9,7.6,5.4,29.9,53.2,99.0,19.5,Matte,Afternoon,Good,Type_D,Medium,150,Op06,B19,39546.9
PP007117,121.9,0.2,20.7,29.9,54.1,82.5,21.9,Standard,Afternoon,Good,Type_D,Medium,186,Op01,B05,128685.8
PP007118,94.2,8.4,7.4,29.7,34.6,67.8,88.3,Standard,Afternoon,Good,Type_A,Medium,360,Op05,B13,29287.8
PP007119,100.2,0.4,8.0,30.6,40.1,98.5,30.8,Matte,Morning,Good,Type_D,Medium,42,Op03,B08,42986.8
PP007120,113.4,10.0,20.0,16.1,31.8,99.7,63.3,Standard,Night,Good,Type_A,Low,217,Op03,B20,78533.8
PP007121,71.7,0.2,10.1,29.3,69.5,92.4,26.5,Glossy,Night,Good,Type_B,Low,179,Op10,B07,30034.9
PP007122,101.3,0.5,10.5,31.2,52.2,79.3,36.0,Matte,Night,Average,Type_A,Low,129,Op05,B16,45573.3
PP007123,40.1,2.3,10.9,19.7,58.1,84.1,25.2,Standard,Afternoon,Average,Type_A,Medium,124,Op09,B12,18303.0
PP007124,59.7,4.0,7.4,18.3,42.5,90.1,15.1,Cardstock,Afternoon,Poor,Type_B,Low,22,Op06,B05,12835.3
PP007125,113.7,15.0,14.1,22.3,33.6,90.4,36.9,Cardstock,Morning,Average,Type_B,Medium,239,Op08,B17,58791.1
PP007126,138.3,13.2,9.8,34.7,61.0,80.7,25.3,Matte,Afternoon,Poor,Type_D,Low,318,Op02,B20,27722.6
PP007127,102.4,0.5,8.0,19.3,51.0,,54.9,Matte,Night,Good,Type_A,Medium,287,Op03,B15,41094.8
PP007128,56.0,5.9,10.9,23.4,58.3,,31.0,Cardstock,Afternoon,Good,Type_A,Medium,359,Op04,B14,19602.7
PP007129,90.8,1.3,8.4,23.7,62.7,89.1,47.7,Standard,Night,Good,Type_A,High,302,Op06,B19,40831.5
PP007130,176.9,1.4,18.9,23.1,33.4,91.0,27.9,Standard,Afternoon,Good,Type_A,Low,190,Op08,B17,86323.2
PP007131,121.9,1.7,8.3,25.4,53.2,85.3,21.8,Cardstock,Night,Good,Type_B,Medium,118,Op09,B19,54057.6
PP007132,112.7,2.5,10.0,,50.6,39.6,45.3,Glossy,Night,Average,Type_A,High,51,Op07,B07,45912.0
PP007133,100.4,2.1,10.6,22.0,,70.3,26.6,Standard,Afternoon,Average,Type_C,High,204,Op02,B13,54942.0
PP007134,127.3,5.5,10.8,21.9,,88.9,25.7,Standard,Morning,Good,Type_A,High,362,Op04,B20,85809.9
PP007135,98.7,1.4,21.4,19.7,34.9,97.5,21.5,Standard,Night,Good,Type_C,Medium,352,Op04,B13,94901.1
PP007136,152.4,1.7,11.4,27.3,63.3,53.5,34.6,Standard,Night,Good,Type_B,High,241,Op02,B08,78044.8
PP007137,180.0,3.8,18.7,26.8,39.8,85.1,36.3,Standard,Night,Good,Type_C,Low,20,Op08,B11,71475.3
PP007138,114.8,5.4,8.1,18.5,71.0,82.8,23.9,Glossy,Morning,Good,Type_A,Medium,365,Op03,B14,48841.1
PP007139,65.1,0.3,17.1,24.2,35.2,78.1,82.3,Glossy,Night,Good,Type_C,Medium,47,Op02,B10,43215.2
PP007140,169.7,2.6,9.2,23.0,73.4,86.9,43.6,Glossy,Morning,Average,Type_A,High,149,Op08,B19,66304.9
PP007141,180.0,15.0,14.2,24.7,61.0,96.5,51.4,Cardstock,Morning,Poor,Type_C,Medium,360,Op03,B04,18842.6
PP007142,114.3,7.1,13.4,24.0,52.9,70.7,57.0,Standard,Afternoon,Good,Type_A,Medium,239,Op08,B13,80276.0
PP007143,133.7,2.2,10.7,22.2,48.9,91.6,38.3,Glossy,Night,Average,Type_A,Medium,163,Op07,B12,76184.3
PP007144,146.5,13.6,12.3,23.0,58.8,76.5,19.6,Glossy,Night,Poor,Type_B,High,313,Op10,B14,55566.7
PP007145,128.1,0.8,9.6,27.0,43.5,98.2,28.2,Matte,Afternoon,Average,Type_A,Low,223,Op03,B04,63842.5
PP007146,134.9,1.4,10.8,30.1,36.3,44.6,29.6,Standard,Night,Good,Type_D,Medium,199,Op10,B02,66500.3
PP007147,115.4,0.4,24.0,33.1,48.2,94.7,28.4,Standard,Night,Good,Type_B,Low,231,Op09,B17,103012.5
PP007148,112.2,3.8,9.4,28.1,71.8,78.5,36.3,Standard,Night,Good,Type_B,Medium,287,Op04,B16,56030.3
PP007149,82.5,4.6,14.4,16.8,53.8,96.5,50.5,Cardstock,Afternoon,Average,Type_C,High,221,Op03,B18,47273.2
PP007150,86.2,0.7,11.9,24.0,20.0,90.1,46.5,Cardstock,Afternoon,Good,Type_B,Low,124,Op02,B01,40041.7
PP007151,97.7,3.3,8.3,27.2,44.8,90.6,50.6,Standard,Morning,Good,Type_D,Low,150,Op03,B09,40009.1
PP007152,114.1,7.1,10.5,26.8,41.7,21.7,40.9,Standard,Afternoon,Good,Type_A,Low,116,Op02,B05,37095.5
PP007153,130.8,4.4,18.3,22.4,56.7,93.9,118.3,Cardstock,Night,Average,Type_A,High,291,Op10,B13,102717.7
PP007154,127.3,4.3,9.4,19.0,58.9,92.2,14.3,Glossy,Night,Good,Type_D,Medium,36,Op01,B20,64251.9
PP007155,102.5,4.8,15.5,26.7,39.8,92.5,42.6,Matte,Afternoon,Good,Type_A,Medium,122,Op05,B09,80313.2
PP007156,106.2,4.4,7.4,25.0,74.3,75.2,27.0,Glossy,Morning,Good,Type_C,Low,117,Op09,B17,35759.7
PP007157,138.9,4.2,8.2,23.2,33.0,71.4,36.1,Matte,Morning,Average,Type_D,Medium,362,Op05,B17,57272.3
PP007158,90.4,1.1,9.2,19.6,41.6,96.9,37.2,Cardstock,Afternoon,Average,Type_C,Medium,136,Op09,B14,36756.0
PP007159,118.5,1.4,21.5,21.9,49.3,95.8,28.8,Matte,Night,Good,Type_B,Medium,342,Op06,B12,129603.2
PP007160,104.7,2.2,11.1,23.8,40.3,86.0,29.8,Matte,Afternoon,Good,Type_B,Medium,347,Op03,B07,62480.6
PP007161,127.1,0.2,9.9,18.7,44.0,81.6,50.5,Standard,Morning,Good,Type_B,Low,333,Op01,B11,63168.5
PP007162,135.5,2.2,20.8,22.2,57.3,76.5,23.4,Standard,Afternoon,Average,Type_B,Low,339,Op06,B17,133742.0
PP007163,138.0,3.0,10.8,20.1,48.2,91.2,46.7,Matte,Night,Good,Type_D,Medium,235,Op01,B17,83530.1
PP007164,150.0,1.1,6.8,29.1,47.0,97.4,21.5,Standard,Afternoon,Good,Type_A,High,283,Op02,B02,67662.7
PP007165,96.6,1.2,10.3,17.5,45.3,99.5,26.8,Standard,Morning,Average,Type_C,High,109,Op05,B15,51337.0
PP007166,144.4,8.0,6.4,26.7,64.7,70.8,16.0,Matte,Afternoon,Average,Type_A,Medium,239,Op03,B02,48886.5
PP007167,93.3,0.6,8.6,27.6,68.7,83.1,30.6,Matte,Afternoon,Good,Type_C,Medium,31,Op03,B12,39204.7
PP007168,119.8,0.0,6.9,32.0,90.0,99.5,41.1,Standard,Night,Good,Type_B,Medium,263,Op02,B06,37080.9
PP007169,70.1,15.0,8.3,23.2,46.3,75.7,35.9,Matte,Night,Poor,Type_C,Medium,85,Op06,B11,9908.6
PP007170,122.6,15.0,12.2,,44.3,77.4,24.4,Glossy,Afternoon,Poor,Type_C,Medium,198,Op04,B18,34603.1
PP007171,62.2,2.2,10.7,23.5,47.2,,21.7,Glossy,Night,Average,Type_D,Medium,143,Op08,B08,28292.0
PP007172,136.2,6.7,8.4,,37.3,92.5,20.3,Standard,Night,Average,Type_D,Medium,324,Op04,B09,58409.3
PP007173,180.0,1.4,15.3,25.9,41.9,22.5,48.5,Cardstock,Afternoon,Good,Type_D,High,267,Op01,B10,16715.9
PP007174,98.7,0.6,9.2,20.5,49.7,,29.3,Standard,Afternoon,Good,Type_A,High,23,Op06,B20,52994.1
PP007175,53.0,15.0,4.8,16.0,61.9,79.1,30.7,Glossy,Morning,Poor,Type_C,Medium,80,Op09,B07,2436.3
PP007176,95.6,3.3,7.8,19.2,62.2,89.6,49.3,Standard,Morning,Average,Type_D,Medium,141,Op01,B20,35015.0
PP007177,124.5,8.0,8.1,26.9,57.8,79.4,35.1,Cardstock,Night,Average,Type_B,High,71,Op05,B12,46673.6
PP007178,77.9,3.1,8.4,26.4,67.2,77.4,33.7,Matte,Afternoon,Good,Type_B,Low,204,Op08,B18,29674.6
PP007179,77.0,2.0,11.5,28.2,50.2,95.6,15.5,Glossy,Afternoon,Good,Type_C,High,163,Op08,B09,44666.0
PP007180,136.4,3.0,8.7,23.2,53.8,95.6,25.1,Glossy,Afternoon,Average,Type_A,Medium,186,Op06,B05,67385.3
PP007181,146.2,1.8,11.0,24.7,64.5,95.2,31.3,Cardstock,Afternoon,Good,Type_A,High,290,Op09,B02,93971.4
PP007182,148.2,9.5,10.2,27.9,50.0,63.4,34.6,Cardstock,Morning,Average,Type_D,High,245,Op08,B10,68247.1
PP007183,160.4,0.6,7.6,21.6,38.0,59.7,39.6,Standard,Afternoon,Average,Type_D,High,298,Op07,B06,50728.2
PP007184,68.4,11.8,7.3,28.2,71.4,82.5,24.3,Cardstock,Afternoon,Poor,Type_D,Medium,126,Op06,B04,11047.3
PP007185,141.9,3.0,13.6,28.9,49.3,90.0,31.6,Standard,Afternoon,Poor,Type_B,Low,229,Op08,B03,90412.6
PP007186,46.4,0.0,6.5,24.0,42.8,95.6,18.8,Standard,Night,Average,Type_C,Medium,307,Op06,B20,13236.6
PP007187,152.4,6.1,6.2,15.0,40.3,70.8,43.8,Matte,Afternoon,Good,Type_B,High,123,Op07,B03,45198.8
PP007188,91.5,0.0,9.1,,51.9,79.9,56.7,Glossy,Night,Average,Type_A,Medium,228,Op09,B20,37373.8
PP007189,133.5,0.8,8.9,26.2,49.8,86.7,36.0,Matte,Afternoon,Good,Type_B,High,126,Op02,B04,69882.5
PP007190,127.7,2.0,6.9,26.6,50.8,65.6,49.7,Standard,Morning,Good,Type_B,Medium,35,Op01,B04,46101.0
PP007191,109.1,0.8,19.3,23.7,66.6,98.1,51.3,Standard,Night,Good,Type_D,High,45,Op09,B14,103772.8
PP007192,162.0,1.9,10.7,23.8,46.3,86.0,45.6,Standard,Afternoon,Good,Type_C,Low,191,Op08,B02,73792.5
PP007193,75.8,15.0,15.0,23.1,53.2,90.6,33.6,Standard,Night,Poor,Type_A,Medium,54,Op01,B11,23603.5
PP007194,137.9,1.1,15.2,21.9,37.3,93.0,83.1,Standard,Morning,Poor,Type_A,High,153,Op03,B17,100777.2
PP007195,112.2,4.5,23.0,28.3,58.5,79.8,36.7,Standard,Afternoon,Good,Type_C,Medium,310,Op02,B17,119360.5
PP007196,105.0,4.0,13.1,21.2,38.8,91.5,19.9,Cardstock,Night,Average,Type_A,Medium,315,Op03,B13,64627.8
PP007197,78.7,3.8,7.8,23.1,43.5,85.2,32.0,Cardstock,Morning,Average,Type_C,High,311,Op09,B20,28206.7
PP007198,102.8,2.1,8.6,30.4,57.0,80.2,21.6,Standard,Morning,Good,Type_C,Medium,290,Op05,B15,49722.9
PP007199,97.0,2.2,6.7,27.9,51.4,74.8,40.8,Matte,Morning,Good,Type_A,Medium,207,Op06,B01,32411.8
PP007200,104.0,3.1,8.6,28.9,52.7,94.5,93.7,Matte,Night,Good,Type_C,Medium,68,Op09,B09,39278.3
PP007201,118.9,15.0,12.3,20.9,54.8,87.5,40.3,Standard,Afternoon,Poor,Type_C,Low,88,Op01,B06,32391.5
PP007202,119.5,5.6,10.9,29.1,44.5,83.0,41.4,Matte,Afternoon,Good,Type_B,High,309,Op10,B10,72456.6
PP007203,51.6,8.3,8.0,34.0,51.4,95.7,57.0,Glossy,Night,Good,Type_B,High,215,Op07,B07,16184.3
PP007204,110.6,3.7,11.7,,62.3,56.9,49.0,Matte,Afternoon,Average,Type_C,Medium,364,Op04,B10,57797.8
PP007205,109.8,2.5,12.5,24.1,36.3,72.5,51.9,Standard,Night,Good,Type_B,High,256,Op10,B20,72123.8
PP007206,54.2,2.7,16.1,21.7,50.3,65.3,36.1,Cardstock,Morning,Average,Type_B,High,27,Op03,B19,34561.7
PP007207,136.5,1.2,7.9,26.2,64.2,89.8,28.3,Standard,Night,Good,Type_A,Medium,331,Op01,B04,64068.3
PP007208,174.8,6.6,5.9,31.1,34.3,83.6,65.6,Cardstock,Morning,Good,Type_C,Medium,316,Op03,B07,33833.1
PP007209,109.5,0.9,12.4,25.4,58.3,74.4,25.8,Standard,Afternoon,Good,Type_A,High,76,Op10,B16,78387.1
PP007210,133.9,1.1,6.3,27.4,47.7,94.0,33.3,Glossy,Night,Good,Type_D,High,190,Op06,B04,45317.0
PP007211,165.9,0.3,10.4,19.1,28.1,80.7,88.8,Standard,Morning,Average,Type_A,Medium,3,Op08,B09,75500.5
PP007212,110.3,6.5,14.4,26.9,52.7,36.7,17.1,Standard,Night,Good,Type_C,Medium,150,Op08,B13,63881.4
PP007213,68.4,4.1,12.0,17.3,57.9,51.0,46.1,Matte,Afternoon,Average,Type_B,Low,313,Op04,B03,26933.2
PP007214,122.5,1.6,5.8,31.2,56.2,95.0,37.6,Standard,Afternoon,Poor,Type_A,High,312,Op04,B04,35131.9
PP007215,60.0,5.9,11.1,25.1,71.0,14.1,39.0,Matte,Morning,Good,Type_C,Medium,42,Op08,B18,11990.7
PP007216,116.5,0.1,12.1,23.0,73.7,88.7,33.3,Glossy,Morning,Good,Type_C,Medium,329,Op06,B12,73047.4
PP007217,134.0,3.7,13.1,23.4,54.9,90.8,20.6,Glossy,Morning,Good,Type_A,Low,225,Op10,B09,96146.3
PP007218,152.7,1.6,7.9,25.7,45.0,95.5,17.8,Matte,Night,Average,Type_A,Medium,75,Op08,B05,64208.9
PP007219,138.2,0.0,9.7,24.8,50.3,90.4,43.9,Matte,Morning,Average,Type_B,High,130,Op09,B20,79098.7
PP007220,138.6,2.4,5.8,23.3,72.7,70.7,33.7,Matte,Morning,Average,Type_A,Low,100,Op08,B11,38502.6
PP007221,156.8,0.4,16.2,26.9,46.3,88.7,31.9,Matte,Morning,Good,Type_B,Medium,164,Op10,B09,140053.6
PP007222,69.3,1.3,9.5,24.6,45.9,94.2,43.2,Glossy,Morning,Good,Type_D,Medium,340,Op01,B08,31959.1
PP007223,151.1,6.2,10.2,24.3,42.8,88.7,60.8,Glossy,Morning,Poor,Type_D,Low,87,Op01,B10,47864.6
PP007224,117.1,0.6,16.7,24.3,66.1,74.8,11.1,Standard,Morning,Good,Type_C,Medium,51,Op10,B03,110873.9
PP007225,90.2,0.5,18.9,27.6,64.3,77.1,25.6,Standard,Afternoon,Poor,Type_B,Medium,294,Op10,B07,68921.6
PP007226,100.7,1.3,8.3,15.0,48.8,75.1,37.0,Glossy,Morning,Good,Type_B,Medium,129,Op07,B07,39553.0
PP007227,169.8,5.1,5.9,22.4,41.5,69.6,10.4,Matte,Afternoon,Good,Type_A,Low,204,Op07,B09,40585.8
PP007228,112.1,4.2,13.4,28.3,20.0,79.3,28.0,Cardstock,Morning,Average,Type_A,Medium,78,Op08,B04,66741.7
PP007229,63.6,0.3,14.2,26.0,54.9,81.6,29.0,Glossy,Night,Good,Type_B,Medium,245,Op06,B03,41983.4
PP007230,180.0,2.9,15.2,20.9,40.9,79.5,45.1,Standard,Night,Average,Type_A,Low,310,Op05,B17,60429.3
PP007231,162.5,7.5,11.6,25.9,51.3,81.3,36.0,Standard,Morning,Good,Type_A,Medium,265,Op04,B18,103529.5
PP007232,130.1,13.7,10.2,25.6,47.3,70.5,51.5,Standard,Afternoon,Poor,Type_B,Medium,269,Op08,B01,37345.1
PP007233,111.3,3.3,7.3,29.1,70.8,30.4,66.3,Cardstock,Night,Average,Type_D,Low,14,Op04,B02,16052.4
PP007234,141.3,0.0,20.3,18.3,68.0,84.6,21.8,Standard,Morning,Poor,Type_B,Medium,313,Op03,B17,128671.8
PP007235,135.7,8.1,13.3,28.0,41.9,91.1,38.0,Glossy,Morning,Poor,Type_A,Low,244,Op10,B03,71628.7
PP007236,141.2,9.2,11.5,26.9,47.8,92.0,21.6,Cardstock,Morning,Average,Type_D,Medium,221,Op10,B04,77837.9
PP007237,97.7,12.4,12.7,22.3,52.1,93.0,26.5,Glossy,Afternoon,Average,Type_B,Low,221,Op07,B03,48319.0
PP007238,160.9,4.3,11.5,24.3,35.3,85.3,64.0,Matte,Morning,Good,Type_A,Low,345,Op06,B06,74201.3
PP007239,111.9,15.0,8.7,29.2,84.8,97.2,35.4,Matte,Morning,Average,Type_D,Low,99,Op10,B09,26973.7
PP007240,118.5,2.4,8.5,18.2,37.5,84.7,38.8,Cardstock,Morning,Good,Type_B,Medium,301,Op08,B01,50239.4
PP007241,101.3,8.3,14.1,26.7,52.7,,24.2,Cardstock,Morning,Average,Type_B,High,93,Op09,B11,55782.9
PP007242,116.2,7.6,17.2,21.4,44.7,65.7,48.2,Matte,Afternoon,Good,Type_A,High,200,Op05,B20,102168.0
PP007243,99.6,1.0,17.6,,46.9,84.5,37.4,Standard,Morning,Good,Type_D,High,301,Op10,B07,94647.1
PP007244,128.2,4.4,6.7,27.0,23.6,93.7,10.0,Standard,Night,Good,Type_B,Medium,91,Op02,B03,48763.9
PP007245,96.5,11.8,5.8,23.7,66.1,91.2,79.8,Matte,Morning,Good,Type_A,High,339,Op10,B02,23340.6
PP007246,95.2,12.3,18.4,27.3,64.3,86.6,42.0,Glossy,Afternoon,Good,Type_C,High,271,Op09,B05,70932.0
PP007247,113.8,3.0,6.2,,45.6,97.3,36.0,Cardstock,Night,Average,Type_B,High,56,Op03,B07,33384.7
PP007248,135.2,7.8,10.4,18.4,53.6,83.7,40.4,Standard,Morning,Average,Type_A,Low,133,Op04,B13,70987.5
PP007249,132.7,1.0,22.5,31.0,32.3,93.3,34.1,Standard,Afternoon,Good,Type_A,Medium,319,Op05,B13,153553.7
PP007250,153.1,4.9,9.1,24.6,28.3,14.9,43.4,Standard,Morning,Average,Type_B,High,278,Op07,B01,33276.6
PP007251,138.4,11.9,10.1,25.0,57.2,98.5,22.5,Matte,Night,Average,Type_C,Low,89,Op10,B01,61199.1
PP007252,125.2,1.5,6.9,28.8,50.4,85.4,41.9,Cardstock,Night,Average,Type_B,High,2,Op10,B14,42190.8
PP007253,116.9,4.7,8.1,23.5,23.5,81.4,17.2,Standard,Afternoon,Good,Type_A,Low,324,Op10,B14,46624.7
PP007254,130.0,1.2,11.7,28.5,56.3,93.6,48.4,Standard,Morning,Poor,Type_A,High,178,Op08,B13,77671.4
PP007255,32.2,0.2,9.7,26.4,43.8,84.2,78.5,Cardstock,Afternoon,Good,Type_D,Medium,106,Op07,B06,9606.2
PP007256,121.4,1.3,8.0,25.1,68.7,80.1,16.2,Cardstock,Afternoon,Average,Type_C,High,57,Op10,B02,50777.5
PP007257,121.2,11.9,5.9,20.7,26.7,86.7,50.4,Glossy,Afternoon,Good,Type_B,Medium,217,Op03,B11,32658.8
PP007258,153.2,0.8,10.4,26.0,44.0,99.4,16.8,Matte,Morning,Average,Type_A,High,290,Op08,B14,94964.9
PP007259,94.3,0.7,10.5,34.8,41.6,97.9,35.4,Glossy,Morning,Average,Type_A,High,329,Op10,B14,48070.4
PP007260,121.6,4.3,9.2,27.2,47.1,77.5,17.1,Glossy,Morning,Average,Type_C,Medium,71,Op10,B01,60841.9
PP007261,180.0,0.8,17.2,,33.6,96.2,29.0,Glossy,Afternoon,Good,Type_C,Medium,331,Op02,B02,101290.5
PP007262,121.6,0.6,8.7,19.1,60.2,8.2,41.3,Cardstock,Morning,Good,Type_A,Medium,331,Op02,B13,25225.5
PP007263,78.3,3.7,9.5,29.1,81.5,88.2,25.0,Standard,Afternoon,Good,Type_C,Medium,170,Op04,B08,34549.7
PP007264,160.9,3.7,17.7,23.4,42.5,78.7,24.0,Glossy,Afternoon,Good,Type_A,Medium,43,Op04,B08,138617.8
PP007265,115.7,1.2,10.3,27.0,,14.4,44.8,Matte,Afternoon,Average,Type_D,Medium,251,Op03,B19,25959.7
PP007266,114.5,3.5,7.6,22.7,45.6,93.9,29.8,Standard,Night,Good,Type_C,High,180,Op03,B01,51047.0
PP007267,115.9,1.8,8.8,27.8,51.3,8.5,38.2,Glossy,Afternoon,Good,Type_B,Medium,354,Op02,B12,27509.1
PP007268,155.1,15.0,11.8,28.7,47.2,86.7,53.0,Cardstock,Night,Average,Type_A,Low,313,Op07,B13,44150.7
PP007269,153.5,2.1,6.0,23.1,29.2,,31.5,Standard,Afternoon,Good,Type_A,Low,1,Op03,B14,39207.0
PP007270,93.9,1.8,16.3,31.8,63.1,77.1,40.3,Glossy,Morning,Good,Type_D,Medium,237,Op08,B19,71161.6
PP007271,87.0,15.0,7.5,22.1,42.0,97.1,78.6,Glossy,Night,Poor,Type_A,High,48,Op06,B12,12609.3
PP007272,66.6,9.2,12.6,24.8,43.1,,56.1,Standard,Morning,Average,Type_A,High,82,Op02,B02,38166.4
PP007273,91.4,1.4,11.8,20.7,40.6,90.9,40.9,Standard,Morning,Good,Type_B,High,156,Op08,B19,62103.9
PP007274,96.4,15.0,11.0,19.1,62.1,,21.1,Matte,Afternoon,Poor,Type_B,Medium,173,Op10,B20,22164.3
PP007275,60.7,9.3,7.5,24.1,64.7,89.9,48.3,Cardstock,Morning,Average,Type_A,Medium,323,Op10,B03,16982.4
PP007276,114.9,2.8,6.7,21.1,45.4,91.0,15.6,Standard,Night,Good,Type_C,Medium,265,Op06,B06,45846.9
PP007277,107.7,0.3,19.3,,58.8,90.4,54.9,Matte,Afternoon,Average,Type_B,Low,44,Op07,B14,91683.4
PP007278,146.0,1.4,16.6,30.6,41.9,80.4,32.8,Standard,Morning,Good,Type_D,High,35,Op07,B06,147462.8
PP007279,173.0,7.8,13.3,28.9,54.7,73.1,25.6,Matte,Night,Good,Type_C,Low,230,Op10,B13,57814.3
PP007280,70.7,5.1,5.5,17.5,35.5,63.5,40.2,Cardstock,Night,Good,Type_A,Medium,265,Op02,B12,13406.9
PP007281,99.6,5.1,10.7,20.9,43.7,80.7,34.9,Glossy,Morning,Average,Type_A,Low,205,Op02,B16,48844.4
PP007282,103.0,0.0,18.7,16.8,77.6,81.6,33.6,Standard,Afternoon,Good,Type_B,Medium,170,Op07,B20,86384.3
PP007283,156.9,4.5,12.3,23.5,,97.2,25.6,Matte,Night,Good,Type_B,High,120,Op09,B11,105965.9
PP007284,160.8,1.5,6.1,26.6,27.7,82.1,25.5,Glossy,Morning,Good,Type_B,Medium,203,Op10,B09,48896.4
PP007285,63.6,0.3,15.6,27.2,50.4,82.2,40.8,Standard,Afternoon,Good,Type_C,Medium,293,Op02,B20,46296.9
PP007286,123.0,5.1,13.0,25.1,63.1,85.9,45.5,Glossy,Morning,Good,Type_D,Medium,59,Op08,B13,86272.5
PP007287,82.0,1.4,12.3,28.4,53.1,57.9,50.3,Cardstock,Morning,Good,Type_A,Medium,58,Op04,B07,45440.8
PP007288,149.0,4.6,7.0,25.1,64.0,84.5,56.7,Matte,Night,Good,Type_B,Low,74,Op04,B03,51529.2
PP007289,163.8,8.6,17.2,26.1,45.8,82.6,80.2,Standard,Morning,Average,Type_D,Low,235,Op09,B11,85808.2
PP007290,180.0,4.2,8.5,24.0,32.2,75.4,33.7,Matte,Afternoon,Poor,Type_B,Low,233,Op07,B17,23293.0
PP007291,64.2,12.1,11.8,21.3,82.0,15.1,30.0,Standard,Night,Poor,Type_B,Medium,80,Op09,B03,2177.2
PP007292,110.9,4.8,7.7,27.2,44.5,87.7,53.0,Standard,Morning,Good,Type_D,Low,216,Op09,B02,40776.3
PP007293,109.9,0.6,5.3,24.0,58.0,,68.6,Cardstock,Morning,Average,Type_B,Medium,110,Op09,B17,24332.1
PP007294,99.3,7.1,7.4,17.5,54.0,87.9,43.6,Glossy,Night,Good,Type_B,High,216,Op06,B07,34256.9
PP007295,146.9,12.4,5.3,19.2,57.3,88.7,29.3,Standard,Afternoon,Average,Type_B,Low,58,Op10,B01,34572.3
PP007296,119.9,1.1,8.2,18.8,44.0,83.7,10.2,Glossy,Morning,Good,Type_C,High,118,Op07,B17,59358.8
PP007297,78.3,8.7,8.3,29.9,61.1,47.0,44.0,Cardstock,Morning,Good,Type_B,Medium,144,Op04,B01,24459.2
PP007298,134.8,9.5,7.9,24.8,50.5,,22.2,Matte,Night,Good,Type_A,High,336,Op10,B07,59162.9
PP007299,164.0,6.0,16.4,28.8,56.5,88.0,33.1,Matte,Morning,Good,Type_D,Medium,276,Op09,B03,132825.4
PP007300,52.8,0.6,11.2,29.2,40.9,93.1,30.3,Cardstock,Afternoon,Poor,Type_A,Medium,340,Op01,B18,20250.9
PP007301,107.0,2.9,11.5,22.5,57.5,83.1,16.8,Cardstock,Night,Good,Type_A,High,348,Op09,B13,64510.4
PP007302,82.7,2.7,7.5,24.9,37.4,86.3,20.9,Glossy,Night,Poor,Type_C,High,179,Op10,B03,24581.3
PP007303,84.2,3.2,16.9,28.1,41.2,37.2,39.1,Matte,Morning,Good,Type_B,Medium,270,Op03,B18,58199.6
PP007304,111.1,0.0,12.0,25.0,52.1,9.5,13.1,Standard,Afternoon,Good,Type_C,Medium,99,Op07,B09,38484.2
PP007305,80.6,8.0,13.4,31.0,32.9,91.7,40.4,Matte,Morning,Average,Type_D,Low,3,Op05,B15,39291.8
PP007306,145.0,4.3,5.9,29.0,34.1,90.2,10.8,Standard,Night,Good,Type_C,High,8,Op06,B20,50927.6
PP007307,115.9,2.0,11.5,,49.9,78.0,25.5,Cardstock,Night,Good,Type_B,Low,286,Op01,B09,62894.4
PP007308,131.5,4.8,12.0,28.1,59.3,26.0,41.2,Standard,Morning,Poor,Type_A,Low,27,Op06,B11,48559.8
PP007309,120.8,1.5,11.1,32.3,49.3,76.7,47.5,Glossy,Morning,Good,Type_D,Medium,184,Op09,B11,67961.7
PP007310,89.6,3.2,3.9,22.2,53.5,89.3,18.4,Glossy,Afternoon,Good,Type_C,Low,293,Op03,B10,15813.9
PP007311,133.7,0.4,10.1,27.9,64.7,88.5,31.0,Glossy,Afternoon,Good,Type_C,Low,90,Op03,B05,67676.2
PP007312,119.7,1.9,5.2,21.2,30.2,94.2,104.1,Standard,Afternoon,Good,Type_B,High,274,Op01,B03,26139.2
PP007313,140.9,1.1,13.5,24.4,61.5,70.6,42.0,Cardstock,Morning,Average,Type_A,Medium,352,Op06,B14,94887.6
PP007314,107.9,1.1,9.3,20.6,53.4,95.8,56.7,Standard,Morning,Good,Type_A,Medium,308,Op03,B03,55476.7
PP007315,99.1,3.5,10.0,27.4,60.5,79.0,26.7,Glossy,Night,Good,Type_D,Low,283,Op09,B04,42943.3
PP007316,135.2,0.8,6.5,24.0,27.2,96.6,22.5,Glossy,Night,Good,Type_A,Medium,209,Op01,B12,47286.1
PP007317,109.3,1.9,9.9,22.6,36.0,95.7,66.2,Cardstock,Night,Average,Type_D,Medium,69,Op05,B03,42975.1
PP007318,98.9,15.0,9.2,25.8,21.6,71.2,20.2,Standard,Morning,Average,Type_A,Medium,161,Op05,B19,34048.0
PP007319,98.0,0.3,15.6,27.5,42.4,97.3,20.7,Standard,Night,Poor,Type_B,Low,298,Op02,B02,63063.8
PP007320,180.0,7.2,7.0,22.0,28.7,73.7,51.8,Glossy,Morning,Average,Type_C,Medium,163,Op08,B11,38812.7
PP007321,180.0,0.1,9.1,27.5,78.9,99.0,37.5,Matte,Night,Average,Type_C,Low,67,Op08,B02,25181.1
PP007322,92.1,0.0,15.4,,55.2,92.0,35.2,Cardstock,Night,Poor,Type_C,Low,199,Op06,B13,38330.8
PP007323,147.6,0.6,13.6,23.8,55.6,93.7,36.0,Standard,Morning,Good,Type_B,Medium,108,Op06,B08,120962.1
PP007324,100.6,3.9,9.4,15.3,61.6,81.2,21.9,Standard,Afternoon,Good,Type_A,Medium,175,Op07,B13,48580.7
PP007325,108.0,4.0,12.7,21.3,45.2,93.0,17.9,Standard,Night,Average,Type_A,Low,330,Op07,B17,68853.3
PP007326,99.8,8.4,16.0,20.7,53.2,96.2,39.7,Standard,Night,Average,Type_B,Low,139,Op04,B02,65692.7
PP007327,104.1,7.0,8.1,24.1,50.8,78.3,43.6,Standard,Morning,Average,Type_B,Medium,170,Op09,B04,42333.7
PP007328,161.6,1.4,9.2,25.4,41.0,72.2,43.2,Standard,Afternoon,Good,Type_A,Medium,360,Op09,B07,80546.8
PP007329,84.3,15.0,18.1,23.9,42.3,96.2,94.7,Cardstock,Night,Average,Type_B,Medium,60,Op05,B16,32495.9
PP007330,108.2,4.5,15.6,23.5,50.1,96.8,86.4,Cardstock,Night,Good,Type_D,Low,142,Op08,B03,66432.1
PP007331,108.4,1.8,8.4,29.8,39.6,96.0,45.0,Standard,Afternoon,Poor,Type_C,Low,81,Op04,B08,36704.2
PP007332,149.9,7.4,14.2,25.8,69.0,97.6,20.7,Matte,Afternoon,Good,Type_A,Medium,87,Op10,B18,126715.7
PP007333,78.3,10.2,16.4,21.7,54.4,89.8,23.7,Standard,Morning,Good,Type_A,High,170,Op07,B16,65365.1
PP007334,94.1,1.9,13.4,17.1,38.6,29.6,20.7,Glossy,Morning,Average,Type_A,Medium,278,Op02,B19,42398.6
PP007335,89.1,2.4,16.3,17.5,53.9,96.5,54.4,Glossy,Night,Good,Type_B,Medium,132,Op08,B05,65848.3
PP007336,106.4,0.5,6.4,24.2,60.7,69.4,39.8,Glossy,Morning,Average,Type_A,Medium,3,Op06,B16,32749.5
PP007337,106.8,6.6,16.0,20.7,44.6,84.8,15.1,Standard,Night,Good,Type_B,Medium,102,Op08,B15,92640.5
PP007338,108.6,6.5,7.2,18.3,35.7,89.0,68.6,Standard,Afternoon,Average,Type_C,Medium,76,Op10,B10,33465.7
PP007339,114.8,3.8,15.7,26.9,51.7,95.6,33.5,Standard,Night,Average,Type_C,High,252,Op06,B08,95875.8
PP007340,117.8,7.9,12.4,19.3,38.9,97.4,93.1,Matte,Afternoon,Good,Type_B,Medium,354,Op08,B05,65638.6
PP007341,134.4,7.8,11.9,33.9,59.7,96.7,42.5,Standard,Morning,Good,Type_D,Medium,301,Op07,B03,88503.3
PP007342,139.4,0.8,7.5,21.6,52.3,74.2,29.4,Cardstock,Night,Good,Type_A,Low,168,Op03,B13,49638.9
PP007343,104.5,4.7,7.3,24.9,55.4,78.1,60.6,Cardstock,Morning,Good,Type_C,High,154,Op01,B17,35857.9
PP007344,148.8,2.7,19.0,21.9,43.3,87.8,35.9,Matte,Afternoon,Good,Type_C,Medium,115,Op06,B09,152513.1
PP007345,151.2,6.2,13.2,24.4,,83.0,36.4,Standard,Night,Poor,Type_D,Medium,225,Op07,B12,82214.4
PP007346,116.8,15.0,11.2,28.7,44.0,70.7,19.8,Standard,Morning,Good,Type_B,Medium,143,Op09,B08,61493.8
PP007347,91.4,9.0,7.1,24.4,25.8,60.2,42.3,Matte,Afternoon,Poor,Type_D,Medium,46,Op02,B11,17577.7
PP007348,78.1,1.3,14.4,22.6,57.9,91.1,30.7,Standard,Morning,Good,Type_A,Medium,231,Op03,B17,61955.8
PP007349,120.3,0.4,9.7,29.6,,61.3,21.9,Glossy,Afternoon,Good,Type_A,Low,272,Op03,B05,55034.4
PP007350,122.1,3.4,12.2,35.4,55.5,94.1,34.1,Standard,Morning,Good,Type_A,Medium,224,Op10,B06,86199.9
PP007351,161.1,0.2,15.5,32.3,39.2,78.9,42.3,Cardstock,Night,Average,Type_C,High,246,Op02,B12,99574.1
PP007352,131.3,3.8,11.7,40.0,64.5,94.7,25.1,Glossy,Night,Average,Type_A,High,114,Op07,B11,66854.0
PP007353,156.2,4.8,11.8,24.2,37.7,94.6,26.6,Matte,Morning,Good,Type_C,Medium,237,Op05,B03,98804.2
PP007354,56.1,3.4,8.2,22.4,63.8,93.0,25.4,Glossy,Night,Good,Type_C,High,214,Op01,B09,21466.9
PP007355,56.5,2.3,8.1,27.5,37.6,87.4,19.4,Glossy,Afternoon,Good,Type_A,Medium,99,Op03,B05,21454.4
PP007356,113.3,3.8,10.3,25.9,52.1,82.6,27.0,Matte,Morning,Good,Type_D,Medium,42,Op08,B03,65233.8
PP007357,136.0,1.2,13.7,26.6,33.7,82.7,21.1,Cardstock,Night,Good,Type_A,High,219,Op05,B17,100050.9
PP007358,77.5,0.8,12.3,29.5,62.5,85.9,31.7,Standard,Afternoon,Good,Type_A,Medium,329,Op02,B05,48853.9
PP007359,95.7,15.0,13.7,21.8,62.7,42.3,67.6,Glossy,Morning,Poor,Type_C,Medium,266,Op02,B11,12634.8
PP007360,133.1,11.8,12.2,22.5,53.6,87.8,30.7,Glossy,Night,Good,Type_B,Medium,208,Op06,B19,84929.9
PP007361,143.2,1.3,16.4,30.4,41.8,88.5,28.0,Matte,Afternoon,Good,Type_B,High,29,Op07,B19,141170.0
PP007362,109.4,2.8,14.6,27.1,47.5,52.3,52.8,Cardstock,Morning,Good,Type_D,Medium,139,Op02,B10,73483.4
PP007363,95.2,5.9,17.8,26.4,45.4,82.5,30.1,Matte,Afternoon,Average,Type_C,High,185,Op06,B11,82823.0
PP007364,83.9,0.4,20.1,26.1,60.5,94.5,23.5,Glossy,Morning,Good,Type_B,Low,125,Op10,B17,74231.0
PP007365,96.6,3.5,6.1,27.5,53.7,84.3,43.2,Matte,Afternoon,Average,Type_A,Medium,4,Op05,B12,28671.8
PP007366,108.6,13.1,7.3,20.9,42.9,31.1,31.8,Standard,Night,Average,Type_A,Medium,106,Op09,B07,23916.3
PP007367,85.2,6.5,14.7,26.3,49.2,83.1,31.5,Glossy,Afternoon,Good,Type_A,Medium,82,Op04,B20,62050.9
PP007368,126.8,0.1,9.6,24.1,49.8,95.1,32.8,Standard,Morning,Good,Type_B,High,47,Op06,B10,77889.9
PP007369,71.2,8.3,18.5,15.7,50.1,96.9,78.2,Standard,Night,Average,Type_A,Medium,107,Op04,B12,43561.2
PP007370,177.5,13.2,8.3,19.0,,89.6,37.7,Glossy,Morning,Average,Type_A,High,131,Op09,B06,49144.7
PP007371,30.0,4.9,12.1,26.8,48.2,91.4,70.6,Glossy,Afternoon,Good,Type_C,Low,150,Op10,B16,10868.7
PP007372,108.1,4.4,14.0,27.2,68.3,50.6,10.0,Glossy,Afternoon,Good,Type_B,Medium,309,Op03,B19,72138.6
PP007373,112.0,1.0,12.7,25.7,47.8,70.3,31.0,Glossy,Night,Poor,Type_B,Medium,238,Op02,B10,58165.4
PP007374,103.6,1.2,16.7,24.8,58.2,81.0,56.5,Cardstock,Afternoon,Good,Type_C,High,148,Op08,B17,82315.1
PP007375,36.7,4.2,19.8,23.0,67.4,86.0,21.2,Standard,Night,Average,Type_C,High,72,Op09,B11,23926.8
PP007376,81.2,9.3,8.6,33.0,55.9,89.0,41.9,Cardstock,Morning,Poor,Type_B,High,153,Op10,B04,22034.1
PP007377,164.4,1.9,10.1,22.2,45.8,73.4,64.1,Matte,Night,Good,Type_B,Medium,38,Op06,B07,77939.3
PP007378,104.0,1.3,9.6,23.6,57.8,70.8,46.3,Standard,Morning,Good,Type_A,Medium,267,Op01,B15,54761.7
PP007379,176.9,4.4,5.9,23.5,64.7,85.6,53.8,Standard,Night,Good,Type_A,Medium,292,Op05,B20,43411.6
PP007380,144.1,2.1,5.7,28.0,29.6,80.2,33.2,Standard,Morning,Good,Type_A,Low,5,Op07,B03,43237.9
PP007381,87.6,6.2,17.7,29.3,39.5,82.0,20.2,Standard,Night,Poor,Type_A,Low,96,Op01,B15,50974.1
PP007382,77.0,15.0,15.5,20.6,64.6,92.3,57.4,Cardstock,Morning,Poor,Type_B,High,30,Op01,B16,20410.1
PP007383,145.3,3.0,7.7,17.4,55.9,63.4,37.6,Glossy,Afternoon,Good,Type_D,Medium,313,Op10,B12,55504.6
PP007384,142.5,0.7,11.3,15.0,50.5,82.9,15.2,Matte,Night,Poor,Type_B,Medium,170,Op02,B09,70430.5
PP007385,152.1,0.2,8.2,24.4,57.0,60.0,26.4,Standard,Morning,Good,Type_A,Medium,225,Op10,B18,70396.6
PP007386,180.0,4.0,15.2,28.0,25.8,88.3,24.4,Standard,Night,Average,Type_D,Medium,12,Op10,B15,92265.0
PP007387,134.0,1.8,8.6,29.9,25.6,89.3,20.2,Standard,Afternoon,Poor,Type_B,Medium,310,Op09,B14,53735.4
PP007388,143.0,13.6,11.8,29.8,69.9,82.8,29.6,Matte,Morning,Poor,Type_B,Medium,332,Op10,B04,49170.1
PP007389,99.4,8.6,9.9,26.6,39.0,87.9,46.7,Standard,Morning,Good,Type_C,High,342,Op10,B08,51886.9
PP007390,169.8,4.4,12.4,24.8,41.4,90.7,22.2,Glossy,Morning,Good,Type_B,Medium,167,Op07,B15,110044.0
PP007391,68.7,5.0,9.4,26.3,53.4,86.6,12.2,Matte,Night,Good,Type_D,High,239,Op10,B09,31297.3
PP007392,56.3,5.6,6.9,29.9,59.9,61.8,19.5,Cardstock,Afternoon,Good,Type_B,Medium,107,Op09,B02,15546.0
PP007393,125.0,3.3,6.2,19.2,,97.2,29.6,Cardstock,Night,Good,Type_D,Low,124,Op01,B19,34283.5
PP007394,138.8,2.9,6.1,32.2,48.1,89.7,82.0,Standard,Morning,Good,Type_A,Medium,82,Op06,B15,41451.1
PP007395,115.6,1.9,8.9,22.0,45.8,77.4,48.0,Standard,Afternoon,Good,Type_A,Medium,98,Op09,B05,56876.1
PP007396,65.9,15.0,5.8,21.1,74.4,98.8,47.5,Matte,Morning,Average,Type_B,Low,147,Op09,B14,9866.9
PP007397,72.7,3.1,11.7,18.8,67.1,79.7,26.7,Standard,Night,Good,Type_D,Low,268,Op05,B14,35011.5
PP007398,143.1,6.0,6.3,26.2,38.1,77.7,41.8,Standard,Morning,Good,Type_B,High,327,Op08,B10,52874.3
PP007399,102.9,1.7,19.3,22.9,62.4,97.8,72.4,Standard,Afternoon,Good,Type_C,High,4,Op08,B17,99716.0
PP007400,85.2,2.1,11.0,16.1,63.7,10.2,47.4,Standard,Night,Good,Type_D,Low,304,Op03,B14,9323.7
PP007401,141.5,2.2,11.4,25.0,42.6,76.6,54.5,Standard,Afternoon,Good,Type_A,Medium,360,Op10,B20,92309.8
PP007402,172.7,0.6,7.4,19.5,48.2,82.7,25.1,Standard,Night,Good,Type_C,High,365,Op09,B06,64350.8
PP007403,110.9,14.3,8.2,22.7,49.7,85.1,41.4,Glossy,Night,Average,Type_D,Medium,326,Op01,B11,34512.4
PP007404,180.0,6.7,8.2,25.4,57.4,24.6,37.8,Glossy,Afternoon,Average,Type_B,High,324,Op06,B16,13062.3
PP007405,109.4,2.0,12.2,17.9,,87.5,82.2,Standard,Night,Good,Type_D,Medium,222,Op04,B02,61455.0
PP007406,89.7,7.6,8.2,29.7,62.5,95.0,16.8,Standard,Night,Average,Type_C,Medium,295,Op08,B17,33817.7
PP007407,115.8,2.2,8.8,30.8,,82.0,31.1,Standard,Morning,Good,Type_A,Medium,364,Op03,B11,57532.0
PP007408,75.1,7.6,13.1,21.0,,49.8,49.8,Standard,Morning,Average,Type_D,Medium,242,Op03,B10,39124.8
PP007409,86.3,5.5,9.7,25.4,,99.5,16.9,Standard,Morning,Average,Type_B,Medium,284,Op01,B19,44068.7
PP007410,142.6,11.6,11.2,30.7,49.7,75.4,31.4,Standard,Night,Poor,Type_A,Low,267,Op10,B17,53736.3
PP007411,131.9,9.9,5.1,23.8,38.2,84.0,24.8,Standard,Night,Average,Type_B,High,235,Op07,B13,34355.1
PP007412,107.1,10.0,6.4,23.7,59.3,,33.7,Standard,Afternoon,Average,Type_C,Medium,76,Op03,B20,32372.9
PP007413,90.9,1.5,10.1,24.8,62.6,93.4,47.3,Cardstock,Afternoon,Good,Type_C,Medium,284,Op04,B14,42376.5
PP007414,102.5,1.1,6.9,24.4,67.2,82.7,49.7,Standard,Night,Good,Type_D,Medium,84,Op10,B01,34969.5
PP007415,180.0,12.5,13.2,30.2,52.1,97.0,15.7,Standard,Night,Poor,Type_B,Medium,175,Op05,B05,39305.8
PP007416,158.4,0.7,15.4,,63.9,83.4,13.7,Matte,Night,Average,Type_B,Medium,311,Op05,B20,119478.7
PP007417,76.9,5.6,17.2,20.4,62.5,,56.8,Standard,Afternoon,Good,Type_C,Low,159,Op07,B13,54741.7
PP007418,130.1,0.3,9.7,27.9,58.8,22.6,22.2,Glossy,Night,Good,Type_A,Medium,79,Op07,B05,43136.4
PP007419,114.1,6.4,6.5,21.4,46.8,76.3,17.2,Glossy,Night,Good,Type_C,High,25,Op09,B07,39207.6
PP007420,103.1,1.1,20.0,26.7,44.4,96.4,17.1,Matte,Morning,Good,Type_C,High,72,Op04,B14,112677.8
PP007421,141.0,0.3,9.1,21.3,33.5,81.2,70.2,Standard,Night,Average,Type_C,Medium,110,Op02,B18,62038.4
PP007422,109.4,0.9,17.6,28.1,50.8,61.4,15.0,Cardstock,Afternoon,Good,Type_C,Medium,204,Op10,B14,88009.7
PP007423,116.6,0.3,7.1,28.9,39.8,71.3,41.3,Cardstock,Morning,Good,Type_D,High,324,Op08,B08,38931.4
PP007424,166.3,1.9,11.0,23.9,47.0,88.2,34.8,Glossy,Morning,Good,Type_C,High,327,Op07,B17,96279.7
PP007425,119.4,4.1,16.4,24.7,59.4,86.0,51.0,Cardstock,Night,Average,Type_D,High,52,Op10,B09,88741.6
PP007426,164.9,5.4,8.8,31.4,46.5,93.6,59.9,Standard,Night,Average,Type_B,Medium,33,Op05,B05,67159.7
PP007427,85.2,0.3,10.0,18.1,39.2,79.5,31.0,Matte,Night,Average,Type_A,Medium,253,Op08,B01,37897.7
PP007428,144.9,2.1,10.7,27.5,42.2,85.4,24.2,Glossy,Night,Good,Type_C,Medium,195,Op05,B11,84025.4
PP007429,152.6,3.8,8.4,28.2,39.3,89.0,16.5,Standard,Night,Good,Type_B,Medium,299,Op06,B12,73664.7
PP007430,141.5,2.4,13.5,27.0,62.0,79.0,33.6,Matte,Afternoon,Good,Type_A,Medium,29,Op01,B16,108625.5
PP007431,104.8,15.0,12.8,24.0,69.4,74.7,32.0,Standard,Afternoon,Average,Type_B,Low,124,Op09,B03,44451.0
PP007432,175.4,3.1,7.8,,50.5,92.4,34.2,Cardstock,Night,Good,Type_B,Low,30,Op08,B12,32944.9
PP007433,97.9,0.9,11.8,20.3,36.9,80.9,18.1,Cardstock,Night,Good,Type_D,High,161,Op05,B03,56100.2
PP007434,147.5,4.4,21.5,29.7,57.5,,49.8,Cardstock,Morning,Good,Type_B,Medium,253,Op10,B17,155823.2
PP007435,122.3,1.4,4.9,24.6,50.6,89.0,25.0,Standard,Morning,Good,Type_B,Low,297,Op01,B01,33274.2
PP007436,76.6,5.5,12.3,20.0,47.2,80.3,44.2,Standard,Afternoon,Good,Type_B,High,265,Op03,B02,48210.9
PP007437,85.5,3.6,10.3,23.8,49.8,70.1,29.3,Standard,Morning,Average,Type_B,Low,21,Op03,B13,39814.6
PP007438,125.1,4.7,9.1,33.9,42.8,87.1,41.6,Glossy,Afternoon,Average,Type_B,Medium,55,Op03,B15,55741.5
PP007439,110.7,4.7,8.1,27.3,68.3,79.5,24.1,Glossy,Night,Good,Type_D,Medium,139,Op01,B16,44662.0
PP007440,130.1,1.3,13.3,15.0,59.3,87.9,31.0,Standard,Morning,Good,Type_B,Medium,149,Op02,B08,95208.4
PP007441,70.7,7.0,7.9,25.3,52.5,99.4,59.3,Standard,Night,Average,Type_A,Medium,86,Op02,B13,25034.7
PP007442,139.9,0.6,8.0,20.1,43.0,91.9,24.2,Standard,Morning,Good,Type_C,Medium,210,Op04,B04,66859.6
PP007443,117.9,1.2,8.8,25.5,53.9,85.4,28.1,Glossy,Afternoon,Good,Type_B,Medium,219,Op04,B13,58104.2
PP007444,143.4,2.9,15.1,24.4,46.2,93.8,23.3,Standard,Afternoon,Good,Type_D,Low,269,Op03,B16,117085.7
PP007445,94.3,15.0,7.1,19.7,42.5,64.5,64.0,Standard,Night,Poor,Type_D,High,356,Op05,B12,11982.6
PP007446,149.6,0.3,11.6,24.4,54.4,60.2,28.2,Cardstock,Afternoon,Good,Type_A,Medium,341,Op04,B19,92008.4
PP007447,78.2,13.4,16.1,32.1,49.4,84.5,44.1,Matte,Night,Average,Type_A,Low,148,Op07,B09,32064.9
PP007448,69.4,0.0,11.7,26.7,32.0,86.7,77.2,Standard,Afternoon,Good,Type_D,Low,305,Op02,B04,32371.5
PP007449,119.6,0.7,6.4,19.9,25.8,86.5,18.2,Standard,Night,Average,Type_C,High,40,Op06,B20,39765.7
PP007450,131.5,7.5,9.0,31.9,45.0,98.1,35.6,Standard,Afternoon,Good,Type_C,Medium,139,Op03,B18,65738.4
PP007451,88.4,2.0,22.7,30.5,42.9,60.2,20.5,Matte,Morning,Average,Type_C,Low,345,Op07,B10,64897.7
PP007452,120.6,5.2,7.6,22.8,40.0,95.0,29.0,Matte,Afternoon,Average,Type_B,Medium,32,Op06,B13,50039.5
PP007453,91.7,3.6,7.5,18.1,41.0,95.4,48.7,Standard,Afternoon,Poor,Type_D,Low,19,Op02,B04,25123.1
PP007454,106.2,4.3,16.5,18.5,34.4,82.3,39.4,Glossy,Night,Average,Type_A,Medium,73,Op08,B12,79963.4
PP007455,140.9,6.5,15.8,26.7,53.3,94.3,22.5,Glossy,Morning,Good,Type_C,High,307,Op06,B12,128560.1
PP007456,94.1,1.5,17.1,20.6,59.0,40.5,67.1,Glossy,Night,Good,Type_C,Low,64,Op03,B19,47699.3
PP007457,140.3,0.5,11.4,23.7,41.0,89.6,20.5,Matte,Night,Average,Type_C,Medium,304,Op03,B19,84600.9
PP007458,132.8,0.7,8.9,32.1,48.5,80.6,39.2,Standard,Night,Good,Type_D,High,84,Op10,B08,64716.6
PP007459,147.4,15.0,7.3,24.9,67.9,30.4,48.1,Glossy,Morning,Poor,Type_C,Medium,316,Op04,B06,14791.2
PP007460,125.2,2.1,13.5,20.7,56.8,80.9,43.2,Glossy,Morning,Good,Type_A,High,329,Op01,B04,100989.9
PP007461,153.1,2.4,7.6,15.6,41.9,82.7,18.4,Standard,Night,Average,Type_A,Low,102,Op07,B01,45848.4
PP007462,95.8,15.0,11.9,,32.2,85.9,31.9,Standard,Afternoon,Average,Type_A,High,250,Op10,B08,46110.1
PP007463,109.7,1.3,13.8,23.8,52.1,82.6,34.9,Glossy,Morning,Good,Type_C,Medium,172,Op03,B18,81074.3
PP007464,125.9,0.8,13.3,29.2,66.7,79.7,32.7,Standard,Afternoon,Good,Type_A,High,172,Op03,B16,94668.6
PP007465,88.7,15.0,11.8,24.3,61.1,92.7,53.1,Glossy,Afternoon,Good,Type_B,Low,204,Op09,B11,35618.1
PP007466,110.4,3.1,7.2,22.3,83.8,81.8,50.1,Standard,Afternoon,Average,Type_B,High,12,Op04,B10,36638.6
PP007467,118.6,7.3,10.6,29.0,49.1,55.1,69.2,Matte,Morning,Good,Type_B,Low,13,Op07,B12,55303.6
PP007468,85.7,1.2,5.3,24.7,63.5,13.2,49.0,Standard,Night,Average,Type_C,Medium,64,Op10,B14,8081.3
PP007469,98.4,1.7,10.2,29.3,50.4,82.1,27.9,Standard,Afternoon,Good,Type_B,High,256,Op02,B04,59093.0
PP007470,147.2,3.0,14.9,15.5,60.6,83.1,36.5,Cardstock,Afternoon,Average,Type_B,Medium,220,Op03,B12,101222.2
PP007471,117.3,7.8,9.3,22.3,35.0,95.3,48.4,Standard,Afternoon,Average,Type_C,Medium,233,Op02,B18,54242.4
PP007472,54.0,7.6,21.0,26.3,59.8,88.6,29.2,Cardstock,Morning,Good,Type_A,High,160,Op10,B10,43245.4
PP007473,140.1,1.7,12.8,24.1,68.4,98.3,60.6,Standard,Morning,Average,Type_B,High,75,Op08,B18,102536.4
PP007474,91.7,0.8,13.6,27.5,76.7,75.9,27.1,Standard,Morning,Good,Type_B,Medium,80,Op09,B18,67904.8
PP007475,137.5,7.1,8.3,18.3,62.7,96.3,30.2,Standard,Afternoon,Average,Type_D,Low,260,Op02,B02,53772.0
PP007476,92.1,0.4,6.2,25.6,66.2,96.0,34.9,Standard,Morning,Average,Type_D,Medium,314,Op06,B08,28843.5
PP007477,126.4,2.4,7.0,20.1,40.8,86.2,76.9,Matte,Morning,Good,Type_B,High,225,Op02,B20,46145.8
PP007478,120.6,5.2,7.5,,47.1,77.5,46.9,Cardstock,Night,Average,Type_A,Low,76,Op10,B18,35962.9
PP007479,114.3,1.0,21.0,,40.1,19.8,26.3,Standard,Afternoon,Good,Type_B,Medium,14,Op01,B06,66721.1
PP007480,139.9,6.4,5.1,25.3,59.9,78.5,24.2,Matte,Afternoon,Average,Type_A,Medium,22,Op01,B09,39366.3
PP007481,112.7,2.4,10.8,19.9,57.1,77.4,39.5,Standard,Afternoon,Poor,Type_B,Medium,177,Op03,B06,55819.2
PP007482,125.2,1.7,7.8,29.9,57.8,86.9,37.8,Standard,Morning,Good,Type_A,High,250,Op08,B05,57817.8
PP007483,149.8,0.5,21.9,27.1,54.9,77.7,26.8,Matte,Morning,Good,Type_C,Medium,278,Op01,B09,177135.4
PP007484,134.8,4.7,12.3,19.0,68.7,78.7,37.7,Matte,Afternoon,Average,Type_B,Medium,119,Op07,B08,83911.0
PP007485,104.5,3.1,16.7,31.1,24.8,83.5,28.8,Matte,Afternoon,Good,Type_A,Medium,129,Op04,B06,87935.8
PP007486,64.8,10.0,7.3,16.2,47.4,80.0,25.0,Standard,Night,Good,Type_B,Medium,125,Op02,B06,19988.5
PP007487,90.5,3.5,13.2,27.3,44.3,86.8,56.0,Standard,Night,Good,Type_B,Low,5,Op07,B04,54839.0
PP007488,105.9,0.2,11.0,27.9,40.5,73.0,50.0,Standard,Afternoon,Good,Type_B,High,143,Op10,B17,62241.1
PP007489,147.2,0.1,11.3,23.2,39.4,79.9,19.6,Standard,Night,Good,Type_C,High,77,Op02,B15,100000.6
PP007490,156.1,3.0,8.8,25.2,37.5,71.3,32.2,Glossy,Night,Good,Type_A,Medium,30,Op01,B18,69411.3
PP007491,110.8,6.4,20.0,23.6,51.8,82.4,75.2,Standard,Night,Average,Type_A,Medium,32,Op09,B02,97575.9
PP007492,139.7,5.6,6.0,19.3,63.1,68.1,33.9,Cardstock,Night,Average,Type_A,Medium,87,Op06,B20,35790.4
PP007493,120.2,2.3,12.8,23.1,38.3,76.5,13.8,Matte,Afternoon,Good,Type_D,Medium,322,Op08,B14,84418.0
PP007494,58.5,9.9,8.1,30.6,49.8,96.8,34.5,Standard,Night,Poor,Type_A,Medium,228,Op05,B18,14096.2
PP007495,160.5,2.1,10.8,28.9,70.6,74.4,54.8,Matte,Afternoon,Good,Type_C,Medium,48,Op05,B08,76216.9
PP007496,144.0,1.2,19.1,22.2,66.2,98.5,33.6,Cardstock,Night,Good,Type_C,Low,148,Op05,B11,124124.8
PP007497,110.6,12.1,8.9,,44.2,5.0,24.1,Glossy,Morning,Good,Type_A,Medium,80,Op10,B17,21446.8
PP007498,91.0,0.8,8.4,27.3,51.1,76.8,27.4,Standard,Afternoon,Average,Type_C,High,121,Op07,B14,40709.9
PP007499,118.4,1.1,6.2,29.3,46.3,,44.4,Matte,Afternoon,Good,Type_C,High,68,Op09,B01,39681.7
PP007500,125.2,0.1,18.5,23.5,,71.9,29.8,Glossy,Night,Average,Type_A,Low,336,Op08,B15,94248.4
PP007501,121.2,1.4,17.8,22.7,58.0,92.7,46.4,Standard,Afternoon,Average,Type_A,High,151,Op01,B20,122183.8
PP007502,149.3,0.4,8.9,24.6,,79.8,21.1,Standard,Afternoon,Good,Type_B,High,322,Op03,B05,81976.9
PP007503,96.4,5.7,19.9,19.3,53.7,77.6,12.8,Glossy,Night,Average,Type_D,Medium,176,Op06,B20,77710.3
PP007504,102.0,4.4,8.0,26.3,55.5,90.7,32.1,Matte,Morning,Good,Type_A,Medium,169,Op04,B05,46902.8
PP007505,138.3,4.8,11.5,,39.5,75.7,66.9,Matte,Afternoon,Poor,Type_D,Medium,98,Op04,B02,65299.4
PP007506,52.7,3.3,20.3,25.5,21.4,86.4,23.4,Cardstock,Morning,Good,Type_C,Medium,98,Op08,B19,36432.7
PP007507,99.5,12.0,17.7,16.7,,75.7,18.1,Glossy,Afternoon,Average,Type_D,Medium,8,Op05,B08,47428.9
PP007508,95.7,3.3,11.9,33.2,,81.8,35.1,Glossy,Night,Average,Type_C,Medium,98,Op08,B12,48284.7
PP007509,153.1,1.2,8.1,20.0,51.2,90.6,48.9,Standard,Afternoon,Good,Type_D,Medium,87,Op10,B08,68490.5
PP007510,107.7,2.1,8.2,24.9,63.9,84.5,56.6,Cardstock,Afternoon,Average,Type_A,Medium,241,Op05,B07,40211.5
PP007511,164.7,0.3,9.2,19.6,58.4,83.1,46.4,Standard,Night,Good,Type_D,High,12,Op07,B07,75044.0
PP007512,94.1,0.1,15.3,,48.6,90.4,115.5,Standard,Night,Good,Type_C,Low,13,Op02,B02,57016.1
PP007513,124.3,1.6,14.6,25.4,54.7,97.4,64.3,Standard,Morning,Poor,Type_A,Low,335,Op07,B13,79022.2
PP007514,152.4,0.8,18.1,23.6,36.7,85.6,45.5,Matte,Morning,Good,Type_C,Medium,201,Op01,B20,146013.2
PP007515,42.3,5.0,10.2,21.1,48.5,65.5,56.7,Matte,Afternoon,Good,Type_C,Medium,84,Op10,B12,15631.1
PP007516,84.2,4.3,7.7,18.0,72.3,80.3,21.0,Glossy,Night,Good,Type_D,High,41,Op02,B12,28696.8
PP007517,105.1,6.7,10.8,18.7,41.1,83.1,25.5,Glossy,Morning,Good,Type_B,High,26,Op07,B07,59471.4
PP007518,84.2,9.6,7.0,27.3,58.9,61.1,47.9,Standard,Night,Poor,Type_B,Medium,276,Op01,B17,18002.1
PP007519,171.2,3.9,9.0,26.4,37.6,87.9,73.4,Matte,Afternoon,Good,Type_C,High,25,Op02,B02,71016.9
PP007520,140.9,15.0,7.8,27.5,42.7,75.1,25.3,Standard,Morning,Average,Type_D,High,208,Op08,B10,50565.2
PP007521,111.3,10.1,8.2,23.4,39.1,96.0,34.5,Matte,Night,Good,Type_C,High,261,Op10,B14,47589.7
PP007522,47.3,13.4,7.9,26.5,55.7,86.5,37.9,Matte,Night,Poor,Type_A,Low,81,Op09,B19,4694.0
PP007523,164.1,8.1,19.4,18.7,50.1,52.0,34.9,Cardstock,Morning,Average,Type_A,Medium,33,Op10,B08,87128.6
PP007524,144.2,0.6,6.8,26.1,43.2,70.4,25.7,Cardstock,Night,Good,Type_A,Medium,173,Op05,B19,51604.2
PP007525,100.4,1.8,12.2,28.8,,93.6,25.3,Standard,Night,Good,Type_B,Low,173,Op02,B03,61294.8
PP007526,99.5,5.1,14.6,22.2,36.4,92.1,32.7,Glossy,Afternoon,Good,Type_D,Medium,352,Op02,B07,72598.9
PP007527,125.7,1.0,12.7,35.2,36.4,91.1,13.4,Glossy,Morning,Good,Type_C,High,254,Op10,B12,88062.5
PP007528,101.6,0.8,4.1,28.4,50.4,82.9,39.4,Standard,Night,Good,Type_D,High,228,Op09,B17,19794.9
PP007529,107.6,2.1,7.0,30.8,71.2,92.3,40.8,Standard,Morning,Good,Type_D,Low,131,Op09,B06,34844.0
PP007530,167.3,0.6,9.5,29.8,47.0,89.4,14.8,Standard,Night,Good,Type_C,Medium,100,Op09,B14,79041.5
PP007531,151.3,5.5,10.2,23.4,43.5,14.6,50.5,Cardstock,Morning,Good,Type_A,High,242,Op10,B12,37416.6
PP007532,83.6,3.6,9.9,22.6,66.2,,29.0,Glossy,Morning,Good,Type_C,Medium,90,Op03,B09,31097.7
PP007533,101.8,7.0,6.3,16.7,64.1,93.0,41.9,Matte,Afternoon,Good,Type_B,Low,42,Op02,B20,27054.3
PP007534,140.7,10.5,21.1,23.7,45.0,65.3,51.1,Standard,Afternoon,Poor,Type_C,Medium,341,Op06,B19,85537.8
PP007535,141.3,2.4,15.5,17.0,46.8,88.1,38.6,Standard,Afternoon,Poor,Type_A,Low,71,Op03,B19,91908.8
PP007536,151.8,2.2,9.2,29.8,44.2,82.5,37.0,Standard,Afternoon,Good,Type_B,Medium,9,Op10,B13,79391.8
PP007537,177.6,8.7,9.0,19.9,68.4,86.2,21.2,Standard,Afternoon,Average,Type_C,Medium,7,Op05,B18,58181.5
PP007538,112.5,6.4,12.0,19.5,50.8,33.2,22.6,Standard,Afternoon,Good,Type_A,Low,118,Op10,B02,54364.7
PP007539,84.4,3.1,6.7,20.6,,70.9,28.3,Cardstock,Night,Average,Type_A,Medium,257,Op08,B20,22588.6
PP007540,83.4,8.3,12.1,21.2,46.3,97.7,18.8,Standard,Morning,Good,Type_B,High,197,Op02,B02,57124.0
PP007541,156.9,2.3,5.5,30.8,42.0,60.0,60.4,Standard,Morning,Good,Type_D,Medium,112,Op01,B08,39048.9
PP007542,118.0,5.3,9.5,25.7,42.7,79.0,56.0,Glossy,Night,Average,Type_B,High,55,Op08,B16,55502.6
PP007543,115.7,2.3,11.7,19.6,61.2,27.4,60.2,Standard,Afternoon,Good,Type_C,Medium,248,Op01,B08,52804.6
PP007544,95.4,1.1,10.8,20.0,61.5,6.2,50.0,Glossy,Morning,Good,Type_B,Medium,313,Op06,B15,22548.8
PP007545,180.0,8.8,21.0,30.3,49.5,86.4,42.1,Matte,Afternoon,Good,Type_C,Low,254,Op02,B04,56237.7
PP007546,153.5,13.2,6.2,35.2,48.8,98.7,29.8,Matte,Morning,Poor,Type_A,Low,166,Op10,B03,18073.3
PP007547,106.2,2.0,21.8,23.7,26.8,92.9,26.7,Cardstock,Afternoon,Good,Type_A,Low,97,Op01,B12,88057.1
PP007548,145.5,7.0,7.3,28.5,55.3,83.1,31.4,Standard,Morning,Good,Type_B,High,143,Op01,B20,63309.8
PP007549,129.7,6.3,7.0,22.3,59.1,85.3,42.6,Matte,Morning,Average,Type_D,High,197,Op05,B01,47424.8
PP007550,94.3,2.5,10.5,24.3,54.2,85.6,24.3,Standard,Afternoon,Good,Type_C,Medium,149,Op07,B15,54841.4
PP007551,145.4,4.1,6.8,24.5,49.6,87.5,48.3,Cardstock,Night,Average,Type_D,Medium,126,Op05,B14,46783.1
PP007552,100.0,0.2,4.2,23.3,56.8,87.1,41.3,Glossy,Morning,Good,Type_D,Medium,275,Op08,B10,19258.6
PP007553,134.1,7.8,7.0,24.9,67.3,91.9,51.6,Standard,Night,Good,Type_D,High,249,Op03,B12,48154.2
PP007554,151.2,2.4,13.0,19.9,41.8,85.8,29.6,Standard,Morning,Good,Type_A,Medium,319,Op06,B15,120057.4
PP007555,47.2,4.6,7.6,24.3,43.2,82.8,53.8,Standard,Afternoon,Average,Type_D,Medium,86,Op10,B03,14376.0
PP007556,98.0,2.1,18.7,25.8,61.0,97.5,40.9,Standard,Afternoon,Good,Type_B,High,235,Op10,B16,99819.0
PP007557,112.2,12.9,7.9,30.2,43.4,72.5,32.2,Standard,Night,Poor,Type_A,Low,361,Op05,B12,20693.9
PP007558,142.1,0.5,11.8,24.3,48.2,92.2,24.0,Glossy,Morning,Good,Type_B,Medium,310,Op08,B05,99474.4
PP007559,78.2,4.2,14.6,20.2,54.9,83.9,14.4,Standard,Afternoon,Poor,Type_A,Low,136,Op04,B19,43966.1
PP007560,84.7,6.0,7.7,20.3,53.4,84.5,22.9,Cardstock,Night,Average,Type_B,High,265,Op01,B03,29670.7
PP007561,139.6,0.0,8.8,20.1,36.5,81.2,49.0,Matte,Afternoon,Good,Type_C,Medium,300,Op07,B20,67160.7
PP007562,84.1,1.4,6.1,25.2,44.3,97.4,28.5,Standard,Morning,Average,Type_D,High,94,Op04,B18,27891.6
PP007563,110.5,4.0,14.3,28.0,81.9,,21.9,Standard,Morning,Average,Type_D,Medium,358,Op03,B07,74584.9
PP007564,80.0,3.3,6.8,18.7,39.9,79.3,33.8,Standard,Afternoon,Good,Type_B,High,79,Op04,B01,28070.1
PP007565,168.5,15.0,12.5,26.7,61.8,68.7,61.2,Glossy,Afternoon,Average,Type_D,High,292,Op04,B08,62150.3
PP007566,107.9,6.9,8.0,25.2,48.3,86.9,50.6,Standard,Morning,Good,Type_A,Medium,364,Op10,B17,48040.6
PP007567,109.8,9.5,21.0,24.6,81.8,94.8,30.5,Standard,Night,Average,Type_A,High,126,Op10,B08,86953.9
PP007568,98.6,10.9,20.3,23.2,60.4,91.0,50.9,Glossy,Afternoon,Average,Type_A,Medium,132,Op02,B20,74101.8
PP007569,146.8,1.0,15.6,23.9,48.5,68.2,30.4,Matte,Afternoon,Average,Type_C,Medium,136,Op10,B02,119943.4
PP007570,67.5,0.0,14.5,23.2,47.7,82.1,22.4,Standard,Morning,Good,Type_B,Medium,173,Op06,B12,50323.2
PP007571,108.8,3.8,13.2,28.9,72.5,90.1,28.0,Glossy,Afternoon,Average,Type_C,Medium,286,Op04,B03,65882.7
PP007572,104.6,15.0,15.9,26.2,69.8,,15.1,Glossy,Night,Poor,Type_B,High,358,Op09,B19,35378.6
PP007573,124.9,1.1,12.8,28.0,52.1,72.6,22.8,Standard,Night,Average,Type_D,Medium,262,Op01,B02,83539.0
PP007574,126.6,3.9,13.0,20.7,51.3,83.0,31.6,Matte,Morning,Good,Type_C,Medium,304,Op07,B09,95603.8
PP007575,117.3,3.6,13.4,20.7,28.8,7.8,27.8,Matte,Morning,Good,Type_C,Medium,167,Op01,B16,39586.0
PP007576,129.2,3.3,11.7,31.6,58.6,59.9,35.9,Standard,Morning,Good,Type_D,Low,24,Op04,B16,74800.9
PP007577,90.7,6.6,16.6,27.7,43.7,72.4,12.8,Standard,Afternoon,Poor,Type_B,Medium,355,Op09,B17,63043.7
PP007578,118.6,2.7,8.8,22.8,43.5,76.3,26.9,Glossy,Afternoon,Good,Type_C,Low,3,Op06,B10,54835.3
PP007579,126.4,4.9,5.4,25.4,61.7,65.2,67.0,Standard,Night,Good,Type_C,Medium,224,Op05,B11,29116.6
PP007580,71.5,6.9,6.5,25.4,55.5,79.7,36.5,Standard,Afternoon,Good,Type_C,Medium,247,Op01,B09,21650.0
PP007581,120.0,3.3,11.3,22.1,41.0,82.1,35.2,Standard,Afternoon,Good,Type_D,Medium,209,Op02,B04,76434.7
PP007582,124.6,2.6,12.8,29.0,80.8,99.0,19.0,Standard,Night,Good,Type_C,Medium,181,Op03,B02,82085.6
PP007583,169.6,1.4,18.9,23.0,47.7,,58.5,Standard,Night,Good,Type_A,Low,114,Op09,B10,113980.0
PP007584,96.5,2.0,11.5,19.2,47.4,84.4,29.6,Standard,Afternoon,Poor,Type_C,Low,157,Op04,B10,43942.0
PP007585,62.2,1.3,16.4,26.3,34.6,94.9,43.3,Glossy,Afternoon,Good,Type_C,High,236,Op02,B02,45252.1
PP007586,84.2,1.3,12.8,33.7,54.6,93.4,15.5,Matte,Morning,Good,Type_A,Medium,346,Op03,B19,54631.9
PP007587,131.1,2.8,7.3,26.6,60.0,89.1,64.2,Matte,Morning,Good,Type_C,High,15,Op04,B06,51495.7
PP007588,105.1,3.4,8.8,20.6,62.7,84.9,38.9,Cardstock,Afternoon,Poor,Type_B,Low,8,Op01,B06,32587.2
PP007589,112.9,11.2,13.5,32.3,42.9,82.9,22.8,Standard,Morning,Good,Type_B,Medium,8,Op02,B13,79142.2
PP007590,116.0,0.3,12.7,19.0,78.3,82.6,41.5,Cardstock,Night,Good,Type_B,Medium,65,Op07,B15,64287.0
PP007591,152.5,8.1,12.7,25.1,56.9,75.4,24.6,Standard,Afternoon,Poor,Type_C,Medium,210,Op09,B08,78870.6
PP007592,85.4,3.4,9.9,29.8,43.1,90.4,21.5,Cardstock,Morning,Good,Type_A,High,88,Op01,B04,43129.9
PP007593,120.3,0.1,8.5,27.0,52.6,78.2,32.3,Standard,Morning,Good,Type_D,High,55,Op08,B20,58043.2
PP007594,97.0,2.5,12.2,20.3,59.3,79.4,27.2,Standard,Night,Good,Type_C,Low,76,Op05,B14,57240.8
PP007595,56.6,0.3,14.4,25.5,46.4,84.8,58.2,Matte,Morning,Good,Type_A,High,275,Op10,B14,40020.7
PP007596,59.9,0.9,12.8,26.5,53.4,76.8,24.8,Standard,Morning,Poor,Type_D,Medium,175,Op05,B10,29673.5
PP007597,141.1,1.5,11.2,16.3,49.6,81.9,47.0,Matte,Night,Average,Type_C,Medium,245,Op05,B17,75314.4
PP007598,111.7,1.3,7.9,34.8,43.6,76.0,26.9,Matte,Morning,Good,Type_C,High,173,Op06,B11,46723.4
PP007599,82.8,5.4,7.2,33.0,39.6,91.4,24.3,Matte,Morning,Poor,Type_C,High,115,Op09,B02,23645.5
PP007600,88.7,0.7,13.6,25.5,35.7,91.1,38.6,Glossy,Morning,Average,Type_C,Medium,311,Op06,B09,56209.6
PP007601,139.9,1.7,11.6,19.5,45.7,93.1,56.2,Glossy,Morning,Good,Type_B,Low,37,Op08,B08,81090.0
PP007602,133.9,4.1,7.8,18.6,63.8,65.6,40.1,Standard,Afternoon,Good,Type_B,Medium,139,Op08,B06,54893.3
PP007603,129.3,3.7,8.6,26.4,38.2,85.7,34.4,Glossy,Morning,Good,Type_A,Low,68,Op05,B08,57588.0
PP007604,56.6,1.7,6.8,28.7,,81.5,33.2,Standard,Night,Good,Type_A,Low,261,Op10,B11,15766.4
PP007605,108.6,2.0,9.7,27.7,72.0,97.5,55.7,Standard,Afternoon,Average,Type_D,High,39,Op08,B02,51722.5
PP007606,101.9,3.8,11.7,23.2,60.2,87.5,40.6,Standard,Night,Good,Type_D,Medium,71,Op03,B16,60435.5
PP007607,163.2,5.4,12.4,18.1,,92.2,52.0,Standard,Night,Poor,Type_B,Low,209,Op10,B07,60985.8
PP007608,109.2,6.5,16.6,23.3,44.1,95.3,28.4,Cardstock,Night,Average,Type_A,High,283,Op09,B13,82034.8
PP007609,132.7,15.0,7.0,23.2,51.0,17.6,76.8,Standard,Morning,Average,Type_B,Low,338,Op02,B20,13991.1
PP007610,128.3,4.7,12.6,24.2,59.7,27.4,25.8,Standard,Night,Average,Type_D,Medium,140,Op09,B04,58198.0
PP007611,90.2,0.3,5.8,20.6,44.6,88.4,34.3,Matte,Morning,Good,Type_A,High,96,Op10,B06,27492.3
PP007612,48.7,12.5,17.2,30.9,,97.1,21.0,Standard,Night,Average,Type_D,Medium,331,Op02,B09,21937.3
PP007613,100.1,1.4,8.4,21.0,71.4,39.8,37.8,Matte,Afternoon,Good,Type_C,Medium,120,Op03,B18,34640.9
PP007614,139.0,3.5,13.4,25.5,45.8,94.2,36.6,Glossy,Night,Average,Type_B,Medium,255,Op06,B04,99420.3
PP007615,125.8,1.0,7.2,,80.8,61.8,10.0,Standard,Night,Good,Type_A,Medium,352,Op05,B14,47766.6
PP007616,125.0,1.2,10.6,23.1,35.9,64.7,27.9,Matte,Morning,Good,Type_C,Medium,100,Op02,B10,70750.4
PP007617,125.9,4.3,12.2,32.0,48.7,57.3,38.5,Matte,Night,Good,Type_D,Medium,91,Op04,B01,75915.3
PP007618,108.1,0.1,16.1,20.1,66.8,93.9,34.2,Matte,Afternoon,Good,Type_A,Low,7,Op07,B09,86346.1
PP007619,99.3,7.7,23.2,28.3,61.1,86.1,44.1,Glossy,Morning,Poor,Type_D,High,264,Op04,B08,71850.4
PP007620,92.3,15.0,17.6,28.8,55.8,63.6,26.7,Glossy,Afternoon,Average,Type_D,Medium,245,Op03,B11,41385.3
PP007621,68.3,13.5,9.2,29.5,,88.5,37.7,Glossy,Night,Poor,Type_D,Medium,71,Op03,B14,9064.5
PP007622,129.4,10.9,6.7,25.1,47.3,94.1,16.1,Standard,Morning,Average,Type_D,Medium,314,Op08,B11,43756.9
PP007623,132.7,0.4,7.1,31.3,53.7,84.7,38.4,Cardstock,Afternoon,Good,Type_C,Medium,34,Op05,B09,46982.2
PP007624,67.3,3.9,10.0,19.0,56.3,,32.0,Standard,Night,Good,Type_A,High,219,Op09,B08,34364.0
PP007625,75.9,4.2,8.2,25.5,41.1,76.5,23.8,Standard,Night,Good,Type_C,Medium,313,Op04,B11,30773.5
PP007626,180.0,11.6,19.3,26.7,,93.9,26.3,Standard,Morning,Average,Type_C,High,25,Op04,B03,112839.8
PP007627,180.0,1.5,6.5,29.0,50.8,71.9,37.1,Glossy,Morning,Average,Type_B,Medium,272,Op08,B11,42257.0
PP007628,142.0,2.0,7.7,28.8,41.2,88.5,32.2,Matte,Morning,Good,Type_D,Medium,100,Op09,B17,63300.6
PP007629,140.1,4.4,17.9,21.7,,95.3,50.9,Glossy,Morning,Average,Type_C,High,22,Op06,B02,136514.6
PP007630,77.0,1.8,12.7,21.6,51.9,74.5,50.0,Matte,Night,Average,Type_C,Low,243,Op06,B13,37438.7
PP007631,93.8,0.5,7.7,29.1,,76.1,113.5,Cardstock,Afternoon,Good,Type_B,High,112,Op01,B10,24266.7
PP007632,106.2,4.8,8.7,19.0,24.4,,38.7,Glossy,Morning,Average,Type_B,Low,73,Op07,B04,36026.9
PP007633,139.6,7.4,20.2,24.1,57.6,,46.2,Glossy,Morning,Average,Type_D,Medium,136,Op03,B03,132563.5
PP007634,75.7,5.8,14.5,26.4,32.4,94.7,53.4,Standard,Afternoon,Poor,Type_B,High,348,Op02,B07,45248.0
PP007635,134.3,4.1,5.6,22.4,55.4,92.6,38.8,Glossy,Night,Average,Type_B,High,365,Op01,B20,39651.9
PP007636,101.3,0.5,13.3,31.1,41.9,89.6,28.8,Standard,Night,Good,Type_A,High,117,Op02,B17,74455.4
PP007637,107.0,7.6,12.0,25.5,62.0,89.9,71.1,Cardstock,Night,Good,Type_B,Medium,233,Op05,B20,54818.9
PP007638,112.0,3.7,9.9,23.5,42.8,84.7,21.3,Matte,Morning,Good,Type_C,High,187,Op02,B10,66892.4
PP007639,127.6,7.8,10.9,25.3,,88.4,24.1,Matte,Morning,Good,Type_B,Low,83,Op10,B10,72444.9
PP007640,112.3,6.0,11.2,24.4,26.0,93.8,17.5,Standard,Afternoon,Good,Type_A,Low,221,Op04,B07,64409.4
PP007641,68.3,5.2,6.2,32.8,49.8,86.7,43.8,Glossy,Afternoon,Good,Type_A,Medium,333,Op06,B04,18332.2
PP007642,139.3,5.4,20.5,22.4,64.2,95.6,35.1,Matte,Afternoon,Poor,Type_D,Medium,23,Op04,B04,116351.5
PP007643,101.9,2.7,13.9,30.1,55.7,97.1,30.8,Standard,Afternoon,Good,Type_C,High,218,Op07,B08,84288.3
PP007644,100.7,15.0,14.9,32.2,61.2,84.5,32.4,Glossy,Afternoon,Average,Type_B,Low,308,Op07,B05,42782.9
PP007645,161.3,12.6,16.0,20.4,56.6,50.9,27.3,Matte,Morning,Average,Type_A,Medium,248,Op05,B01,88492.4
PP007646,116.5,2.6,7.2,27.8,51.5,83.6,33.0,Standard,Night,Good,Type_A,Low,285,Op02,B07,44126.3
PP007647,65.2,0.7,13.2,22.8,59.4,91.3,47.1,Cardstock,Morning,Average,Type_D,High,282,Op06,B04,37086.1
PP007648,83.7,2.7,9.4,23.6,48.3,98.7,25.4,Standard,Night,Good,Type_B,High,223,Op02,B17,42034.2
PP007649,146.7,4.4,18.7,27.9,71.3,97.6,68.3,Standard,Afternoon,Good,Type_A,Medium,143,Op09,B05,148137.8
PP007650,95.9,1.2,9.7,26.3,67.6,90.1,28.5,Standard,Morning,Good,Type_D,Medium,109,Op08,B03,52112.6
PP007651,92.8,4.0,11.0,,60.7,98.4,27.8,Cardstock,Afternoon,Good,Type_A,Medium,356,Op06,B08,49386.4
PP007652,108.8,2.3,21.6,27.6,66.4,85.8,40.5,Matte,Afternoon,Good,Type_C,High,60,Op05,B14,111650.7
PP007653,121.9,5.5,18.5,23.4,63.5,85.2,38.1,Matte,Afternoon,Good,Type_D,Medium,166,Op05,B05,112055.8
PP007654,80.7,8.9,8.1,24.4,66.9,76.0,20.1,Standard,Afternoon,Poor,Type_C,Medium,208,Op04,B02,21619.8
PP007655,124.4,6.8,20.6,23.9,44.3,92.3,42.0,Standard,Morning,Good,Type_B,Medium,38,Op05,B16,141598.2
PP007656,104.6,0.8,5.1,15.3,35.1,97.9,21.8,Matte,Morning,Good,Type_D,High,114,Op02,B11,26652.5
PP007657,63.8,5.7,11.0,,55.5,94.8,33.3,Standard,Morning,Average,Type_B,High,151,Op05,B04,35202.5
PP007658,76.0,0.1,18.9,30.3,47.0,92.9,39.5,Standard,Morning,Good,Type_C,High,112,Op05,B05,71300.7
PP007659,108.9,3.2,10.2,23.8,55.6,55.5,14.5,Cardstock,Afternoon,Average,Type_B,High,45,Op01,B13,52367.7
PP007660,108.9,1.1,11.9,,57.5,91.3,47.9,Standard,Morning,Good,Type_C,Medium,160,Op08,B06,67167.9
PP007661,108.2,2.6,10.8,21.6,45.7,83.3,45.1,Standard,Morning,Good,Type_C,Low,24,Op03,B17,60359.6
PP007662,113.0,0.3,14.2,27.7,61.1,93.9,20.6,Cardstock,Afternoon,Good,Type_D,High,236,Op03,B20,85211.7
PP007663,132.4,5.7,15.9,24.1,53.1,85.9,32.8,Cardstock,Afternoon,Good,Type_A,Medium,49,Op02,B05,112524.2
PP007664,103.9,1.2,12.2,26.6,33.1,95.1,28.9,Standard,Morning,Poor,Type_A,High,195,Op07,B05,61634.4
PP007665,122.0,2.1,7.8,26.3,51.2,83.8,18.8,Matte,Afternoon,Good,Type_B,Medium,204,Op07,B02,55355.5
PP007666,149.1,10.6,9.4,17.4,39.4,91.0,48.8,Matte,Afternoon,Average,Type_A,Medium,150,Op08,B01,65338.0
PP007667,66.0,0.6,8.4,23.0,46.5,84.7,20.8,Matte,Night,Good,Type_A,Medium,323,Op09,B11,26974.1
PP007668,129.9,0.8,12.5,22.2,32.0,,61.1,Standard,Afternoon,Good,Type_D,High,58,Op03,B07,44436.2
PP007669,134.6,0.1,6.5,26.4,46.1,86.6,50.4,Glossy,Afternoon,Good,Type_C,High,197,Op04,B15,47911.4
PP007670,133.4,2.1,7.6,21.2,62.4,94.6,40.3,Cardstock,Morning,Good,Type_A,Medium,156,Op06,B16,55359.4
PP007671,108.2,0.8,21.0,18.8,45.4,88.6,25.0,Standard,Morning,Good,Type_C,Medium,305,Op10,B01,117862.5
PP007672,111.1,8.8,9.3,28.8,36.8,87.7,28.2,Matte,Afternoon,Average,Type_B,Medium,295,Op06,B17,49373.3
PP007673,118.1,4.9,14.0,29.6,46.8,87.5,31.9,Glossy,Morning,Average,Type_B,Medium,260,Op05,B08,85640.3
PP007674,156.7,9.8,13.8,26.9,59.8,79.4,24.9,Matte,Morning,Average,Type_B,Medium,291,Op02,B16,104198.9
PP007675,126.8,1.4,10.7,15.6,49.2,86.2,18.9,Cardstock,Night,Average,Type_C,Medium,2,Op09,B08,60066.3
PP007676,117.3,2.1,20.1,21.4,59.9,94.7,45.7,Matte,Morning,Average,Type_C,High,221,Op01,B03,123442.2
PP007677,147.0,0.0,15.4,19.0,,31.2,47.3,Cardstock,Night,Poor,Type_A,Medium,78,Op07,B15,60351.7
PP007678,90.5,0.3,9.3,25.0,40.3,58.9,23.9,Standard,Night,Good,Type_C,Medium,302,Op08,B07,40408.1
PP007679,123.7,2.0,13.4,18.3,44.1,73.7,70.1,Matte,Morning,Good,Type_B,Medium,50,Op06,B02,83700.0
PP007680,34.2,5.8,8.2,18.1,41.1,81.1,76.8,Glossy,Night,Good,Type_A,High,141,Op08,B06,9322.4
PP007681,150.7,2.2,11.8,23.3,47.3,92.6,37.4,Standard,Morning,Good,Type_B,Low,41,Op02,B08,88232.0
PP007682,103.2,2.0,9.4,26.2,56.8,79.3,17.2,Glossy,Afternoon,Average,Type_A,High,112,Op01,B11,52239.4
PP007683,67.1,0.6,14.0,16.4,70.8,95.7,29.5,Matte,Night,Average,Type_B,High,78,Op07,B16,38076.0
PP007684,151.1,0.1,22.6,23.4,,93.4,78.5,Matte,Morning,Good,Type_B,Medium,81,Op07,B02,160365.2
PP007685,46.4,7.0,15.6,20.3,33.9,77.8,26.2,Matte,Night,Good,Type_A,Medium,358,Op02,B15,27926.4
PP007686,80.2,2.7,8.5,23.1,50.4,83.1,20.2,Glossy,Night,Average,Type_B,Low,125,Op02,B18,27973.5
PP007687,82.9,11.7,10.0,23.1,53.9,56.7,42.2,Standard,Night,Average,Type_A,Low,358,Op09,B02,27289.7
PP007688,141.0,9.7,7.0,33.0,65.2,73.3,32.5,Standard,Morning,Poor,Type_D,Low,132,Op01,B05,32145.6
PP007689,130.4,5.0,17.6,20.2,77.5,90.4,35.3,Matte,Morning,Average,Type_D,Medium,269,Op02,B14,106223.9
PP007690,92.5,3.3,17.3,24.0,58.2,71.4,53.7,Standard,Morning,Good,Type_B,High,346,Op02,B02,84275.9
PP007691,152.1,0.7,8.4,19.0,52.6,63.8,46.0,Standard,Morning,Good,Type_C,High,184,Op09,B05,68768.6
PP007692,140.6,15.0,10.0,26.0,43.5,79.4,26.6,Cardstock,Morning,Poor,Type_B,Medium,348,Op07,B09,35709.3
PP007693,159.0,0.4,6.7,27.0,59.8,94.1,47.6,Standard,Morning,Poor,Type_C,Medium,75,Op06,B05,46843.9
PP007694,48.2,0.0,11.6,23.6,52.6,89.0,35.0,Matte,Afternoon,Good,Type_A,High,172,Op07,B12,25864.2
PP007695,101.8,5.9,11.7,25.9,48.3,92.6,26.1,Standard,Morning,Good,Type_A,Medium,179,Op06,B19,70118.3
PP007696,71.0,15.0,7.6,25.1,56.2,82.8,45.1,Matte,Afternoon,Poor,Type_A,Medium,13,Op01,B16,10774.7
PP007697,135.7,2.1,9.1,24.8,39.7,67.5,52.4,Glossy,Afternoon,Good,Type_B,Low,250,Op09,B04,58550.8
PP007698,104.1,4.7,13.4,22.2,27.4,93.1,18.9,Standard,Night,Good,Type_C,Medium,315,Op10,B07,69259.6
PP007699,136.5,7.0,13.4,23.2,74.9,93.6,33.0,Glossy,Afternoon,Good,Type_C,High,252,Op02,B10,95175.1
PP007700,126.5,0.2,9.5,20.0,64.9,76.5,68.5,Matte,Afternoon,Good,Type_C,Medium,143,Op06,B05,59851.9
PP007701,138.2,15.0,16.9,26.6,63.0,69.3,42.1,Standard,Morning,Average,Type_C,Medium,231,Op04,B10,87159.8
PP007702,126.0,1.4,9.6,24.9,59.6,90.8,55.9,Glossy,Afternoon,Good,Type_D,Medium,208,Op07,B05,64158.0
PP007703,62.5,2.6,13.0,31.7,58.6,69.3,75.4,Glossy,Morning,Average,Type_C,Low,172,Op10,B20,26784.9
PP007704,142.8,1.0,13.5,25.0,60.6,98.6,77.2,Standard,Afternoon,Good,Type_B,High,240,Op10,B08,108732.9
PP007705,121.5,0.5,9.3,27.3,30.6,19.4,38.8,Standard,Afternoon,Good,Type_A,High,178,Op06,B06,42629.1
PP007706,161.2,3.3,8.0,26.3,41.1,66.1,57.4,Standard,Morning,Good,Type_C,Medium,115,Op10,B18,63603.6
PP007707,164.2,2.8,5.1,15.0,66.1,96.2,44.1,Glossy,Night,Average,Type_C,Medium,204,Op03,B18,30855.1
PP007708,70.0,7.2,12.4,29.1,60.0,90.4,33.0,Standard,Night,Good,Type_A,Low,192,Op01,B15,37258.0
PP007709,97.3,15.0,14.2,27.9,46.3,,64.5,Matte,Afternoon,Average,Type_A,Medium,167,Op03,B09,50570.6
PP007710,101.6,1.8,11.9,24.4,46.6,72.5,17.6,Cardstock,Night,Good,Type_B,Medium,52,Op03,B01,59272.4
PP007711,67.7,7.3,8.8,20.2,67.6,96.5,38.8,Matte,Morning,Good,Type_A,Medium,236,Op01,B08,29010.9
PP007712,169.3,0.8,11.5,25.3,37.3,96.7,66.5,Matte,Afternoon,Poor,Type_C,Medium,251,Op07,B19,72492.2
PP007713,180.0,1.1,7.6,38.2,53.1,84.4,16.8,Matte,Afternoon,Good,Type_A,Medium,178,Op09,B10,48791.4
PP007714,70.8,0.8,8.1,20.3,55.4,95.0,44.3,Glossy,Morning,Average,Type_A,High,60,Op08,B12,27862.4
PP007715,113.1,0.8,6.0,26.8,63.6,87.6,48.9,Standard,Night,Good,Type_B,Medium,191,Op09,B16,34318.2
PP007716,118.0,3.1,10.9,20.0,55.3,94.3,30.2,Cardstock,Afternoon,Good,Type_A,Medium,119,Op07,B13,67630.7
PP007717,138.5,15.0,11.0,,,15.7,74.0,Standard,Afternoon,Average,Type_C,Low,174,Op05,B20,17542.0
PP007718,123.5,3.9,12.5,25.4,38.4,,39.6,Cardstock,Morning,Average,Type_B,Medium,108,Op10,B13,72566.0
PP007719,100.7,13.4,8.0,23.2,60.0,64.1,50.7,Standard,Afternoon,Average,Type_D,Low,31,Op01,B07,26337.3
PP007720,147.3,0.3,20.6,20.4,60.8,56.7,45.3,Glossy,Afternoon,Good,Type_A,Medium,271,Op05,B10,146614.3
PP007721,31.4,0.9,14.8,28.3,45.3,95.6,53.4,Glossy,Afternoon,Poor,Type_A,High,63,Op05,B04,13903.6
PP007722,136.0,2.2,17.1,17.8,37.5,53.2,17.7,Matte,Morning,Good,Type_D,Medium,364,Op10,B17,114733.3
PP007723,159.8,2.2,11.8,25.1,39.5,77.3,10.0,Glossy,Morning,Good,Type_A,Medium,208,Op08,B06,105845.0
PP007724,180.0,0.1,12.4,30.4,57.1,96.7,47.4,Glossy,Night,Good,Type_B,Medium,330,Op05,B18,84271.4
PP007725,172.5,7.8,18.9,28.4,32.8,84.3,65.0,Standard,Morning,Poor,Type_A,Low,81,Op05,B12,58065.3
PP007726,180.0,8.8,19.6,27.4,58.6,70.1,25.8,Glossy,Morning,Poor,Type_B,High,158,Op01,B14,65792.2
PP007727,73.0,4.6,11.9,25.8,,82.2,46.2,Cardstock,Morning,Average,Type_B,Medium,153,Op07,B10,33849.6
PP007728,150.1,13.3,4.2,32.3,56.3,90.3,21.5,Matte,Afternoon,Average,Type_B,Medium,301,Op05,B16,26956.4
PP007729,90.2,1.1,6.9,22.0,25.9,70.7,66.9,Standard,Night,Good,Type_C,High,313,Op06,B19,25597.8
PP007730,117.7,1.0,7.4,27.8,59.4,46.4,18.6,Cardstock,Afternoon,Good,Type_D,Low,68,Op03,B01,34491.6
PP007731,135.2,7.2,14.3,22.7,62.5,94.5,27.8,Cardstock,Morning,Average,Type_B,Medium,341,Op09,B14,98298.2
PP007732,123.4,3.9,16.3,32.5,55.8,59.1,61.4,Glossy,Afternoon,Good,Type_C,Low,306,Op03,B08,78623.3
PP007733,134.6,3.1,8.2,15.0,35.2,82.9,55.8,Standard,Afternoon,Good,Type_B,Medium,40,Op06,B20,56347.9
PP007734,86.4,1.1,11.8,27.9,48.7,,33.2,Standard,Night,Good,Type_B,Medium,251,Op01,B20,21565.6
PP007735,30.0,7.4,3.8,26.9,59.1,,40.6,Standard,Morning,Average,Type_A,Medium,9,Op02,B16,3806.8
PP007736,110.5,4.3,10.3,21.5,25.6,91.2,62.5,Glossy,Morning,Good,Type_A,Medium,247,Op10,B14,55019.4
PP007737,118.8,13.3,10.8,34.1,54.5,89.3,19.0,Standard,Afternoon,Average,Type_D,Medium,191,Op09,B04,52526.0
PP007738,95.9,8.6,15.6,15.0,54.3,93.6,43.3,Glossy,Morning,Average,Type_C,Low,227,Op08,B11,54194.1
PP007739,70.0,0.2,10.1,20.1,72.1,78.2,28.8,Glossy,Afternoon,Good,Type_A,Low,280,Op07,B05,29531.9
PP007740,133.1,2.6,8.0,24.6,62.0,58.9,16.3,Glossy,Morning,Poor,Type_D,Low,359,Op06,B01,42366.7
PP007741,150.5,1.1,11.5,15.0,35.7,84.0,32.7,Cardstock,Afternoon,Average,Type_B,Medium,229,Op03,B04,73400.5
PP007742,129.1,7.5,6.6,27.5,69.3,,44.5,Matte,Afternoon,Good,Type_D,Medium,157,Op09,B17,43520.1
PP007743,84.8,0.9,21.1,21.9,41.4,86.7,61.7,Matte,Afternoon,Good,Type_B,Medium,253,Op04,B08,79700.0
PP007744,144.3,6.1,8.2,17.5,39.6,96.7,70.6,Glossy,Afternoon,Good,Type_B,High,107,Op07,B10,56984.7
PP007745,173.6,6.2,15.9,32.6,55.9,89.6,34.6,Standard,Morning,Average,Type_B,Low,108,Op08,B09,71951.4
PP007746,60.0,0.9,13.4,23.2,59.2,94.6,34.1,Matte,Night,Good,Type_A,Medium,91,Op05,B06,38606.7
PP007747,101.9,1.3,6.2,17.0,46.7,82.6,27.1,Standard,Night,Good,Type_B,Low,4,Op04,B02,29080.5
PP007748,109.2,3.4,17.0,24.1,57.9,72.1,75.4,Glossy,Morning,Good,Type_C,Medium,279,Op06,B09,87197.7
PP007749,78.1,4.2,11.1,30.9,46.1,82.1,16.1,Standard,Night,Average,Type_B,Low,349,Op03,B13,35912.8
PP007750,111.0,8.1,9.4,26.2,59.4,63.2,26.9,Standard,Night,Good,Type_D,Low,321,Op02,B06,49551.1
PP007751,104.0,2.7,12.0,21.8,54.9,98.3,20.3,Standard,Afternoon,Average,Type_B,Low,315,Op10,B17,64626.1
PP007752,78.3,4.1,19.4,29.0,51.7,85.8,50.6,Standard,Night,Poor,Type_D,Medium,364,Op09,B07,51060.5
PP007753,180.0,4.4,15.2,21.9,59.9,82.9,21.1,Glossy,Night,Average,Type_A,Low,335,Op08,B05,54377.5
PP007754,113.4,15.0,11.2,19.6,41.2,77.8,25.0,Standard,Morning,Poor,Type_B,High,161,Op02,B07,37105.8
PP007755,139.2,3.0,6.2,27.6,67.6,96.8,29.0,Standard,Morning,Good,Type_C,Medium,353,Op03,B12,51963.8
PP007756,157.2,8.6,14.8,28.3,49.5,,43.9,Standard,Afternoon,Good,Type_B,Medium,245,Op08,B05,123482.5
PP007757,148.0,2.6,14.0,,43.5,80.5,48.9,Glossy,Morning,Good,Type_D,High,321,Op08,B09,121295.3
PP007758,118.5,3.1,17.9,24.9,46.6,91.1,31.8,Matte,Afternoon,Good,Type_A,Medium,223,Op10,B17,117765.4
PP007759,103.8,2.2,13.1,25.0,67.8,61.7,38.1,Standard,Afternoon,Average,Type_A,Low,255,Op01,B20,57933.3
PP007760,133.7,0.1,8.1,27.8,57.4,82.7,42.0,Standard,Afternoon,Good,Type_A,High,145,Op07,B18,64163.3
PP007761,145.0,1.1,13.2,28.8,46.0,94.7,10.0,Standard,Morning,Good,Type_D,Low,297,Op07,B05,109298.1
PP007762,146.3,4.7,9.6,26.6,35.8,96.9,22.0,Standard,Night,Good,Type_B,High,33,Op07,B12,86738.7
PP007763,144.1,1.1,11.3,24.3,59.9,66.2,32.0,Cardstock,Morning,Good,Type_C,Medium,68,Op10,B03,87385.5
PP007764,127.3,11.6,9.5,27.7,71.7,74.0,18.1,Matte,Night,Poor,Type_C,Low,181,Op04,B11,34360.0
PP007765,121.3,1.0,14.2,23.6,44.5,79.3,10.8,Cardstock,Night,Good,Type_A,Medium,62,Op01,B04,88723.1
PP007766,116.7,15.0,12.3,20.4,53.5,90.5,28.6,Matte,Afternoon,Poor,Type_A,Low,102,Op03,B19,32596.4
PP007767,146.8,15.0,20.1,29.1,56.4,88.0,21.3,Cardstock,Morning,Average,Type_C,High,196,Op07,B08,87317.4
PP007768,46.4,8.1,9.3,24.5,72.0,36.0,29.3,Glossy,Night,Good,Type_C,Low,55,Op06,B16,8619.1
PP007769,77.1,1.3,9.9,17.4,46.6,74.5,19.8,Standard,Morning,Average,Type_A,High,245,Op03,B02,37354.1
PP007770,104.2,11.5,6.8,23.3,48.5,60.9,48.6,Glossy,Afternoon,Poor,Type_B,Medium,205,Op03,B09,20740.0
PP007771,127.0,6.7,8.8,24.6,54.0,92.4,44.1,Glossy,Night,Good,Type_A,Medium,321,Op09,B03,59805.8
PP007772,107.3,4.2,6.9,16.8,58.2,69.2,18.6,Glossy,Morning,Good,Type_B,High,281,Op04,B20,37948.4
PP007773,116.6,1.1,9.9,32.1,44.4,74.2,27.6,Standard,Night,Poor,Type_D,Low,299,Op07,B13,43620.5
PP007774,129.1,1.8,7.2,27.6,25.5,88.7,66.6,Cardstock,Night,Poor,Type_D,High,230,Op02,B01,33097.4
PP007775,73.0,0.0,11.1,16.5,53.3,91.1,80.9,Glossy,Afternoon,Good,Type_C,Medium,330,Op06,B09,31480.8
PP007776,141.9,3.0,12.1,33.4,57.1,87.9,81.2,Standard,Afternoon,Good,Type_B,Medium,90,Op01,B05,89014.7
PP007777,115.2,0.7,17.7,24.6,70.3,74.1,18.3,Cardstock,Afternoon,Good,Type_C,Medium,199,Op07,B05,93565.5
PP007778,75.8,3.8,11.9,27.6,50.6,72.2,11.2,Glossy,Afternoon,Good,Type_C,Low,297,Op06,B03,37872.2
PP007779,140.3,1.2,5.5,24.5,66.8,97.1,45.8,Glossy,Afternoon,Average,Type_C,Medium,363,Op03,B06,36967.0
PP007780,153.2,2.2,7.9,25.6,32.5,85.3,55.4,Standard,Night,Good,Type_C,Medium,178,Op02,B01,61517.1
PP007781,131.4,2.1,16.9,24.0,53.5,93.6,44.9,Matte,Afternoon,Good,Type_D,Low,28,Op07,B11,111452.3
PP007782,136.9,7.6,8.8,26.8,55.8,97.4,25.2,Standard,Night,Average,Type_B,High,16,Op03,B11,68208.3
PP007783,81.9,5.6,10.2,27.2,79.8,89.6,75.7,Standard,Afternoon,Average,Type_D,Medium,357,Op04,B07,31705.2
PP007784,90.9,3.6,8.5,20.7,57.4,96.8,33.8,Matte,Night,Good,Type_A,Medium,233,Op03,B12,40617.6
PP007785,130.6,4.1,9.0,26.6,47.7,82.2,28.0,Matte,Night,Poor,Type_D,Medium,5,Op06,B13,51037.6
PP007786,93.9,1.0,8.5,21.0,51.8,93.2,34.8,Cardstock,Afternoon,Average,Type_D,High,172,Op07,B17,37754.0
PP007787,114.8,6.4,9.7,23.8,53.3,79.9,28.0,Standard,Night,Average,Type_D,Medium,114,Op03,B06,54764.2
PP007788,98.4,1.2,8.7,,58.6,88.0,43.3,Cardstock,Night,Good,Type_D,High,222,Op07,B04,39364.5
PP007789,126.1,2.6,8.1,27.4,46.8,62.0,48.2,Standard,Afternoon,Good,Type_A,Medium,352,Op05,B05,54836.9
PP007790,98.7,0.0,7.8,30.6,71.7,83.2,31.3,Matte,Morning,Good,Type_D,Medium,337,Op10,B12,36183.1
PP007791,155.1,7.3,14.8,15.0,65.2,,49.1,Matte,Afternoon,Good,Type_B,High,323,Op03,B09,102826.7
PP007792,133.6,7.7,7.5,25.6,80.2,73.8,31.7,Standard,Night,Average,Type_D,Medium,123,Op08,B01,45679.5
PP007793,69.3,1.8,9.1,31.0,31.5,28.8,25.2,Matte,Afternoon,Good,Type_B,Medium,260,Op03,B03,21314.5
PP007794,61.7,5.4,5.5,21.4,34.9,87.4,24.3,Glossy,Morning,Good,Type_C,High,205,Op02,B20,15855.7
PP007795,100.5,0.8,17.3,25.6,46.8,96.8,22.3,Standard,Afternoon,Poor,Type_B,Medium,35,Op02,B17,74826.8
PP007796,83.2,1.2,13.1,24.8,68.6,67.1,33.3,Standard,Morning,Good,Type_A,Medium,149,Op06,B12,54254.1
PP007797,92.6,2.0,12.6,22.6,50.1,97.1,70.1,Glossy,Night,Good,Type_A,High,223,Op09,B12,57114.5
PP007798,148.4,7.1,7.3,26.7,58.5,84.3,33.5,Glossy,Afternoon,Poor,Type_B,Medium,246,Op08,B10,51308.6
PP007799,85.1,13.1,14.2,22.3,39.1,91.3,44.9,Glossy,Afternoon,Average,Type_A,High,152,Op05,B16,47754.6
PP007800,143.9,0.5,22.1,30.6,39.7,71.9,26.9,Glossy,Afternoon,Good,Type_D,Medium,32,Op03,B15,145576.7
PP007801,146.6,5.0,7.6,23.5,72.7,86.4,59.7,Standard,Night,Good,Type_B,High,293,Op08,B01,61871.3
PP007802,148.5,3.4,16.2,31.8,52.0,87.7,20.1,Glossy,Afternoon,Good,Type_B,High,203,Op10,B01,139961.6
PP007803,129.3,2.2,10.6,26.1,63.5,75.0,32.0,Glossy,Night,Good,Type_D,Low,277,Op10,B06,63677.8
PP007804,144.7,1.1,5.6,19.8,38.9,88.0,35.1,Standard,Night,Good,Type_C,Medium,175,Op02,B17,44972.1
PP007805,116.7,0.4,11.3,29.8,51.4,93.7,39.6,Cardstock,Night,Average,Type_A,High,185,Op09,B03,65495.1
PP007806,105.0,9.6,15.1,26.1,65.9,83.5,22.4,Cardstock,Morning,Average,Type_D,Medium,364,Op07,B11,66693.1
PP007807,105.4,2.5,12.4,23.2,64.7,77.7,20.0,Matte,Afternoon,Average,Type_B,Medium,29,Op04,B18,66273.1
PP007808,118.6,7.0,11.6,32.8,48.5,83.0,26.7,Standard,Night,Average,Type_C,Medium,55,Op05,B17,68278.0
PP007809,115.4,3.3,8.2,19.6,78.2,85.8,18.8,Standard,Morning,Good,Type_B,Medium,243,Op08,B17,52712.0
PP007810,132.2,1.5,7.3,25.0,58.4,91.9,41.0,Standard,Night,Good,Type_B,High,210,Op02,B07,56027.2
PP007811,110.6,5.6,9.0,20.3,44.0,89.6,20.8,Cardstock,Morning,Average,Type_C,Medium,237,Op03,B14,47815.1
PP007812,135.6,5.5,9.4,31.9,65.6,79.4,11.1,Standard,Morning,Good,Type_B,Medium,174,Op06,B12,73841.3
PP007813,102.1,13.7,8.1,24.6,46.9,35.7,41.6,Standard,Night,Poor,Type_C,Medium,261,Op05,B02,10661.7
PP007814,56.4,10.0,20.6,21.1,51.4,58.8,36.0,Standard,Afternoon,Average,Type_D,Medium,86,Op01,B07,33414.4
PP007815,87.4,11.1,13.6,34.5,43.0,65.5,27.9,Glossy,Morning,Poor,Type_C,Medium,53,Op08,B03,30750.2
PP007816,86.8,2.5,9.2,30.5,68.4,93.6,22.2,Matte,Afternoon,Good,Type_C,Low,45,Op01,B07,37815.4
PP007817,122.5,3.3,11.7,27.3,42.7,82.7,37.9,Standard,Morning,Average,Type_A,Medium,348,Op10,B14,78128.7
PP007818,79.7,2.1,13.3,19.3,59.2,81.4,15.6,Standard,Afternoon,Average,Type_B,High,290,Op05,B11,54885.5
PP007819,138.1,5.9,11.6,19.2,59.4,56.3,27.0,Standard,Night,Average,Type_C,Medium,293,Op02,B10,76072.6
PP007820,103.0,1.1,9.8,21.3,38.3,81.2,22.3,Glossy,Night,Good,Type_C,High,186,Op10,B13,52142.0
PP007821,128.1,1.0,9.2,23.7,44.4,70.4,26.1,Matte,Afternoon,Good,Type_A,Medium,343,Op08,B09,68090.9
PP007822,125.4,1.7,4.5,,49.4,82.6,38.3,Matte,Night,Good,Type_B,Medium,144,Op09,B05,28737.5
PP007823,113.3,11.8,15.0,28.3,37.6,73.4,28.6,Standard,Afternoon,Good,Type_A,Medium,257,Op07,B09,85475.3
PP007824,102.6,4.7,9.8,30.7,56.6,91.1,35.4,Glossy,Morning,Good,Type_B,Medium,323,Op03,B17,53317.1
PP007825,108.8,7.3,21.5,30.8,53.8,95.3,34.6,Glossy,Afternoon,Average,Type_A,Medium,169,Op05,B12,99639.9
PP007826,114.6,1.0,11.9,,64.1,15.5,17.2,Standard,Afternoon,Poor,Type_A,Medium,346,Op10,B04,30730.3
PP007827,162.7,5.7,18.4,17.7,37.2,70.1,26.4,Cardstock,Night,Poor,Type_A,Medium,18,Op05,B16,84653.0
PP007828,111.6,1.2,7.8,24.9,58.5,84.5,65.4,Standard,Afternoon,Good,Type_D,Medium,255,Op10,B01,44357.7
PP007829,113.8,0.4,12.5,21.9,50.8,76.6,51.3,Glossy,Afternoon,Good,Type_A,Medium,196,Op06,B10,79903.8
PP007830,125.7,3.8,8.2,25.8,47.5,88.6,35.8,Matte,Morning,Average,Type_A,Low,255,Op06,B08,53736.9
PP007831,82.5,11.3,6.5,19.5,55.5,90.4,75.1,Glossy,Afternoon,Average,Type_B,Medium,149,Op06,B09,19186.4
PP007832,98.8,11.9,9.8,24.7,47.7,68.4,19.7,Cardstock,Night,Poor,Type_C,Medium,284,Op02,B15,25454.1
PP007833,140.2,2.2,9.3,31.8,34.3,98.3,32.7,Standard,Afternoon,Good,Type_A,Low,149,Op02,B17,72962.5
PP007834,108.7,9.1,6.1,,70.6,93.8,40.9,Standard,Night,Average,Type_B,Medium,229,Op07,B03,29376.9
PP007835,160.4,9.3,10.0,20.8,44.8,82.7,42.4,Glossy,Morning,Poor,Type_A,Medium,183,Op03,B18,57706.7
PP007836,80.5,12.0,8.8,16.6,63.6,75.3,22.4,Standard,Afternoon,Poor,Type_D,Medium,15,Op06,B05,19317.5
PP007837,118.0,15.0,8.1,30.6,67.4,71.7,57.7,Glossy,Night,Average,Type_A,Medium,292,Op08,B11,31045.9
PP007838,93.0,2.4,7.4,21.9,39.8,87.2,29.9,Matte,Afternoon,Good,Type_B,Low,151,Op04,B06,33215.5
PP007839,85.9,11.3,10.9,28.5,38.8,60.9,22.9,Standard,Morning,Good,Type_B,Medium,51,Op03,B09,44086.8
PP007840,108.9,10.8,9.8,26.1,35.0,85.3,43.5,Glossy,Night,Poor,Type_C,Low,77,Op08,B20,28120.8
PP007841,162.3,6.1,13.0,27.5,59.1,76.9,17.9,Cardstock,Morning,Good,Type_C,Low,145,Op03,B04,79709.4
PP007842,87.1,0.9,15.4,32.0,28.6,28.2,35.1,Glossy,Afternoon,Good,Type_D,Low,68,Op01,B04,33476.3
PP007843,148.1,1.8,8.9,15.0,43.8,80.2,27.0,Standard,Night,Good,Type_B,Low,23,Op10,B02,64567.1
PP007844,158.3,3.3,10.2,21.9,44.9,72.0,31.3,Glossy,Morning,Poor,Type_A,Medium,329,Op06,B08,69280.0
PP007845,95.5,4.0,11.6,22.8,62.1,75.1,28.0,Standard,Morning,Average,Type_C,Medium,29,Op06,B07,56406.9
PP007846,119.3,1.6,7.3,29.2,84.1,93.3,62.1,Matte,Morning,Poor,Type_C,Low,46,Op05,B04,27571.4
PP007847,105.3,3.9,10.5,17.8,65.4,28.9,48.1,Standard,Morning,Good,Type_A,Medium,92,Op06,B18,42743.6
PP007848,152.1,1.2,5.7,24.3,57.2,15.4,40.4,Standard,Night,Good,Type_A,Low,259,Op10,B04,14975.7
PP007849,174.3,3.3,8.7,15.0,55.1,86.0,53.6,Glossy,Afternoon,Average,Type_B,High,88,Op03,B06,57888.2
PP007850,116.7,6.1,12.0,25.9,53.0,92.5,44.4,Standard,Morning,Average,Type_B,High,349,Op07,B14,75350.0
PP007851,97.3,1.4,5.3,17.1,36.0,79.5,42.9,Standard,Afternoon,Good,Type_C,Medium,186,Op03,B16,23159.8
PP007852,180.0,1.8,10.6,25.1,71.2,90.2,46.4,Standard,Night,Good,Type_A,High,5,Op01,B03,74715.8
PP007853,82.1,2.6,13.6,32.8,43.8,38.3,92.6,Standard,Afternoon,Good,Type_A,High,185,Op02,B12,41853.3
PP007854,99.3,3.0,10.0,28.6,45.4,90.0,47.2,Cardstock,Morning,Good,Type_C,Medium,116,Op05,B01,48418.0
PP007855,77.6,2.4,9.7,,61.1,92.8,27.3,Cardstock,Night,Good,Type_D,High,121,Op07,B05,33451.9
PP007856,123.6,6.5,8.8,25.2,61.8,96.2,18.3,Matte,Afternoon,Good,Type_A,Medium,254,Op03,B03,63264.2
PP007857,107.7,0.9,11.4,27.6,47.8,96.1,30.3,Matte,Night,Good,Type_A,High,116,Op10,B17,70183.1
PP007858,154.8,3.9,5.5,21.9,72.6,94.0,23.2,Standard,Afternoon,Good,Type_A,High,119,Op02,B11,46259.4
PP007859,94.6,3.3,17.2,24.6,,76.0,76.7,Glossy,Night,Average,Type_B,Medium,198,Op01,B06,60750.4
PP007860,119.7,1.8,6.7,31.4,53.4,98.9,37.1,Cardstock,Afternoon,Average,Type_B,High,72,Op08,B10,39169.2
PP007861,143.0,0.8,10.2,29.0,63.4,87.9,28.0,Matte,Afternoon,Average,Type_B,High,102,Op01,B18,83811.5
PP007862,102.5,7.8,6.3,24.3,44.7,78.8,20.5,Standard,Morning,Good,Type_A,Medium,285,Op06,B08,36416.5
PP007863,74.6,0.7,12.9,21.9,42.2,,18.1,Matte,Night,Average,Type_C,Medium,82,Op06,B09,39223.0
PP007864,97.3,7.2,7.4,29.8,34.1,79.5,19.8,Matte,Night,Good,Type_D,High,344,Op07,B04,34414.9
PP007865,50.8,1.2,11.5,23.1,49.7,84.6,23.3,Standard,Night,Average,Type_C,Low,278,Op03,B17,21440.2
PP007866,147.7,0.6,8.4,26.4,27.1,70.4,45.1,Standard,Night,Good,Type_B,Medium,55,Op09,B06,66390.9
PP007867,121.7,2.9,13.0,21.3,48.8,67.5,37.5,Matte,Night,Good,Type_B,Medium,24,Op07,B12,79982.9
PP007868,160.7,2.0,7.7,22.7,51.8,90.4,22.4,Cardstock,Morning,Good,Type_D,Medium,170,Op01,B20,65231.6
PP007869,113.3,12.6,24.0,,55.4,86.6,50.6,Cardstock,Afternoon,Poor,Type_A,Medium,340,Op01,B01,21443.9
PP007870,131.2,4.1,8.0,18.9,45.9,83.6,39.6,Standard,Night,Average,Type_D,Low,320,Op04,B15,48196.1
PP007871,70.3,0.4,17.6,25.7,66.2,93.8,36.9,Cardstock,Afternoon,Good,Type_B,Medium,64,Op01,B04,52984.3
PP007872,45.8,13.4,15.1,26.7,69.4,98.4,60.5,Standard,Night,Average,Type_A,High,132,Op01,B13,21038.7
PP007873,87.6,3.2,13.2,,50.0,63.0,47.7,Glossy,Morning,Good,Type_C,Low,104,Op03,B13,48903.1
PP007874,135.6,2.1,10.7,21.7,35.5,96.4,25.1,Matte,Morning,Poor,Type_B,High,81,Op08,B15,76069.1
PP007875,138.2,0.4,8.2,18.2,66.6,98.5,17.6,Standard,Afternoon,Good,Type_A,Medium,223,Op06,B10,69406.8
PP007876,123.6,3.4,15.2,28.6,71.9,97.8,17.7,Standard,Night,Good,Type_A,Medium,80,Op10,B14,103393.2
PP007877,180.0,4.9,4.6,32.1,69.1,86.3,48.7,Standard,Night,Poor,Type_A,High,122,Op02,B03,22249.8
PP007878,106.8,3.0,10.3,20.5,56.6,91.3,30.7,Standard,Morning,Average,Type_A,High,2,Op06,B16,63192.8
PP007879,116.4,2.4,10.0,37.0,60.8,81.9,36.9,Matte,Morning,Good,Type_C,High,23,Op02,B01,58305.3
PP007880,100.9,2.1,10.8,24.0,56.3,91.9,59.0,Matte,Morning,Good,Type_B,Medium,122,Op03,B17,59485.1
PP007881,87.5,6.8,11.0,26.3,43.5,93.0,27.9,Standard,Morning,Good,Type_B,Low,77,Op03,B16,48087.2
PP007882,122.1,5.4,11.6,26.3,63.2,52.6,53.7,Cardstock,Afternoon,Average,Type_D,High,117,Op06,B08,59167.6
PP007883,69.4,2.2,9.9,26.0,62.3,89.1,38.5,Standard,Afternoon,Average,Type_D,Medium,325,Op02,B11,31501.3
PP007884,48.8,4.1,10.4,20.8,78.6,90.9,40.1,Glossy,Morning,Good,Type_C,High,96,Op02,B01,20470.9
PP007885,120.5,15.0,13.8,31.1,,64.4,22.3,Standard,Morning,Good,Type_D,Medium,7,Op02,B17,72549.5
PP007886,119.3,0.9,12.6,22.4,33.5,94.9,11.7,Matte,Afternoon,Good,Type_A,Medium,247,Op07,B19,86193.9
PP007887,89.2,0.0,7.3,24.2,61.8,83.2,49.2,Cardstock,Morning,Poor,Type_A,Low,362,Op04,B01,21884.2
PP007888,115.5,12.4,8.4,24.5,24.7,,37.9,Matte,Afternoon,Average,Type_D,Medium,203,Op02,B12,18289.8
PP007889,112.9,15.0,6.6,,43.3,95.7,41.2,Glossy,Night,Good,Type_C,High,283,Op03,B20,27540.9
PP007890,72.7,5.3,17.7,21.7,62.8,82.0,13.2,Cardstock,Night,Average,Type_A,Medium,141,Op02,B10,50420.7
PP007891,89.6,5.0,11.3,20.0,68.0,76.3,18.9,Matte,Afternoon,Average,Type_C,Low,214,Op01,B04,42206.6
PP007892,124.5,1.8,7.5,22.6,56.7,82.9,52.0,Glossy,Morning,Good,Type_A,High,236,Op03,B06,50935.6
PP007893,141.0,7.2,6.4,21.7,53.4,87.3,18.5,Glossy,Night,Average,Type_D,Medium,354,Op09,B06,46121.0
PP007894,105.2,2.1,6.4,33.7,60.0,95.7,37.9,Cardstock,Afternoon,Average,Type_C,High,137,Op07,B02,30035.1
PP007895,30.0,6.5,7.8,22.2,76.1,88.2,27.4,Matte,Afternoon,Poor,Type_A,Medium,221,Op06,B17,5942.4
PP007896,102.3,2.7,8.1,18.0,56.1,94.9,51.6,Standard,Night,Good,Type_B,High,125,Op06,B01,42767.3
PP007897,104.5,2.3,7.0,27.4,32.1,86.3,43.0,Standard,Night,Average,Type_A,High,356,Op04,B07,36347.8
PP007898,116.2,0.4,11.4,17.1,75.7,92.6,35.8,Standard,Night,Average,Type_C,Medium,233,Op01,B13,61082.9
PP007899,66.8,5.2,14.4,28.8,39.0,,32.5,Matte,Morning,Good,Type_A,Medium,365,Op05,B16,38068.1
PP007900,71.8,4.4,12.1,28.3,54.3,69.4,29.2,Standard,Afternoon,Good,Type_B,High,304,Op09,B13,42552.3
PP007901,162.7,6.7,8.8,23.5,74.8,94.5,65.7,Standard,Night,Good,Type_A,Medium,332,Op05,B12,60917.4
PP007902,142.4,0.5,15.5,25.4,47.0,91.3,44.3,Cardstock,Morning,Good,Type_B,Medium,269,Op08,B03,123747.7
PP007903,89.3,1.1,12.8,16.8,35.9,83.4,22.0,Cardstock,Morning,Good,Type_D,Medium,66,Op10,B16,49970.3
PP007904,126.7,1.1,6.8,,54.0,93.5,20.2,Standard,Morning,Good,Type_D,Low,217,Op10,B10,44112.5
PP007905,165.1,0.6,13.1,28.4,54.2,76.9,53.3,Standard,Night,Good,Type_B,Low,31,Op08,B06,86767.6
PP007906,55.8,11.6,8.6,25.8,40.7,98.9,27.4,Glossy,Morning,Poor,Type_C,High,93,Op06,B13,14826.2
PP007907,180.0,2.3,6.0,33.7,49.9,97.4,13.9,Standard,Night,Good,Type_C,Medium,350,Op06,B17,43506.4
PP007908,102.9,5.4,6.4,31.2,56.4,86.4,47.9,Standard,Morning,Poor,Type_B,Medium,235,Op02,B15,27818.0
PP007909,113.1,1.2,13.1,22.6,61.3,,66.4,Matte,Morning,Good,Type_B,Medium,342,Op03,B12,78525.3
PP007910,125.6,0.9,7.7,15.0,50.6,92.5,31.1,Standard,Morning,Average,Type_C,Medium,214,Op06,B01,48233.4
PP007911,95.0,9.9,6.2,20.0,65.7,88.2,67.7,Matte,Afternoon,Average,Type_D,Medium,211,Op04,B01,21836.3
PP007912,148.0,9.0,15.0,25.3,45.0,81.7,43.5,Glossy,Afternoon,Good,Type_B,Low,144,Op09,B02,111887.6
PP007913,128.6,4.0,10.2,28.5,54.1,80.5,53.8,Glossy,Afternoon,Average,Type_B,High,34,Op07,B12,67779.0
PP007914,141.6,4.5,17.5,20.5,54.6,45.3,28.1,Standard,Night,Good,Type_B,High,170,Op07,B13,118572.8
PP007915,93.5,7.0,14.1,24.0,47.3,89.0,25.6,Standard,Night,Good,Type_D,Medium,181,Op02,B12,67664.5
PP007916,123.6,9.9,6.6,,49.1,89.3,41.6,Glossy,Night,Poor,Type_C,Low,182,Op10,B20,24713.9
PP007917,70.8,10.1,14.6,26.6,67.8,92.8,33.8,Matte,Morning,Average,Type_B,High,85,Op03,B15,44776.6
PP007918,112.4,0.3,12.9,22.6,58.5,94.8,30.3,Standard,Night,Good,Type_B,Medium,340,Op07,B07,81301.9
PP007919,141.2,1.3,7.8,21.5,53.7,91.2,38.6,Matte,Morning,Average,Type_C,High,141,Op01,B08,64234.1
PP007920,124.0,15.0,9.3,20.9,61.6,91.8,44.6,Standard,Night,Good,Type_B,Medium,222,Op06,B07,54376.3
PP007921,120.3,1.4,8.5,17.1,52.4,7.4,48.7,Standard,Morning,Good,Type_B,Medium,153,Op07,B03,27376.0
PP007922,83.5,2.7,10.0,26.5,76.3,82.7,64.3,Glossy,Morning,Good,Type_A,High,223,Op01,B07,38055.8
PP007923,104.9,1.2,10.9,23.5,40.3,71.1,43.8,Cardstock,Night,Average,Type_B,Medium,297,Op03,B01,49035.7
PP007924,115.8,0.4,8.1,27.6,60.0,94.6,34.5,Matte,Afternoon,Good,Type_A,Medium,96,Op06,B04,53587.6
PP007925,137.2,6.6,9.7,29.5,54.5,63.4,29.8,Standard,Afternoon,Good,Type_A,Medium,361,Op07,B02,72211.6
PP007926,127.5,12.5,11.3,19.1,56.1,78.5,55.7,Glossy,Afternoon,Poor,Type_C,High,94,Op03,B11,40108.1
PP007927,180.0,0.0,12.0,27.6,55.8,85.1,22.4,Matte,Morning,Good,Type_A,High,4,Op02,B17,103146.7
PP007928,159.7,3.7,8.2,25.2,34.4,92.0,31.4,Matte,Afternoon,Good,Type_D,Low,242,Op08,B19,54447.0
PP007929,108.6,0.2,15.0,29.4,46.7,87.2,83.8,Standard,Night,Good,Type_B,Medium,191,Op10,B13,81512.7
PP007930,172.8,7.3,7.3,28.2,48.1,8.0,33.3,Glossy,Morning,Good,Type_C,Medium,115,Op08,B15,8026.5
PP007931,115.8,0.3,13.2,16.6,22.5,80.5,35.6,Standard,Afternoon,Good,Type_C,Medium,152,Op02,B04,72741.7
PP007932,139.8,2.5,11.1,21.7,52.3,,30.1,Standard,Morning,Poor,Type_A,Medium,235,Op06,B10,76961.8
PP007933,117.6,3.2,14.5,28.1,53.0,78.6,33.9,Glossy,Afternoon,Good,Type_B,Medium,255,Op10,B19,90824.0
PP007934,113.2,2.6,5.7,24.7,75.2,98.8,45.6,Standard,Afternoon,Good,Type_A,Medium,111,Op03,B10,33808.9
PP007935,132.4,2.6,12.2,24.1,40.5,99.2,32.6,Standard,Afternoon,Good,Type_A,Medium,206,Op05,B15,99435.5
PP007936,98.0,4.2,8.5,19.8,49.3,73.3,35.8,Cardstock,Morning,Good,Type_D,High,65,Op07,B19,40226.7
PP007937,126.6,12.5,22.5,26.8,42.0,70.8,61.3,Standard,Afternoon,Good,Type_A,Medium,92,Op01,B03,103096.4
PP007938,59.3,2.6,6.6,17.6,36.7,95.9,29.6,Standard,Afternoon,Poor,Type_B,Low,202,Op09,B10,12688.5
PP007939,65.3,4.2,9.2,27.7,71.7,93.5,48.9,Matte,Morning,Good,Type_A,Medium,163,Op05,B04,26884.1
PP007940,113.8,0.8,16.8,26.3,58.4,97.4,18.0,Glossy,Afternoon,Good,Type_D,Low,16,Op05,B02,96747.3
PP007941,119.7,2.6,11.9,23.6,71.7,76.2,36.7,Standard,Night,Good,Type_D,Medium,218,Op04,B10,71906.2
PP007942,130.7,10.0,7.0,,71.0,99.1,37.1,Standard,Morning,Poor,Type_C,Low,316,Op09,B18,31675.6
PP007943,79.2,0.6,11.8,18.7,53.8,,22.0,Cardstock,Morning,Good,Type_C,Medium,341,Op01,B09,16841.2
PP007944,134.6,0.5,12.2,25.9,53.7,7.0,31.5,Standard,Afternoon,Average,Type_D,Medium,296,Op04,B12,41248.2
PP007945,119.6,1.3,9.2,22.0,65.7,75.9,32.5,Standard,Afternoon,Poor,Type_A,High,163,Op04,B01,53903.7
PP007946,118.6,5.8,9.9,23.1,49.6,72.0,36.9,Cardstock,Morning,Average,Type_D,High,198,Op04,B09,54434.2
PP007947,118.6,13.9,7.7,27.3,50.9,78.1,12.5,Glossy,Night,Poor,Type_A,High,99,Op06,B11,26029.7
PP007948,111.8,15.0,9.5,25.1,67.0,90.2,45.8,Standard,Morning,Average,Type_C,Medium,118,Op03,B03,42756.9
PP007949,103.7,0.9,5.8,25.3,51.3,81.9,44.7,Matte,Morning,Good,Type_C,Medium,168,Op07,B17,30036.9
PP007950,61.6,15.0,20.8,25.2,38.7,80.4,33.8,Glossy,Afternoon,Poor,Type_D,High,198,Op09,B06,4513.3
PP007951,166.8,1.8,9.3,26.1,45.5,86.0,50.2,Standard,Morning,Good,Type_B,Medium,320,Op01,B12,83083.6
PP007952,125.9,2.2,8.7,,37.8,95.6,44.8,Matte,Afternoon,Good,Type_B,Medium,125,Op05,B02,61356.2
PP007953,112.5,0.5,11.8,26.4,70.7,90.6,17.6,Cardstock,Morning,Good,Type_B,High,144,Op08,B05,73632.6
PP007954,135.0,5.7,10.7,28.7,62.9,93.6,28.1,Standard,Morning,Average,Type_A,Low,81,Op09,B03,75983.0
PP007955,143.0,2.0,7.5,27.7,41.8,77.6,40.2,Standard,Afternoon,Good,Type_C,High,227,Op05,B01,62800.8
PP007956,103.9,2.0,10.6,19.6,62.5,,28.9,Cardstock,Afternoon,Good,Type_A,Medium,224,Op04,B07,54795.4
PP007957,124.3,3.6,7.2,28.8,53.7,96.6,45.1,Standard,Night,Good,Type_A,Low,160,Op05,B16,45674.9
PP007958,30.0,5.9,7.7,19.9,56.7,95.2,32.8,Matte,Night,Average,Type_B,Low,242,Op03,B10,6987.8
PP007959,150.4,3.4,8.0,23.2,37.4,,25.6,Standard,Night,Poor,Type_D,Medium,32,Op04,B15,56293.7
PP007960,122.8,4.4,14.2,32.4,60.0,97.3,58.3,Cardstock,Afternoon,Good,Type_C,Medium,169,Op10,B13,84214.0
PP007961,112.8,1.8,7.9,27.3,51.0,96.7,21.2,Standard,Morning,Good,Type_B,High,144,Op02,B16,55894.6
PP007962,100.7,6.1,16.4,19.7,,94.6,23.0,Standard,Afternoon,Average,Type_D,Medium,187,Op05,B16,77781.2
PP007963,111.7,11.3,7.4,24.7,48.3,98.4,36.7,Glossy,Morning,Good,Type_B,Low,149,Op02,B14,40590.2
PP007964,146.0,0.9,7.7,25.5,36.2,90.4,23.1,Standard,Night,Good,Type_C,Low,308,Op06,B18,60940.5
PP007965,140.7,6.5,8.0,,50.4,85.9,23.6,Standard,Night,Good,Type_D,High,297,Op09,B08,60671.1
PP007966,90.6,0.5,21.5,23.7,52.2,68.3,29.2,Standard,Night,Average,Type_D,Medium,12,Op02,B04,74614.5
PP007967,156.8,0.9,12.2,22.2,,98.4,41.6,Cardstock,Afternoon,Good,Type_B,High,359,Op02,B04,103937.8
PP007968,113.3,0.2,9.0,25.6,46.0,81.2,45.1,Glossy,Night,Good,Type_D,High,357,Op09,B09,51908.4
PP007969,83.4,9.8,11.1,27.7,66.3,63.8,24.7,Glossy,Morning,Average,Type_A,Medium,76,Op02,B14,37653.9
PP007970,122.7,9.9,10.6,20.0,63.3,48.1,23.7,Standard,Night,Average,Type_C,Medium,142,Op07,B01,51954.6
PP007971,88.8,3.2,11.2,29.6,46.5,66.0,50.2,Cardstock,Afternoon,Good,Type_C,Low,275,Op08,B17,36103.8
PP007972,96.3,5.1,5.7,25.8,45.5,96.0,16.8,Glossy,Afternoon,Good,Type_A,Medium,289,Op09,B03,29561.8
PP007973,59.1,1.4,7.9,26.8,64.3,27.4,64.7,Glossy,Morning,Good,Type_A,Medium,106,Op05,B02,13858.4
PP007974,97.5,9.0,7.6,31.4,55.2,92.2,58.5,Glossy,Afternoon,Good,Type_C,Low,176,Op09,B04,32093.3
PP007975,102.9,2.2,13.6,,51.6,88.1,26.9,Matte,Afternoon,Good,Type_B,Medium,360,Op07,B05,73669.9
PP007976,106.3,1.2,16.5,18.6,77.8,93.1,32.3,Standard,Morning,Good,Type_D,High,240,Op04,B08,92575.3
PP007977,141.4,0.2,22.3,18.1,67.5,97.5,38.6,Glossy,Morning,Good,Type_A,Medium,50,Op07,B15,159561.5
PP007978,150.8,0.6,11.5,36.9,43.2,81.0,36.9,Standard,Morning,Good,Type_D,Medium,76,Op09,B05,88227.6
PP007979,127.9,1.7,16.9,26.3,38.3,65.3,30.7,Glossy,Night,Good,Type_D,High,106,Op01,B04,114278.1
PP007980,78.7,7.5,7.8,23.5,,86.3,24.8,Standard,Afternoon,Average,Type_A,High,125,Op02,B15,31301.9
PP007981,127.3,3.0,12.9,16.8,51.5,82.6,47.9,Cardstock,Night,Good,Type_A,Medium,334,Op05,B05,76796.3
PP007982,110.3,3.7,19.3,23.5,35.3,89.6,13.9,Glossy,Night,Good,Type_B,High,274,Op08,B12,111848.2
PP007983,97.6,1.9,8.0,,56.8,88.2,47.4,Glossy,Night,Good,Type_C,High,240,Op08,B08,35691.5
PP007984,113.6,1.1,11.5,27.7,67.4,83.0,44.3,Cardstock,Night,Good,Type_B,High,215,Op04,B01,64833.3
PP007985,160.0,15.0,9.4,32.6,33.5,96.3,32.0,Standard,Morning,Average,Type_D,High,94,Op02,B09,56519.7
PP007986,116.1,0.1,6.0,25.4,63.2,93.0,21.2,Cardstock,Afternoon,Good,Type_B,Medium,72,Op02,B15,37451.1
PP007987,143.7,9.2,7.0,23.9,42.9,85.4,71.7,Standard,Afternoon,Good,Type_B,Medium,272,Op06,B10,52907.9
PP007988,63.0,2.3,10.0,19.9,53.1,64.7,38.5,Matte,Night,Average,Type_A,Low,163,Op07,B04,22865.8
PP007989,123.5,5.8,9.3,24.5,,92.7,19.1,Standard,Night,Poor,Type_D,Medium,349,Op04,B11,54884.7
PP007990,155.4,15.0,6.6,21.2,71.8,21.9,30.2,Standard,Night,Average,Type_D,Low,86,Op02,B04,2611.6
PP007991,87.5,4.6,8.1,33.9,59.2,93.1,42.9,Glossy,Morning,Good,Type_C,High,341,Op05,B20,34417.5
PP007992,93.3,9.7,6.4,21.1,57.6,99.0,27.0,Standard,Night,Good,Type_B,High,306,Op05,B20,31330.3
PP007993,151.0,3.7,14.6,33.9,52.5,97.6,28.1,Glossy,Afternoon,Good,Type_D,Medium,325,Op04,B08,108862.8
PP007994,95.9,15.0,18.5,27.6,44.8,78.5,61.3,Standard,Morning,Average,Type_B,Medium,365,Op10,B08,57490.9
PP007995,133.3,5.5,16.4,18.5,58.3,99.2,38.7,Cardstock,Morning,Average,Type_C,Low,69,Op06,B17,96117.6
PP007996,111.1,2.9,6.6,26.4,78.1,53.4,23.0,Standard,Night,Average,Type_D,Medium,164,Op01,B05,31955.1
PP007997,84.7,2.5,13.4,28.3,29.5,91.8,29.7,Standard,Afternoon,Good,Type_C,Low,356,Op10,B06,51533.0
PP007998,100.4,11.7,19.7,17.6,60.7,83.3,56.4,Cardstock,Night,Average,Type_A,Medium,53,Op03,B16,55798.3
PP007999,121.8,5.2,15.5,27.8,62.4,11.5,33.7,Standard,Afternoon,Average,Type_B,Medium,267,Op08,B07,50824.6
PP008000,125.1,6.7,6.4,28.1,50.0,98.8,60.0,Standard,Night,Good,Type_A,Medium,91,Op04,B16,39421.6
PP008001,180.0,2.6,9.8,,48.7,80.4,29.9,Standard,Night,Good,Type_A,High,158,Op07,B05,78860.1
PP008002,104.2,3.6,8.4,25.8,37.0,88.0,45.9,Standard,Afternoon,Good,Type_A,Medium,210,Op04,B04,47438.0
PP008003,93.9,1.1,9.4,38.1,40.3,83.0,10.8,Matte,Night,Average,Type_C,High,138,Op03,B05,39453.7
PP008004,180.0,13.7,9.3,27.6,51.3,41.7,46.1,Standard,Morning,Average,Type_C,Medium,158,Op03,B04,30398.7
PP008005,103.2,1.3,12.3,26.6,40.2,93.3,21.1,Standard,Morning,Average,Type_A,Medium,88,Op10,B17,73553.2
PP008006,114.2,4.2,11.3,25.9,,71.1,31.9,Matte,Afternoon,Average,Type_D,High,39,Op01,B01,66905.4
PP008007,107.3,0.1,10.8,26.1,,82.6,47.7,Matte,Afternoon,Good,Type_A,Medium,1,Op08,B16,59695.4
PP008008,58.4,2.4,11.9,24.5,59.3,98.7,44.4,Standard,Night,Good,Type_A,Medium,260,Op02,B18,33600.5
PP008009,71.4,2.7,5.2,25.2,69.1,90.5,67.9,Standard,Morning,Average,Type_A,Medium,52,Op08,B12,15472.1
PP008010,89.5,1.3,8.9,25.7,50.6,95.7,19.8,Glossy,Morning,Good,Type_C,Medium,323,Op02,B13,41136.2
PP008011,156.9,14.9,6.6,21.1,47.5,85.8,32.6,Matte,Morning,Average,Type_B,Medium,232,Op06,B09,42279.6
PP008012,104.1,5.1,8.1,25.5,50.4,72.9,57.8,Standard,Night,Good,Type_B,Medium,102,Op03,B07,40754.6
PP008013,140.5,9.9,6.8,25.9,60.6,93.7,25.1,Standard,Afternoon,Average,Type_B,Low,57,Op04,B11,48031.4
PP008014,110.6,7.1,9.8,19.2,51.6,20.1,15.5,Glossy,Afternoon,Average,Type_D,High,163,Op02,B15,29253.2
PP008015,100.2,1.2,7.7,24.7,61.5,85.2,37.7,Standard,Afternoon,Average,Type_A,Medium,213,Op07,B04,39634.8
PP008016,145.4,3.4,21.4,21.2,63.4,97.7,47.2,Glossy,Morning,Good,Type_C,Low,145,Op01,B13,140166.2
PP008017,111.4,4.7,11.9,21.1,59.1,74.9,33.4,Standard,Morning,Good,Type_D,Low,149,Op04,B02,68558.9
PP008018,127.8,1.1,7.6,26.2,55.6,75.9,17.4,Glossy,Morning,Good,Type_C,Medium,151,Op04,B17,57351.2
PP008019,155.5,3.3,9.5,25.6,60.8,87.7,11.8,Standard,Night,Average,Type_C,Medium,116,Op01,B01,77017.0
PP008020,150.7,2.0,10.4,31.3,32.2,24.1,25.4,Cardstock,Morning,Good,Type_A,Medium,44,Op01,B12,43650.4
PP008021,119.6,1.8,9.9,18.8,51.3,82.0,52.1,Glossy,Morning,Average,Type_C,High,252,Op05,B03,61127.2
PP008022,30.0,9.1,14.4,26.5,46.0,91.4,30.0,Glossy,Afternoon,Average,Type_D,Medium,80,Op07,B11,13342.9
PP008023,154.2,9.4,8.3,20.8,44.3,,57.2,Matte,Afternoon,Average,Type_C,Medium,327,Op05,B07,55837.2
PP008024,140.4,1.9,18.7,26.2,47.8,77.1,73.9,Standard,Night,Good,Type_A,High,80,Op10,B08,145093.7
PP008025,122.4,10.9,6.3,29.4,51.7,84.5,76.4,Standard,Morning,Average,Type_C,Medium,42,Op07,B19,31509.6
PP008026,180.0,2.6,8.3,27.4,40.8,82.6,30.2,Glossy,Night,Average,Type_C,High,156,Op08,B17,55119.4
PP008027,144.1,9.1,9.6,19.6,55.6,90.4,23.5,Standard,Night,Average,Type_D,Low,102,Op05,B02,62620.7
PP008028,90.2,1.5,10.5,23.9,66.5,97.0,17.5,Cardstock,Morning,Good,Type_B,Medium,94,Op06,B04,47768.1
PP008029,121.2,1.8,6.2,25.4,,76.1,22.9,Standard,Night,Average,Type_B,High,132,Op01,B18,41542.1
PP008030,109.4,1.8,11.7,25.9,34.6,90.8,73.4,Glossy,Morning,Good,Type_A,Medium,120,Op08,B05,63632.5
PP008031,107.0,0.4,10.9,18.1,40.3,93.6,47.3,Standard,Afternoon,Average,Type_C,Medium,242,Op07,B18,58066.8
PP008032,146.5,2.3,11.0,15.0,43.4,67.2,40.0,Matte,Morning,Good,Type_A,Medium,240,Op02,B15,84201.3
PP008033,132.9,1.2,13.1,22.2,48.7,91.9,44.1,Standard,Night,Average,Type_D,High,319,Op04,B17,93647.5
PP008034,180.0,0.0,20.8,22.3,44.9,80.6,36.5,Glossy,Morning,Average,Type_A,Medium,182,Op09,B18,128321.4
PP008035,65.1,1.7,13.7,31.0,46.5,83.6,17.2,Standard,Morning,Average,Type_C,High,235,Op06,B13,42846.6
PP008036,93.8,3.1,7.6,28.3,55.8,,36.3,Standard,Afternoon,Good,Type_B,High,61,Op05,B03,31687.8
PP008037,94.2,2.8,12.2,24.3,60.1,97.7,58.5,Glossy,Afternoon,Average,Type_D,Medium,230,Op06,B12,53340.5
PP008038,88.8,5.7,11.9,16.3,54.3,79.3,120.0,Matte,Night,Poor,Type_C,Medium,170,Op08,B01,27609.9
PP008039,143.1,2.7,12.4,27.2,43.7,82.8,17.2,Matte,Afternoon,Good,Type_A,Medium,328,Op08,B01,106637.3
PP008040,56.4,3.7,7.5,21.3,29.0,81.9,34.7,Standard,Afternoon,Good,Type_C,Medium,185,Op09,B02,19315.5
PP008041,106.3,2.7,16.5,22.6,57.2,87.3,62.5,Standard,Morning,Good,Type_B,High,313,Op07,B05,95073.0
PP008042,154.1,1.7,9.6,16.7,47.2,62.4,67.4,Glossy,Morning,Good,Type_B,Medium,127,Op03,B15,67188.1
PP008043,142.6,3.8,8.2,22.3,58.8,70.6,17.8,Glossy,Night,Good,Type_A,Low,82,Op07,B03,61903.8
PP008044,108.1,1.6,7.2,20.2,57.5,,17.0,Glossy,Afternoon,Good,Type_D,High,67,Op05,B13,43680.6
PP008045,151.6,2.2,7.8,34.0,32.7,92.4,27.0,Matte,Morning,Good,Type_A,High,277,Op03,B16,65230.5
PP008046,76.6,2.8,6.6,24.6,55.0,76.9,120.0,Cardstock,Morning,Average,Type_B,Medium,107,Op04,B13,15635.2
PP008047,100.7,6.1,9.5,23.1,57.7,78.9,26.8,Cardstock,Morning,Good,Type_A,Medium,118,Op06,B08,47702.3
PP008048,136.5,6.9,13.4,27.0,39.7,73.5,51.8,Standard,Afternoon,Good,Type_A,Low,238,Op03,B09,90926.4
PP008049,155.1,0.6,7.2,18.6,62.7,79.0,24.3,Cardstock,Morning,Good,Type_A,Low,265,Op01,B15,45606.5
PP008050,173.2,6.0,8.7,20.1,60.5,66.5,47.8,Matte,Afternoon,Average,Type_A,Medium,83,Op01,B09,62304.0
PP008051,111.0,6.6,12.0,26.8,55.6,84.1,24.3,Standard,Morning,Good,Type_C,Medium,299,Op10,B02,73608.2
PP008052,97.7,1.8,12.2,19.8,48.6,66.0,61.8,Glossy,Afternoon,Good,Type_D,Low,261,Op09,B15,48572.0
PP008053,77.5,10.8,10.2,23.1,34.5,52.5,50.3,Standard,Night,Average,Type_B,Medium,15,Op04,B13,28328.4
PP008054,106.9,0.8,9.3,17.9,44.4,89.3,22.4,Cardstock,Morning,Good,Type_C,Medium,83,Op03,B02,47206.7
PP008055,120.8,0.6,10.6,26.9,56.9,90.6,22.4,Standard,Afternoon,Average,Type_D,Low,234,Op04,B07,64923.4
PP008056,99.2,2.2,6.1,27.2,61.6,71.0,22.4,Matte,Afternoon,Good,Type_B,Low,64,Op04,B02,28645.1
PP008057,118.0,3.7,11.0,22.2,55.0,77.7,28.5,Standard,Afternoon,Good,Type_C,Low,279,Op08,B18,66838.1
PP008058,88.3,0.2,17.7,20.1,73.1,90.6,30.7,Glossy,Night,Good,Type_B,High,165,Op01,B01,73983.3
PP008059,105.4,0.5,11.2,21.9,,96.4,21.3,Standard,Morning,Good,Type_D,Low,241,Op08,B13,65436.9
PP008060,175.9,8.2,9.5,23.5,30.9,80.6,43.6,Standard,Night,Average,Type_C,Medium,179,Op01,B12,60219.1
PP008061,137.0,11.1,9.9,19.4,67.2,88.0,36.6,Matte,Morning,Average,Type_C,Medium,167,Op06,B14,64723.5
PP008062,158.9,4.2,8.9,26.2,56.6,78.5,24.7,Glossy,Morning,Poor,Type_D,Medium,317,Op04,B13,60899.6
PP008063,56.8,5.9,8.5,25.3,46.8,94.6,39.6,Matte,Night,Good,Type_A,Medium,42,Op07,B04,21219.1
PP008064,149.5,1.7,9.3,18.3,43.1,98.1,27.7,Cardstock,Afternoon,Good,Type_A,High,166,Op09,B14,79136.2
PP008065,147.4,4.1,14.7,21.9,31.2,96.3,38.2,Glossy,Morning,Poor,Type_A,High,112,Op04,B08,107148.1
PP008066,105.7,7.8,10.2,26.3,51.4,93.6,45.0,Matte,Morning,Good,Type_C,High,76,Op07,B05,58473.6
PP008067,121.0,3.6,8.3,17.1,53.9,95.3,31.1,Standard,Afternoon,Good,Type_C,High,363,Op08,B17,56197.5
PP008068,120.0,1.7,15.6,26.8,66.3,85.0,34.1,Standard,Night,Good,Type_A,High,129,Op06,B20,105266.0
PP008069,91.5,0.2,10.7,19.7,49.3,69.2,41.7,Standard,Morning,Good,Type_B,Medium,352,Op05,B03,49926.6
PP008070,111.9,3.1,8.4,21.2,41.7,93.5,21.8,Standard,Night,Good,Type_A,High,127,Op06,B02,57211.4
PP008071,180.0,15.0,17.9,24.5,56.9,66.6,30.2,Standard,Morning,Good,Type_B,Low,267,Op10,B12,40848.7
PP008072,162.3,0.3,20.6,33.3,44.7,91.6,15.4,Standard,Afternoon,Good,Type_A,Medium,168,Op09,B18,163248.8
PP008073,158.8,5.7,6.5,30.4,61.2,24.3,27.4,Standard,Night,Poor,Type_C,Medium,82,Op04,B05,15805.1
PP008074,96.8,1.3,10.1,26.1,67.1,86.8,10.0,Glossy,Night,Good,Type_D,Medium,34,Op05,B11,48749.9
PP008075,111.2,2.5,19.9,23.9,52.2,85.1,20.5,Standard,Afternoon,Good,Type_C,High,311,Op07,B14,119576.9
PP008076,90.3,7.7,12.8,19.4,44.4,67.7,36.8,Matte,Afternoon,Good,Type_C,Medium,22,Op07,B19,52522.3
PP008077,77.0,1.1,6.1,22.7,52.2,67.7,27.6,Glossy,Morning,Average,Type_D,Low,186,Op02,B02,18805.0
PP008078,127.9,1.3,8.3,23.9,41.2,65.7,23.8,Standard,Morning,Good,Type_A,Medium,97,Op08,B04,62596.1
PP008079,135.3,2.0,11.2,17.1,42.9,59.1,17.9,Matte,Afternoon,Average,Type_C,High,332,Op03,B01,75494.2
PP008080,56.7,5.1,18.4,29.6,53.9,93.9,40.2,Glossy,Morning,Average,Type_B,Medium,12,Op09,B03,42384.8
PP008081,110.6,13.0,22.6,27.6,46.9,71.5,39.0,Matte,Night,Poor,Type_A,High,132,Op04,B14,31432.0
PP008082,99.3,2.7,9.5,19.1,60.7,77.0,29.2,Matte,Night,Good,Type_A,Low,194,Op01,B06,45556.3
PP008083,148.3,2.1,21.4,19.2,52.5,83.1,18.7,Standard,Night,Good,Type_B,Medium,16,Op01,B20,172739.4
PP008084,66.3,2.0,12.4,20.0,65.8,98.2,45.1,Matte,Night,Good,Type_A,Medium,263,Op04,B19,38536.5
PP008085,110.4,1.6,8.3,22.8,47.7,69.4,17.3,Matte,Night,Good,Type_A,Medium,222,Op04,B08,48371.4
PP008086,104.3,10.4,7.5,26.1,47.1,96.9,35.1,Cardstock,Night,Average,Type_D,Medium,327,Op01,B02,32097.3
PP008087,156.0,7.9,6.9,16.9,59.4,77.7,13.1,Cardstock,Afternoon,Average,Type_A,Low,98,Op07,B17,36221.9
PP008088,104.6,7.8,8.5,23.6,,87.7,22.5,Standard,Afternoon,Average,Type_A,Low,187,Op07,B06,42256.0
PP008089,111.3,2.2,17.6,25.7,52.4,89.2,21.0,Standard,Morning,Good,Type_A,High,83,Op09,B12,115295.1
PP008090,124.3,0.0,8.1,32.2,26.5,99.2,42.1,Cardstock,Afternoon,Good,Type_D,Low,210,Op07,B18,42932.4
PP008091,102.9,0.6,21.8,18.8,52.5,,26.0,Standard,Afternoon,Good,Type_B,High,304,Op10,B20,112929.4
PP008092,135.5,2.5,10.7,22.7,55.9,84.3,41.4,Standard,Morning,Good,Type_D,Medium,255,Op03,B16,84455.5
PP008093,74.4,5.7,9.3,25.7,66.3,89.2,18.6,Matte,Night,Average,Type_B,High,174,Op03,B06,32265.1
PP008094,120.0,7.2,18.3,26.9,38.9,84.8,31.1,Standard,Morning,Average,Type_B,Medium,358,Op10,B07,112866.2
PP008095,83.2,1.5,18.5,18.1,71.1,99.2,42.9,Glossy,Afternoon,Good,Type_C,Medium,305,Op10,B19,67007.1
PP008096,79.8,3.6,19.1,21.6,57.7,45.1,42.9,Matte,Morning,Good,Type_B,Medium,282,Op09,B07,62816.9
PP008097,139.9,15.0,17.7,30.7,63.3,91.7,29.4,Standard,Morning,Average,Type_A,High,158,Op04,B14,104311.9
PP008098,107.5,14.7,15.8,29.6,35.3,87.1,47.1,Standard,Night,Poor,Type_A,Medium,107,Op10,B04,37684.1
PP008099,130.7,14.4,9.7,26.7,48.7,64.5,24.6,Cardstock,Morning,Average,Type_B,Medium,54,Op05,B17,48733.5
PP008100,120.5,12.6,12.3,18.5,45.2,87.1,16.7,Cardstock,Afternoon,Poor,Type_C,Medium,14,Op02,B18,37005.9
PP008101,93.2,7.5,9.5,29.9,51.4,97.1,78.8,Standard,Afternoon,Average,Type_A,Medium,246,Op08,B15,38655.1
PP008102,152.3,14.3,7.0,24.4,56.1,97.4,44.6,Glossy,Morning,Poor,Type_D,Medium,153,Op04,B16,27932.2
PP008103,102.0,2.1,6.9,25.0,37.4,80.8,16.8,Standard,Night,Good,Type_D,High,168,Op10,B01,37821.8
PP008104,114.6,3.4,6.8,15.0,53.0,,84.4,Glossy,Night,Good,Type_B,Medium,361,Op09,B09,10373.4
PP008105,105.7,1.3,8.1,20.2,57.3,74.9,41.6,Glossy,Morning,Average,Type_A,Low,68,Op08,B05,39042.7
PP008106,114.7,1.7,8.8,20.7,43.2,92.8,39.6,Glossy,Morning,Good,Type_B,High,290,Op06,B06,59680.3
PP008107,148.0,6.5,8.4,17.8,50.6,61.2,44.4,Standard,Afternoon,Good,Type_A,Medium,365,Op06,B01,63882.9
PP008108,124.2,4.3,9.0,23.3,68.0,97.6,69.9,Glossy,Morning,Average,Type_C,High,108,Op06,B07,54480.5
PP008109,180.0,5.1,8.0,,73.9,85.7,40.0,Standard,Night,Average,Type_B,Medium,291,Op04,B15,46825.7
PP008110,92.5,0.4,13.4,27.2,33.9,80.6,21.6,Matte,Morning,Good,Type_D,Medium,89,Op03,B10,62403.6
PP008111,92.8,0.0,15.7,33.3,49.8,87.7,40.5,Standard,Afternoon,Good,Type_D,Medium,97,Op08,B13,72135.9
PP008112,131.7,15.0,14.1,24.1,48.3,78.1,69.4,Glossy,Morning,Poor,Type_B,Low,31,Op02,B06,37307.0
PP008113,79.2,9.6,6.1,26.8,37.4,90.6,58.9,Standard,Morning,Good,Type_C,High,362,Op02,B17,22609.5
PP008114,71.8,0.1,10.9,33.4,45.1,86.8,37.3,Matte,Afternoon,Good,Type_B,Medium,312,Op08,B09,36621.9
PP008115,129.1,6.8,9.1,31.8,63.7,90.6,67.2,Standard,Morning,Good,Type_C,Medium,272,Op03,B20,59204.1
PP008116,112.0,15.0,9.1,23.6,40.2,80.8,17.6,Cardstock,Afternoon,Poor,Type_C,Low,25,Op07,B04,16179.2
PP008117,130.7,1.7,12.4,27.4,80.5,81.6,47.9,Standard,Morning,Good,Type_A,Medium,106,Op06,B06,85716.9
PP008118,120.1,0.1,11.4,21.5,59.0,93.0,41.3,Standard,Night,Good,Type_D,Low,267,Op06,B18,67037.7
PP008119,73.1,0.5,7.3,29.1,45.5,11.3,28.7,Standard,Morning,Average,Type_B,High,249,Op08,B11,12856.3
PP008120,91.1,6.3,11.0,20.8,64.8,83.5,43.2,Matte,Night,Good,Type_B,Medium,235,Op08,B11,47544.1
PP008121,122.7,6.6,7.7,25.7,34.9,97.7,33.1,Standard,Morning,Poor,Type_B,Medium,358,Op10,B04,46052.2
PP008122,180.0,6.4,13.7,21.4,56.8,22.0,46.1,Glossy,Morning,Average,Type_A,Medium,206,Op07,B06,15514.3
PP008123,144.3,14.2,7.0,29.1,44.4,88.3,26.4,Glossy,Afternoon,Average,Type_B,Medium,169,Op01,B16,43107.6
PP008124,86.3,0.2,12.1,27.7,46.6,89.5,78.6,Glossy,Afternoon,Good,Type_B,High,153,Op07,B19,50819.0
PP008125,138.2,5.6,15.1,24.6,55.7,39.5,20.6,Standard,Afternoon,Good,Type_C,Medium,215,Op04,B06,102530.9
PP008126,84.1,1.2,15.2,20.1,53.0,75.1,27.5,Glossy,Morning,Poor,Type_C,Medium,131,Op07,B17,50939.1
PP008127,115.0,1.8,12.2,21.7,66.0,75.6,65.5,Standard,Night,Good,Type_B,Medium,197,Op06,B20,70436.6
PP008128,154.7,5.6,12.8,17.5,64.6,75.9,41.9,Glossy,Morning,Good,Type_C,High,269,Op05,B15,96369.2
PP008129,125.6,2.4,10.9,30.3,,89.5,76.3,Standard,Afternoon,Good,Type_B,Medium,146,Op01,B08,70520.6
PP008130,107.8,3.5,19.9,29.3,42.2,18.8,28.6,Glossy,Afternoon,Good,Type_C,High,139,Op01,B01,58449.5
PP008131,147.4,1.2,11.7,22.1,74.9,96.5,35.6,Cardstock,Afternoon,Good,Type_C,Medium,221,Op09,B15,89229.9
PP008132,124.8,15.0,8.6,15.0,,94.0,21.5,Glossy,Morning,Average,Type_A,High,169,Op02,B01,40941.0
PP008133,76.1,4.6,11.4,21.3,58.0,86.1,26.9,Standard,Morning,Good,Type_D,Medium,219,Op08,B18,45518.2
PP008134,94.3,4.5,11.7,24.5,42.3,71.0,11.9,Standard,Night,Average,Type_B,High,205,Op05,B10,55001.2
PP008135,138.7,0.9,10.7,19.9,53.4,89.3,24.8,Matte,Afternoon,Good,Type_A,Medium,147,Op01,B12,85918.0
PP008136,91.7,4.7,15.9,16.7,42.8,99.7,21.2,Standard,Morning,Poor,Type_D,High,352,Op02,B18,59639.6
PP008137,143.6,2.1,8.0,19.5,61.0,90.1,15.8,Cardstock,Morning,Poor,Type_A,Medium,338,Op01,B10,55977.2
PP008138,163.2,0.0,11.7,28.2,36.0,77.4,42.0,Standard,Morning,Good,Type_D,Medium,144,Op05,B09,101177.2
PP008139,102.9,7.4,10.1,20.5,30.4,81.1,72.0,Glossy,Night,Average,Type_C,Medium,351,Op08,B02,39545.1
PP008140,145.4,2.2,7.5,22.2,38.2,95.2,13.8,Glossy,Morning,Good,Type_A,Low,16,Op09,B15,64731.2
PP008141,115.8,2.0,13.9,25.3,54.4,94.5,22.0,Cardstock,Night,Good,Type_B,Low,276,Op07,B03,74783.0
PP008142,123.6,5.5,7.5,31.2,48.9,91.5,22.2,Standard,Afternoon,Average,Type_A,Medium,332,Op01,B08,50035.7
PP008143,56.2,4.1,11.7,26.7,51.0,94.8,53.7,Matte,Afternoon,Good,Type_D,Medium,219,Op05,B06,28139.3
PP008144,80.9,13.0,12.7,26.1,49.0,,68.4,Cardstock,Afternoon,Poor,Type_B,High,155,Op09,B01,21696.9
PP008145,120.4,0.8,9.0,22.9,57.9,61.0,39.3,Glossy,Afternoon,Average,Type_D,Medium,206,Op01,B11,51911.1
PP008146,169.7,11.1,5.7,18.5,49.2,95.1,54.9,Standard,Morning,Good,Type_D,Medium,341,Op03,B11,42453.0
PP008147,86.0,0.6,8.5,18.3,60.4,87.6,16.4,Glossy,Night,Good,Type_A,Medium,18,Op09,B13,35495.0
PP008148,147.7,14.5,9.0,29.9,40.9,95.2,63.7,Standard,Morning,Good,Type_A,Medium,205,Op03,B18,64154.6
PP008149,139.2,0.1,12.5,33.8,44.4,70.4,26.5,Matte,Morning,Good,Type_B,Low,276,Op04,B10,89799.1
PP008150,99.9,4.4,10.8,27.2,51.2,96.6,61.9,Glossy,Night,Poor,Type_B,Low,349,Op09,B14,35853.3
PP008151,108.9,7.5,10.8,21.9,38.6,89.5,54.5,Glossy,Morning,Poor,Type_B,Medium,291,Op06,B15,48529.1
PP008152,134.5,15.0,10.7,21.6,45.3,95.0,35.8,Matte,Night,Average,Type_B,Medium,355,Op05,B06,58632.1
PP008153,139.1,0.4,21.8,24.3,53.9,93.3,90.6,Standard,Night,Poor,Type_C,High,208,Op08,B09,118031.0
PP008154,164.3,2.0,10.4,22.6,62.9,92.2,37.6,Standard,Night,Average,Type_A,Medium,94,Op02,B18,84509.3
PP008155,34.4,7.9,14.8,17.9,46.5,83.6,33.0,Glossy,Night,Good,Type_B,Medium,53,Op05,B11,16498.1
PP008156,73.4,3.4,14.3,20.8,67.0,87.6,40.5,Standard,Morning,Good,Type_B,Medium,175,Op01,B03,53932.0
PP008157,53.3,7.1,11.3,31.3,48.3,17.5,29.3,Standard,Night,Average,Type_C,Medium,355,Op03,B14,8181.2
PP008158,180.0,6.6,14.4,29.4,44.1,95.4,17.6,Glossy,Night,Good,Type_A,Medium,336,Op03,B12,97438.8
PP008159,103.5,1.5,9.1,22.4,51.2,88.5,46.2,Cardstock,Morning,Average,Type_C,Medium,99,Op08,B20,42719.5
PP008160,100.3,0.0,9.1,23.4,62.2,80.6,38.5,Matte,Night,Good,Type_A,Low,244,Op08,B11,43586.6
PP008161,141.9,3.6,13.2,22.2,44.0,88.8,42.8,Standard,Night,Good,Type_A,High,50,Op06,B18,115479.2
PP008162,78.2,1.9,7.6,23.8,45.0,97.6,29.3,Standard,Morning,Good,Type_B,High,315,Op07,B09,34495.2
PP008163,72.2,1.3,17.4,22.6,60.2,80.9,53.1,Standard,Morning,Good,Type_B,Medium,166,Op06,B10,61227.9
PP008164,110.8,1.3,13.5,27.3,64.4,85.4,54.4,Matte,Night,Good,Type_A,Medium,25,Op02,B11,74574.0
PP008165,127.3,5.4,12.1,24.6,55.6,76.9,38.5,Standard,Night,Good,Type_A,Medium,199,Op06,B03,83382.5
PP008166,112.5,10.0,17.9,25.5,49.2,87.8,20.6,Matte,Morning,Average,Type_C,High,342,Op02,B17,89872.0
PP008167,108.3,2.5,13.8,22.7,47.6,92.1,15.4,Standard,Morning,Good,Type_A,Medium,99,Op03,B03,89856.8
PP008168,101.9,0.0,11.7,25.2,62.6,91.3,36.8,Standard,Night,Good,Type_C,High,51,Op03,B13,63604.1
PP008169,135.6,5.2,15.3,32.6,62.9,87.9,46.9,Standard,Morning,Average,Type_C,Medium,252,Op09,B07,106070.1
PP008170,97.0,4.2,12.4,22.3,62.1,95.9,27.5,Cardstock,Afternoon,Good,Type_A,High,216,Op10,B10,62637.4
PP008171,80.3,2.0,7.9,21.6,44.2,90.7,48.6,Cardstock,Afternoon,Average,Type_D,Medium,62,Op04,B10,26503.2
PP008172,127.4,9.6,8.0,23.0,62.7,80.1,38.0,Standard,Morning,Poor,Type_B,Medium,105,Op09,B18,43091.3
PP008173,147.1,4.3,12.6,19.7,38.4,69.4,25.8,Standard,Morning,Good,Type_C,Low,343,Op07,B04,97055.2
PP008174,144.1,4.6,9.0,30.9,43.4,81.5,33.8,Standard,Night,Average,Type_C,High,38,Op06,B13,70148.0
PP008175,103.7,1.3,5.6,25.6,43.2,99.3,24.4,Standard,Morning,Good,Type_A,Medium,92,Op01,B02,34777.2
PP008176,88.7,1.0,8.3,19.7,36.5,73.8,57.7,Matte,Night,Good,Type_D,Medium,351,Op04,B16,32047.2
PP008177,85.1,2.9,8.6,23.2,37.5,51.0,16.9,Cardstock,Afternoon,Good,Type_B,Low,183,Op04,B08,28621.0
PP008178,108.9,1.3,12.3,18.1,57.5,97.0,20.1,Standard,Afternoon,Average,Type_A,High,109,Op04,B06,77438.4
PP008179,139.7,0.4,12.9,23.2,54.2,92.8,56.6,Glossy,Night,Good,Type_B,Medium,60,Op07,B11,99532.7
PP008180,78.1,6.8,13.8,27.4,59.4,82.0,23.1,Matte,Morning,Average,Type_C,High,141,Op02,B19,54378.3
PP008181,180.0,5.9,10.1,20.1,58.6,96.0,16.9,Standard,Morning,Poor,Type_B,High,105,Op02,B10,68940.0
PP008182,129.0,7.3,10.1,24.0,62.4,51.5,20.4,Standard,Night,Average,Type_A,Medium,188,Op10,B03,64319.7
PP008183,136.9,0.3,6.2,21.3,53.2,80.9,36.8,Glossy,Afternoon,Good,Type_A,Medium,308,Op09,B03,46961.9
PP008184,111.4,10.5,7.9,19.7,63.0,73.5,47.6,Standard,Morning,Good,Type_B,Low,309,Op10,B05,40244.9
PP008185,119.2,0.3,4.5,28.1,52.7,78.0,27.3,Cardstock,Night,Average,Type_A,Low,32,Op02,B07,22521.3
PP008186,101.9,4.0,16.5,33.5,53.0,84.5,53.2,Standard,Morning,Average,Type_C,High,353,Op06,B14,83977.8
PP008187,55.2,11.0,9.6,22.4,50.4,75.2,59.3,Standard,Morning,Average,Type_A,High,281,Op03,B10,21769.9
PP008188,152.0,1.0,21.2,15.1,62.2,88.8,52.3,Standard,Morning,Poor,Type_C,Medium,314,Op08,B04,115709.1
PP008189,151.9,13.3,5.3,26.5,71.4,,27.8,Standard,Afternoon,Poor,Type_B,Medium,230,Op10,B14,19464.3
PP008190,64.4,2.4,12.5,29.0,47.4,81.5,56.5,Matte,Afternoon,Good,Type_C,Low,160,Op05,B17,31450.2
PP008191,115.6,5.9,8.9,28.6,41.9,61.5,30.0,Standard,Night,Average,Type_A,Medium,217,Op10,B08,51431.7
PP008192,156.6,2.6,9.9,24.8,55.1,91.7,16.2,Standard,Night,Good,Type_C,Medium,100,Op08,B05,87902.8
PP008193,113.6,4.8,11.0,22.4,45.1,91.6,66.3,Glossy,Night,Poor,Type_B,Medium,245,Op05,B05,50030.2
PP008194,90.5,6.9,11.6,19.6,39.6,91.9,13.0,Standard,Afternoon,Good,Type_B,Medium,184,Op08,B01,57426.4
PP008195,111.0,7.4,10.6,19.9,31.1,91.3,35.0,Matte,Night,Good,Type_A,Medium,284,Op02,B15,57173.7
PP008196,146.7,4.4,12.0,26.1,65.0,71.7,35.7,Glossy,Night,Good,Type_A,Low,311,Op10,B14,82840.9
PP008197,92.1,4.5,15.9,27.2,50.2,81.4,59.5,Matte,Night,Good,Type_D,Low,208,Op04,B16,61122.5
PP008198,68.9,0.2,9.8,30.7,34.1,93.8,31.2,Matte,Morning,Good,Type_D,High,166,Op03,B09,33911.9
PP008199,151.6,8.9,12.5,19.3,39.6,75.5,17.0,Standard,Morning,Good,Type_D,Medium,320,Op03,B01,98783.2
PP008200,96.0,11.7,9.7,15.5,60.7,72.2,50.0,Cardstock,Morning,Poor,Type_A,Medium,104,Op04,B04,23056.3
PP008201,179.3,15.0,15.2,34.6,55.0,98.5,31.4,Standard,Afternoon,Average,Type_C,Medium,110,Op05,B17,68744.9
PP008202,111.5,3.2,11.7,,79.6,94.7,13.2,Matte,Morning,Good,Type_D,High,194,Op03,B07,64975.4
PP008203,85.3,14.6,11.3,20.9,46.6,75.7,16.6,Glossy,Afternoon,Poor,Type_A,Medium,216,Op07,B13,20550.8
PP008204,60.6,7.9,5.6,27.1,62.4,82.7,40.6,Matte,Morning,Good,Type_D,High,38,Op06,B15,14880.7
PP008205,106.6,6.2,7.7,26.8,,88.9,17.3,Standard,Afternoon,Good,Type_C,Medium,362,Op08,B04,45152.7
PP008206,132.5,2.4,7.6,18.7,51.6,73.5,27.3,Matte,Morning,Good,Type_A,High,291,Op04,B20,59107.8
PP008207,139.1,2.5,11.0,18.8,,98.2,30.5,Standard,Morning,Average,Type_A,Medium,59,Op10,B12,93981.1
PP008208,87.4,9.1,13.9,26.9,60.1,87.6,54.2,Standard,Afternoon,Average,Type_B,Low,339,Op05,B19,48650.2
PP008209,140.8,3.4,10.4,20.8,49.2,88.4,34.4,Standard,Morning,Average,Type_B,High,352,Op09,B08,88054.4
PP008210,106.1,15.0,9.1,16.7,38.7,91.5,36.1,Standard,Night,Good,Type_A,Medium,134,Op05,B13,41390.0
PP008211,64.9,2.7,6.9,33.1,33.2,97.7,77.5,Glossy,Morning,Average,Type_D,Medium,182,Op07,B08,15839.2
PP008212,99.0,2.7,9.1,23.7,49.5,89.9,38.6,Glossy,Morning,Average,Type_B,Medium,291,Op10,B04,47806.6
PP008213,116.9,1.0,10.1,22.9,47.7,89.6,81.2,Standard,Night,Poor,Type_A,Low,46,Op06,B20,45049.2
PP008214,121.6,2.4,10.2,24.2,61.4,95.0,49.0,Cardstock,Night,Average,Type_B,High,316,Op01,B06,62662.1
PP008215,50.0,13.0,8.0,17.8,31.7,78.4,21.4,Matte,Morning,Poor,Type_B,Medium,103,Op03,B14,6265.6
PP008216,144.2,0.1,11.8,24.4,60.1,94.5,46.7,Glossy,Afternoon,Good,Type_C,Medium,144,Op07,B01,95644.3
PP008217,116.9,1.4,17.8,21.1,69.1,43.5,43.4,Standard,Morning,Good,Type_D,Medium,315,Op04,B19,94199.7
PP008218,180.0,1.0,10.4,25.5,60.2,76.3,51.3,Glossy,Afternoon,Average,Type_C,High,274,Op02,B05,68230.4
PP008219,98.4,3.7,13.3,,46.0,77.1,37.5,Standard,Morning,Average,Type_C,Medium,116,Op09,B11,69269.8
PP008220,112.5,3.7,12.7,24.0,41.2,85.0,44.8,Standard,Morning,Good,Type_D,Medium,94,Op01,B02,81745.2
PP008221,154.0,2.2,14.5,19.7,47.4,96.7,20.4,Standard,Morning,Good,Type_A,High,68,Op07,B10,141038.9
PP008222,102.8,3.8,7.9,31.2,59.6,98.6,38.6,Matte,Afternoon,Average,Type_D,Medium,352,Op08,B02,38991.1
PP008223,153.5,7.3,12.2,21.3,35.8,94.7,23.2,Glossy,Night,Good,Type_B,High,323,Op05,B17,95805.3
PP008224,158.3,15.0,16.5,,35.3,88.5,26.2,Standard,Afternoon,Average,Type_C,Low,319,Op08,B15,67885.2
PP008225,91.3,0.3,10.3,26.2,47.9,51.4,42.1,Standard,Afternoon,Good,Type_B,High,25,Op08,B15,47348.8
PP008226,90.0,2.2,11.9,27.5,,79.4,50.9,Matte,Night,Good,Type_A,Medium,179,Op03,B13,52772.5
PP008227,108.1,2.5,7.1,29.4,53.2,86.2,46.6,Glossy,Night,Good,Type_B,High,55,Op02,B09,38335.6
PP008228,117.6,10.2,10.5,23.1,,68.8,21.7,Standard,Night,Average,Type_A,Medium,227,Op03,B09,52037.9
PP008229,148.7,13.8,14.0,18.0,35.4,80.9,19.2,Standard,Morning,Good,Type_C,Medium,22,Op05,B04,104830.3
PP008230,96.2,1.4,15.1,28.7,55.7,6.9,30.8,Standard,Morning,Good,Type_B,Medium,354,Op08,B03,36629.1
PP008231,108.6,4.5,7.0,30.5,25.0,20.6,46.5,Cardstock,Night,Average,Type_C,Low,22,Op05,B18,9328.4
PP008232,115.3,3.1,11.4,19.1,60.1,85.1,47.9,Cardstock,Afternoon,Average,Type_C,Medium,169,Op05,B13,59903.3
PP008233,137.7,3.3,7.7,32.4,64.5,94.7,35.6,Standard,Morning,Good,Type_B,High,365,Op08,B16,64544.0
PP008234,115.3,0.3,8.9,25.2,36.9,89.9,29.1,Standard,Night,Average,Type_B,Medium,190,Op02,B05,55584.1
PP008235,110.2,2.3,15.2,23.2,50.9,92.1,23.9,Standard,Afternoon,Average,Type_A,Medium,90,Op02,B03,91860.0
PP008236,103.8,3.6,9.0,17.9,61.7,60.4,50.2,Standard,Morning,Good,Type_A,Medium,137,Op08,B12,45174.2
PP008237,138.9,4.2,11.8,18.2,68.4,73.4,47.6,Glossy,Night,Good,Type_B,High,56,Op05,B18,82464.1
PP008238,154.2,3.0,10.1,20.0,64.4,93.9,41.7,Standard,Morning,Good,Type_A,High,289,Op04,B01,92325.6
PP008239,138.9,2.2,12.8,27.1,65.9,58.7,26.9,Glossy,Afternoon,Good,Type_B,Medium,362,Op04,B02,92879.1
PP008240,127.0,12.3,20.8,28.4,63.2,83.0,24.9,Matte,Afternoon,Average,Type_B,Medium,58,Op01,B08,87792.2
PP008241,121.3,0.5,15.6,26.3,72.8,92.2,77.2,Standard,Afternoon,Good,Type_D,High,182,Op06,B04,96909.0
PP008242,149.2,2.6,15.3,20.4,52.0,80.0,43.6,Standard,Afternoon,Average,Type_B,Medium,272,Op07,B02,127686.6
PP008243,62.4,4.0,7.6,24.1,55.5,93.2,19.9,Cardstock,Afternoon,Good,Type_D,Medium,251,Op04,B03,20680.7
PP008244,116.4,3.2,14.0,28.7,55.4,77.7,43.5,Glossy,Morning,Good,Type_A,Medium,75,Op07,B18,89357.7
PP008245,136.3,5.3,15.0,19.7,31.4,65.8,18.6,Standard,Night,Poor,Type_C,Medium,82,Op09,B17,84670.3
PP008246,126.5,2.2,7.2,20.8,51.0,97.0,26.0,Standard,Morning,Good,Type_A,High,277,Op04,B14,59045.9
PP008247,130.4,0.3,13.1,31.5,43.2,85.1,41.1,Cardstock,Night,Average,Type_C,High,309,Op03,B10,82987.3
PP008248,159.7,1.9,12.9,19.5,63.1,95.4,56.3,Glossy,Night,Average,Type_C,High,136,Op02,B18,96574.2
PP008249,114.7,7.3,19.3,33.3,50.5,79.4,23.8,Matte,Afternoon,Poor,Type_C,High,243,Op03,B08,86106.8
PP008250,95.8,4.8,5.2,29.6,61.5,95.7,48.3,Standard,Night,Good,Type_D,Low,324,Op04,B19,20649.4
PP008251,112.3,2.0,19.6,16.3,48.8,96.4,20.8,Glossy,Night,Good,Type_C,Medium,34,Op10,B16,100165.5
PP008252,156.9,1.4,10.3,24.8,56.8,97.9,24.2,Glossy,Morning,Average,Type_B,Medium,351,Op06,B10,87529.2
PP008253,125.5,8.1,9.2,22.9,42.6,,47.0,Matte,Morning,Good,Type_C,Medium,320,Op09,B18,65301.8
PP008254,73.1,2.9,11.1,31.0,60.9,84.2,35.4,Cardstock,Afternoon,Good,Type_A,High,244,Op01,B03,38534.2
PP008255,109.3,5.6,11.7,25.2,62.3,66.7,71.7,Glossy,Morning,Average,Type_C,Low,204,Op09,B08,48507.8
PP008256,111.0,5.5,13.5,21.4,58.4,86.6,22.3,Glossy,Night,Good,Type_C,Medium,56,Op04,B11,72366.5
PP008257,109.0,0.2,12.9,23.6,49.7,,29.9,Matte,Morning,Average,Type_C,Medium,123,Op10,B05,70311.2
PP008258,135.4,5.4,7.9,23.5,69.4,89.7,31.5,Matte,Night,Good,Type_D,Medium,276,Op08,B09,56479.3
PP008259,85.0,0.8,7.4,21.0,59.9,87.7,15.8,Standard,Night,Good,Type_A,High,112,Op06,B05,34762.8
PP008260,101.5,15.0,9.6,26.5,56.7,88.5,21.8,Standard,Afternoon,Poor,Type_A,Low,150,Op04,B10,21923.7
PP008261,97.2,6.3,12.1,23.4,,86.9,22.9,Standard,Afternoon,Average,Type_D,Medium,338,Op03,B04,60206.3
PP008262,121.1,1.5,7.0,30.5,,66.5,27.2,Glossy,Night,Average,Type_C,High,108,Op01,B02,39043.2
PP008263,110.2,2.6,15.5,25.4,,92.8,78.0,Standard,Afternoon,Good,Type_B,Low,347,Op08,B13,86787.3
PP008264,118.3,7.0,13.1,27.3,,87.9,41.4,Standard,Night,Good,Type_D,Medium,138,Op06,B05,80027.2
PP008265,134.4,2.4,8.0,15.0,64.3,99.1,28.9,Cardstock,Afternoon,Good,Type_A,Medium,244,Op09,B17,52617.0
PP008266,86.5,3.9,5.9,26.1,64.5,82.5,24.0,Cardstock,Morning,Good,Type_D,Medium,98,Op05,B08,23663.3
PP008267,34.8,2.5,8.4,26.1,35.8,92.3,72.6,Cardstock,Morning,Average,Type_A,Medium,148,Op06,B12,9273.7
PP008268,88.6,0.0,7.6,15.0,54.4,73.5,24.0,Matte,Afternoon,Average,Type_A,Medium,116,Op06,B14,29592.9
PP008269,57.7,1.0,7.1,26.0,46.8,91.4,29.9,Standard,Night,Poor,Type_A,High,20,Op09,B03,16726.9
PP008270,78.5,0.9,14.0,25.9,62.4,84.3,105.6,Matte,Afternoon,Good,Type_B,High,294,Op03,B06,48504.5
PP008271,83.2,15.0,16.3,20.4,36.7,75.2,41.2,Standard,Afternoon,Poor,Type_B,High,278,Op09,B04,24652.6
PP008272,84.3,3.6,10.4,27.5,38.6,,21.4,Standard,Afternoon,Average,Type_C,High,209,Op01,B03,41828.5
PP008273,156.9,4.4,14.2,20.1,30.8,94.2,49.9,Matte,Night,Good,Type_C,Medium,87,Op02,B08,113306.5
PP008274,113.1,5.4,9.2,27.5,59.2,,76.8,Standard,Afternoon,Poor,Type_B,High,312,Op06,B13,45967.7
PP008275,160.8,3.0,10.9,21.6,65.4,85.6,27.6,Standard,Night,Good,Type_A,Low,172,Op05,B13,77345.9
PP008276,81.5,10.7,11.9,21.2,51.7,,29.2,Standard,Afternoon,Good,Type_B,Low,108,Op02,B10,45227.5
PP008277,61.9,5.7,15.3,21.3,66.9,83.6,18.4,Standard,Morning,Average,Type_B,Medium,62,Op10,B12,42603.4
PP008278,144.7,8.1,15.0,20.2,60.0,96.4,45.3,Glossy,Night,Average,Type_D,Medium,323,Op06,B20,108131.8
PP008279,110.7,15.0,12.9,23.4,55.5,82.7,74.4,Standard,Afternoon,Good,Type_B,Medium,245,Op05,B10,61950.4
PP008280,105.0,2.0,6.3,25.6,75.5,93.5,17.2,Standard,Morning,Good,Type_A,Medium,344,Op05,B19,37969.2
PP008281,101.3,8.2,9.7,,64.1,77.5,23.8,Glossy,Morning,Average,Type_A,Medium,297,Op06,B09,43863.7
PP008282,158.7,13.2,11.6,24.0,66.6,78.2,34.6,Matte,Afternoon,Average,Type_D,Medium,322,Op06,B14,70783.2
PP008283,104.2,3.1,14.6,28.5,31.7,71.5,31.2,Standard,Night,Good,Type_A,Low,157,Op02,B11,69953.3
PP008284,135.2,6.8,7.1,22.6,,64.2,40.0,Glossy,Night,Average,Type_C,Medium,242,Op07,B18,44145.7
PP008285,96.8,15.0,8.7,28.8,54.2,21.6,47.5,Standard,Night,Average,Type_B,High,32,Op05,B18,13798.1
PP008286,92.2,6.5,17.3,29.6,,95.7,30.1,Standard,Afternoon,Good,Type_C,High,199,Op02,B09,82679.8
PP008287,136.0,2.6,10.7,24.2,60.9,80.3,33.8,Matte,Afternoon,Average,Type_D,High,363,Op09,B15,77152.3
PP008288,56.7,1.4,20.4,25.2,52.3,98.7,25.1,Standard,Afternoon,Good,Type_B,Medium,54,Op02,B17,51654.6
PP008289,83.3,9.1,11.0,20.6,50.1,97.4,23.2,Cardstock,Afternoon,Good,Type_D,Medium,225,Op02,B13,40913.6
PP008290,103.4,3.1,13.4,23.9,46.5,76.8,52.3,Cardstock,Morning,Good,Type_B,Low,173,Op06,B04,60818.8
PP008291,30.5,0.1,9.9,22.3,54.5,68.2,40.4,Matte,Morning,Good,Type_A,Low,52,Op05,B02,10310.6
PP008292,113.1,4.5,12.4,15.7,48.1,99.7,20.3,Standard,Afternoon,Average,Type_B,Medium,234,Op07,B19,68075.5
PP008293,120.5,2.5,7.1,22.7,78.5,99.2,27.0,Standard,Afternoon,Good,Type_C,Medium,267,Op02,B05,46199.4
PP008294,108.5,9.0,9.6,21.3,43.4,90.4,54.7,Matte,Afternoon,Poor,Type_A,High,194,Op02,B02,42170.2
PP008295,167.5,0.1,6.2,19.5,37.6,98.7,48.4,Glossy,Afternoon,Average,Type_B,High,16,Op01,B04,46324.9
PP008296,117.2,2.8,15.0,24.9,71.7,98.4,35.3,Standard,Morning,Average,Type_A,High,310,Op04,B04,102187.4
PP008297,95.2,2.9,13.9,20.4,64.6,61.3,23.7,Standard,Morning,Good,Type_D,Low,118,Op09,B02,61367.6
PP008298,127.7,0.3,4.0,26.1,46.5,77.6,41.6,Matte,Night,Good,Type_A,Medium,343,Op02,B10,25658.2
PP008299,45.3,4.3,12.5,23.5,47.0,90.6,30.6,Standard,Night,Good,Type_D,Medium,20,Op01,B18,24019.5
PP008300,151.0,1.8,15.2,23.4,41.9,,30.6,Cardstock,Night,Average,Type_D,High,33,Op08,B04,110572.3
PP008301,131.2,4.8,7.8,26.0,49.1,,46.0,Standard,Afternoon,Good,Type_B,Low,62,Op04,B18,54654.2
PP008302,109.1,2.9,9.8,27.6,42.5,82.0,14.4,Standard,Morning,Good,Type_A,Low,172,Op01,B05,59543.7
PP008303,109.8,4.5,19.4,19.5,62.1,5.9,20.5,Matte,Morning,Good,Type_B,Medium,360,Op07,B01,42158.4
PP008304,134.9,1.3,16.0,25.5,48.8,60.8,16.2,Glossy,Night,Poor,Type_A,Low,260,Op07,B15,82212.2
PP008305,130.9,0.2,11.7,25.1,34.4,,27.7,Standard,Afternoon,Average,Type_D,Medium,355,Op04,B04,84587.0
PP008306,105.7,2.9,6.2,23.2,57.8,93.8,34.9,Standard,Afternoon,Good,Type_A,High,274,Op03,B10,38247.2
PP008307,54.2,9.1,7.2,,57.4,79.1,56.7,Matte,Morning,Poor,Type_C,Medium,267,Op01,B15,10786.1
PP008308,102.3,15.0,12.3,,55.4,86.9,44.2,Standard,Night,Average,Type_B,High,152,Op07,B12,49329.0
PP008309,93.9,1.2,11.1,25.0,60.0,56.3,80.9,Glossy,Afternoon,Good,Type_B,Medium,319,Op04,B06,44913.8
PP008310,150.9,1.3,6.2,16.7,42.8,79.1,17.2,Standard,Afternoon,Average,Type_D,Medium,90,Op04,B02,47241.5
PP008311,96.9,11.3,7.2,26.0,,93.4,38.8,Glossy,Morning,Average,Type_C,Low,191,Op05,B14,26858.4
PP008312,125.2,2.3,10.8,26.2,66.5,59.9,24.8,Standard,Night,Average,Type_B,Medium,191,Op08,B18,67371.7
PP008313,125.0,5.2,12.7,36.1,51.2,87.6,25.9,Standard,Night,Average,Type_A,Low,265,Op04,B20,69594.9
PP008314,130.5,0.9,7.1,28.7,59.3,97.0,27.2,Matte,Afternoon,Good,Type_A,High,247,Op05,B09,55397.4
PP008315,101.6,1.1,9.5,26.7,61.6,77.2,47.5,Standard,Morning,Good,Type_D,Medium,78,Op05,B19,48874.6
PP008316,79.0,1.2,12.9,29.1,62.2,44.0,16.6,Glossy,Afternoon,Good,Type_D,High,265,Op07,B07,40710.5
PP008317,67.6,3.2,7.1,19.3,22.8,70.5,42.1,Cardstock,Afternoon,Good,Type_A,Medium,300,Op10,B11,18170.0
PP008318,137.9,0.8,17.0,,46.4,82.7,57.9,Standard,Night,Good,Type_B,High,150,Op10,B11,126731.0
PP008319,110.1,15.0,6.9,23.7,46.8,71.5,30.2,Standard,Night,Poor,Type_C,Low,243,Op03,B06,13842.8
PP008320,96.6,0.9,10.4,32.0,42.7,98.0,41.5,Glossy,Night,Good,Type_A,Medium,3,Op03,B03,50690.7
PP008321,133.0,4.5,9.9,30.1,51.7,,15.3,Matte,Afternoon,Average,Type_B,Medium,313,Op06,B01,72554.3
PP008322,55.9,5.2,12.8,22.3,58.4,,44.5,Standard,Night,Poor,Type_B,Medium,18,Op07,B13,25615.5
PP008323,65.7,1.3,7.5,27.1,41.9,86.0,10.7,Cardstock,Night,Good,Type_C,Medium,327,Op07,B15,21905.8
PP008324,105.1,0.8,6.5,26.3,20.0,81.1,33.9,Glossy,Morning,Average,Type_A,Low,289,Op09,B07,29190.5
PP008325,135.1,6.2,16.2,23.9,62.0,82.6,16.5,Standard,Night,Average,Type_C,Medium,254,Op01,B12,114852.3
PP008326,91.7,5.6,7.1,23.5,28.3,95.9,29.9,Matte,Afternoon,Good,Type_B,Medium,69,Op03,B07,32246.7
PP008327,101.3,3.4,7.1,28.5,51.4,88.1,25.9,Standard,Night,Good,Type_A,High,21,Op01,B20,40445.9
PP008328,130.3,1.6,9.5,31.1,28.1,90.5,35.2,Standard,Night,Good,Type_C,Medium,71,Op02,B16,67057.6
PP008329,94.2,15.0,9.7,,52.0,81.8,45.2,Standard,Morning,Average,Type_C,Medium,269,Op08,B14,30522.0
PP008330,83.2,2.9,4.8,27.4,59.0,92.7,67.3,Glossy,Morning,Good,Type_A,High,140,Op08,B16,17767.8
PP008331,124.2,7.2,6.5,25.8,53.7,80.6,33.5,Matte,Night,Average,Type_B,Medium,362,Op10,B01,40279.8
PP008332,126.2,0.2,11.7,19.6,25.9,73.6,21.5,Cardstock,Morning,Poor,Type_D,Low,18,Op01,B02,47541.5
PP008333,104.0,1.4,3.6,,55.0,91.2,26.5,Standard,Afternoon,Good,Type_B,High,321,Op06,B19,20458.4
PP008334,93.8,12.3,19.5,27.6,48.1,75.7,74.6,Glossy,Morning,Poor,Type_A,Medium,30,Op08,B14,34051.4
PP008335,89.0,15.0,14.0,24.8,33.7,99.9,62.1,Standard,Afternoon,Average,Type_B,Medium,108,Op03,B12,42761.6
PP008336,126.0,3.5,6.1,30.2,32.8,61.0,52.9,Matte,Afternoon,Good,Type_A,High,148,Op05,B03,37308.6
PP008337,180.0,13.9,18.8,18.2,63.1,87.3,42.9,Glossy,Morning,Good,Type_A,Medium,135,Op10,B20,86983.1
PP008338,122.3,10.6,11.8,21.7,33.9,98.5,43.8,Matte,Night,Poor,Type_C,Medium,281,Op10,B19,51342.5
PP008339,85.9,0.1,6.5,19.7,50.2,75.5,23.4,Glossy,Morning,Good,Type_B,Medium,206,Op08,B17,27889.4
PP008340,148.4,9.1,16.0,33.2,74.3,91.9,37.1,Matte,Night,Poor,Type_A,High,146,Op09,B12,79972.4
PP008341,180.0,9.6,19.5,25.4,58.4,96.1,38.4,Cardstock,Morning,Poor,Type_A,High,274,Op09,B17,65293.7
PP008342,84.0,3.5,9.0,23.8,30.6,96.9,43.2,Cardstock,Afternoon,Average,Type_B,Medium,25,Op09,B09,31837.3
PP008343,142.8,3.2,8.9,,72.5,92.2,46.4,Standard,Night,Good,Type_C,High,273,Op07,B09,59206.9
PP008344,100.8,3.1,10.9,23.3,62.2,86.9,25.3,Cardstock,Afternoon,Good,Type_B,High,244,Op10,B07,56233.0
PP008345,59.5,1.0,7.0,28.3,36.9,83.6,30.2,Standard,Afternoon,Average,Type_B,Medium,219,Op06,B11,19223.2
PP008346,111.7,2.5,7.7,16.6,34.0,86.2,22.2,Matte,Afternoon,Good,Type_C,Medium,62,Op04,B20,43218.9
PP008347,71.8,12.0,8.4,23.2,44.7,90.9,41.2,Matte,Afternoon,Good,Type_C,High,172,Op05,B15,27904.3
PP008348,164.7,0.9,11.0,31.6,71.4,93.7,40.5,Standard,Morning,Good,Type_D,High,339,Op03,B04,89349.8
PP008349,180.0,1.9,14.9,28.0,40.1,99.6,55.2,Standard,Morning,Average,Type_A,Medium,9,Op04,B06,109514.4
PP008350,130.6,15.0,7.6,25.1,50.8,93.6,48.2,Glossy,Night,Poor,Type_C,Medium,40,Op09,B08,23928.2
PP008351,91.6,2.3,8.3,22.2,42.7,77.7,41.4,Cardstock,Afternoon,Good,Type_C,High,182,Op05,B17,37105.6
PP008352,124.2,9.2,18.5,26.6,44.7,93.1,88.0,Standard,Afternoon,Good,Type_A,High,158,Op09,B12,115973.1
PP008353,97.7,8.4,10.8,31.0,51.2,70.3,42.3,Matte,Night,Good,Type_C,Low,29,Op02,B13,42499.9
PP008354,124.8,11.8,11.8,20.8,,56.6,57.2,Standard,Morning,Poor,Type_D,Medium,40,Op06,B01,49617.6
PP008355,107.8,7.3,7.7,20.9,63.2,82.6,24.9,Standard,Morning,Good,Type_C,Low,257,Op03,B20,41181.7
PP008356,151.9,3.2,10.8,22.0,48.7,56.7,48.8,Standard,Night,Average,Type_A,High,157,Op03,B16,72046.9
PP008357,86.6,2.4,9.9,23.0,50.2,93.8,32.1,Matte,Afternoon,Good,Type_B,Medium,268,Op03,B01,44892.8
PP008358,125.9,7.2,7.6,17.4,38.1,55.9,32.5,Matte,Afternoon,Average,Type_D,Medium,295,Op05,B16,40521.2
PP008359,85.1,6.2,19.4,24.3,41.9,72.9,16.9,Matte,Night,Average,Type_D,Medium,49,Op10,B11,65009.9
PP008360,108.5,12.0,12.7,22.0,32.5,,37.4,Glossy,Morning,Average,Type_D,Medium,74,Op08,B05,58614.2
PP008361,92.1,7.5,12.7,23.8,41.7,85.0,46.8,Glossy,Night,Poor,Type_D,High,65,Op06,B10,44455.1
PP008362,115.2,7.3,9.4,24.7,25.5,82.6,28.0,Matte,Night,Good,Type_A,Low,278,Op06,B10,47698.9
PP008363,109.0,15.0,18.5,23.3,60.6,76.6,51.6,Cardstock,Afternoon,Poor,Type_D,High,231,Op03,B06,26295.4
PP008364,127.4,2.2,10.9,20.8,72.5,92.9,28.8,Glossy,Morning,Good,Type_B,Medium,229,Op04,B08,75587.7
PP008365,129.1,1.4,14.2,21.4,66.8,81.2,18.8,Cardstock,Night,Good,Type_B,Medium,218,Op01,B11,93015.6
PP008366,164.4,5.6,18.4,30.9,42.2,76.2,21.4,Glossy,Night,Poor,Type_D,Medium,146,Op05,B20,99381.6
PP008367,102.9,7.5,21.9,26.2,67.3,76.0,28.7,Standard,Morning,Average,Type_D,Medium,184,Op08,B19,93155.0
PP008368,172.1,8.1,7.0,21.4,38.6,67.6,40.1,Matte,Morning,Good,Type_A,Low,254,Op10,B01,35621.8
PP008369,134.5,5.3,14.6,25.4,57.8,69.6,52.9,Cardstock,Afternoon,Good,Type_D,Medium,93,Op02,B05,92138.2
PP008370,87.2,5.0,14.2,15.0,41.5,69.3,29.7,Matte,Night,Good,Type_A,Low,324,Op05,B19,46449.6
PP008371,128.6,0.3,8.5,26.1,44.0,,38.4,Matte,Afternoon,Good,Type_B,Medium,128,Op08,B01,65417.1
PP008372,136.2,14.1,16.4,33.0,42.3,83.1,30.4,Glossy,Night,Poor,Type_A,Medium,6,Op04,B09,46069.2
PP008373,98.9,1.6,12.8,22.2,44.9,31.3,52.5,Standard,Morning,Poor,Type_D,Low,129,Op02,B04,34536.3
PP008374,53.0,5.9,8.8,22.1,28.8,74.4,28.9,Standard,Morning,Average,Type_A,Low,59,Op08,B04,17890.7
PP008375,117.6,15.0,8.0,27.0,,94.2,30.8,Standard,Morning,Poor,Type_D,Medium,231,Op07,B12,26498.3
PP008376,96.4,2.2,13.9,23.0,48.8,96.3,40.8,Cardstock,Afternoon,Good,Type_C,High,365,Op05,B01,67999.7
PP008377,68.9,2.5,22.5,16.4,45.3,84.8,22.0,Matte,Afternoon,Good,Type_B,Medium,276,Op02,B05,59473.9
PP008378,109.3,4.6,13.4,25.0,49.8,79.0,18.6,Standard,Morning,Poor,Type_A,Low,254,Op04,B16,64444.5
PP008379,123.3,3.4,22.1,24.7,55.4,89.2,21.4,Standard,Night,Good,Type_D,Medium,177,Op03,B19,130368.8
PP008380,34.5,9.0,9.1,31.5,67.6,78.3,44.8,Standard,Afternoon,Good,Type_A,High,356,Op03,B05,12634.5
PP008381,62.4,1.5,20.6,16.2,,65.6,27.6,Standard,Morning,Good,Type_B,High,139,Op01,B07,50999.9
PP008382,92.3,2.5,6.6,27.4,65.3,94.6,23.8,Standard,Afternoon,Good,Type_B,High,264,Op06,B10,35441.8
PP008383,158.2,2.6,9.3,25.3,,55.7,28.7,Standard,Night,Good,Type_A,Medium,201,Op05,B10,65415.4
PP008384,152.9,0.5,10.1,29.5,57.2,99.0,67.7,Matte,Afternoon,Good,Type_B,High,40,Op02,B04,81612.8
PP008385,121.7,4.4,10.9,19.1,51.7,,23.7,Glossy,Afternoon,Good,Type_C,High,264,Op01,B02,73927.5
PP008386,107.5,0.7,8.9,25.2,49.3,83.2,38.4,Standard,Afternoon,Average,Type_A,Medium,294,Op09,B13,53005.4
PP008387,112.6,2.3,19.1,18.8,27.7,90.0,32.9,Cardstock,Afternoon,Average,Type_D,Low,21,Op06,B16,78063.7
PP008388,148.3,4.6,7.8,31.0,44.3,15.9,12.9,Standard,Morning,Average,Type_A,Low,287,Op09,B14,36017.0
PP008389,93.8,10.8,12.7,17.2,31.5,79.8,23.2,Standard,Afternoon,Good,Type_B,Medium,339,Op02,B20,55373.8
PP008390,136.8,1.7,11.7,25.8,35.2,90.9,43.0,Glossy,Night,Average,Type_D,Medium,322,Op04,B11,78244.9
PP008391,93.1,9.9,13.0,23.2,44.5,58.7,12.1,Standard,Morning,Good,Type_A,High,215,Op09,B20,63868.3
PP008392,126.4,2.2,6.9,16.7,48.1,,40.1,Standard,Afternoon,Good,Type_A,Medium,310,Op03,B01,43858.0
PP008393,143.8,1.3,9.1,18.2,40.4,81.5,31.5,Matte,Morning,Good,Type_B,Low,111,Op07,B09,70314.5
PP008394,163.6,7.7,9.3,15.5,78.2,44.4,25.5,Glossy,Night,Good,Type_A,Medium,272,Op10,B20,33991.1
PP008395,135.4,1.0,12.9,18.6,58.0,83.6,97.4,Standard,Afternoon,Good,Type_C,High,273,Op09,B19,91960.1
PP008396,117.0,0.6,7.9,27.2,47.7,91.8,38.7,Cardstock,Morning,Average,Type_D,High,83,Op07,B17,47026.3
PP008397,128.8,1.5,9.5,,60.0,75.1,17.8,Cardstock,Afternoon,Good,Type_D,Low,175,Op01,B14,58723.4
PP008398,103.0,0.8,7.3,16.3,55.8,47.4,31.3,Matte,Night,Good,Type_C,Medium,139,Op05,B03,29395.6
PP008399,106.2,3.3,10.0,23.9,28.0,71.6,78.2,Glossy,Morning,Good,Type_A,Medium,365,Op07,B11,48687.3
PP008400,97.3,6.6,8.0,18.8,,,50.7,Standard,Morning,Good,Type_D,High,149,Op05,B02,37664.8
PP008401,98.9,9.3,8.9,20.8,31.9,88.7,25.4,Standard,Night,Average,Type_A,High,124,Op09,B10,42648.5
PP008402,97.8,4.6,5.8,26.7,61.9,61.9,41.7,Glossy,Night,Average,Type_C,Low,133,Op03,B06,20247.2
PP008403,130.1,4.8,16.8,21.3,48.6,81.7,15.6,Matte,Morning,Good,Type_A,Medium,351,Op03,B07,128841.6
PP008404,162.8,0.7,16.8,29.4,53.7,97.5,36.7,Glossy,Night,Good,Type_B,Low,169,Op02,B12,109392.2
PP008405,138.6,0.7,18.3,30.1,45.6,92.8,25.6,Glossy,Night,Good,Type_B,High,76,Op04,B04,136784.3
PP008406,112.9,2.8,9.8,27.9,30.8,89.5,52.9,Glossy,Afternoon,Good,Type_C,Medium,215,Op04,B06,56109.4
PP008407,145.2,15.0,9.2,31.6,,89.7,20.1,Matte,Night,Average,Type_A,High,141,Op04,B10,57285.5
PP008408,150.5,0.2,6.8,22.0,48.0,89.9,20.0,Standard,Afternoon,Average,Type_A,Medium,242,Op07,B09,59216.5
PP008409,111.6,0.1,5.6,20.1,48.8,92.5,45.7,Matte,Afternoon,Good,Type_A,Medium,5,Op10,B11,32153.2
PP008410,109.5,15.0,10.1,21.8,41.6,65.9,27.4,Cardstock,Afternoon,Poor,Type_D,Low,82,Op07,B03,14400.3
PP008411,166.2,1.0,8.1,33.1,54.0,77.0,58.6,Standard,Afternoon,Good,Type_A,Low,19,Op08,B05,51794.6
PP008412,134.7,0.6,15.9,21.0,28.9,84.7,40.4,Standard,Night,Good,Type_A,Medium,17,Op08,B14,117985.5
PP008413,79.4,5.5,15.2,21.6,45.3,88.2,60.2,Standard,Morning,Good,Type_A,Low,168,Op02,B17,54497.8
PP008414,77.2,14.1,23.6,20.8,64.3,83.7,10.3,Standard,Night,Average,Type_B,Low,78,Op06,B10,24088.7
PP008415,35.6,5.7,8.4,21.6,60.1,89.8,63.2,Matte,Morning,Average,Type_B,Medium,104,Op04,B10,10028.2
PP008416,104.6,2.1,15.8,29.4,64.3,77.6,23.3,Standard,Night,Average,Type_A,Medium,341,Op01,B07,79766.2
PP008417,93.7,0.6,18.2,15.8,54.8,,47.5,Glossy,Morning,Average,Type_D,Medium,277,Op03,B01,66407.0
PP008418,103.1,0.2,10.5,22.8,58.1,88.7,31.2,Glossy,Night,Good,Type_B,Medium,131,Op05,B12,56393.3
PP008419,105.1,15.0,9.4,25.5,47.2,,29.8,Standard,Morning,Average,Type_B,Low,96,Op06,B20,36665.3
PP008420,121.2,5.2,5.1,19.2,48.4,64.2,21.5,Cardstock,Morning,Good,Type_B,Medium,193,Op02,B10,30950.3
PP008421,109.5,15.0,12.8,25.2,66.6,87.6,20.1,Standard,Afternoon,Average,Type_D,Medium,148,Op08,B01,55686.4
PP008422,140.2,0.9,9.5,23.3,43.9,88.5,21.8,Standard,Afternoon,Good,Type_A,Medium,235,Op10,B09,83267.2
PP008423,115.4,0.6,6.1,28.2,45.9,96.9,37.2,Cardstock,Afternoon,Good,Type_A,Medium,326,Op08,B14,37604.1
PP008424,76.5,1.4,7.5,24.7,76.4,29.6,60.6,Cardstock,Night,Average,Type_A,Medium,316,Op08,B05,12342.3
PP008425,51.8,1.5,10.5,23.8,46.7,87.8,28.5,Cardstock,Night,Good,Type_A,Low,55,Op04,B19,20138.0
PP008426,80.2,15.0,7.1,27.2,53.2,80.5,51.4,Glossy,Night,Average,Type_B,Low,131,Op09,B13,15498.7
PP008427,139.2,10.6,13.5,23.0,65.6,96.4,16.7,Matte,Afternoon,Good,Type_B,Medium,300,Op03,B03,109555.9
PP008428,154.8,8.8,14.7,30.3,33.0,93.4,45.2,Cardstock,Morning,Good,Type_D,Medium,257,Op02,B01,107247.1
PP008429,89.4,3.4,18.8,28.1,29.9,76.9,30.8,Cardstock,Night,Average,Type_D,Medium,80,Op09,B08,59998.7
PP008430,145.8,15.0,12.9,21.0,52.2,93.9,19.0,Glossy,Afternoon,Good,Type_D,Medium,132,Op10,B20,89425.8
PP008431,144.7,1.8,9.0,22.8,26.1,79.2,28.1,Glossy,Night,Good,Type_C,Medium,177,Op07,B04,66528.7
PP008432,48.9,12.4,11.2,23.9,75.4,77.4,22.2,Matte,Afternoon,Average,Type_D,High,3,Op08,B01,16929.9
PP008433,111.5,9.3,12.3,32.5,40.6,80.6,43.3,Standard,Morning,Average,Type_B,Medium,30,Op04,B08,65284.1
PP008434,144.9,7.8,6.3,21.2,45.0,89.5,42.4,Standard,Morning,Average,Type_B,High,64,Op01,B01,51104.4
PP008435,94.3,4.4,16.1,24.9,45.5,97.9,25.9,Glossy,Morning,Poor,Type_B,High,349,Op06,B10,68876.6
PP008436,92.5,0.9,11.8,27.6,58.3,94.4,34.1,Glossy,Afternoon,Good,Type_A,High,194,Op06,B10,59277.0
PP008437,146.4,4.0,10.0,26.7,59.3,94.3,36.8,Matte,Night,Average,Type_D,High,243,Op05,B19,80567.9
PP008438,93.8,3.6,18.6,28.8,46.0,94.8,25.4,Glossy,Afternoon,Good,Type_A,High,219,Op10,B10,93633.0
PP008439,112.5,4.6,7.0,25.6,56.7,99.7,66.8,Glossy,Morning,Average,Type_C,High,60,Op03,B19,36888.8
PP008440,133.9,15.0,11.0,24.1,58.1,78.5,97.0,Standard,Morning,Poor,Type_D,High,128,Op08,B12,35771.7
PP008441,161.1,2.0,13.9,17.3,42.8,89.5,25.5,Glossy,Afternoon,Good,Type_C,Medium,55,Op10,B11,111233.9
PP008442,140.6,7.8,8.9,15.0,68.8,75.9,50.0,Standard,Afternoon,Average,Type_D,Medium,98,Op06,B15,55499.8
PP008443,167.5,1.5,7.8,19.3,51.1,78.6,39.2,Glossy,Morning,Average,Type_A,High,216,Op08,B03,64367.1
PP008444,155.5,6.5,20.6,23.1,52.6,92.2,63.0,Standard,Afternoon,Good,Type_C,Medium,288,Op04,B05,156591.8
PP008445,62.5,0.8,7.4,21.7,66.4,34.5,15.7,Standard,Night,Good,Type_A,Low,108,Op02,B14,14863.3
PP008446,142.7,4.8,14.5,25.9,,46.5,58.3,Standard,Night,Average,Type_C,Medium,333,Op06,B02,86870.8
PP008447,80.8,1.9,14.3,23.7,59.8,85.7,18.9,Standard,Afternoon,Average,Type_C,Medium,145,Op05,B07,57730.3
PP008448,147.2,1.9,12.5,34.2,61.5,90.2,41.3,Matte,Night,Good,Type_B,Medium,118,Op02,B03,98223.0
PP008449,154.4,7.7,14.7,19.0,63.7,76.0,19.9,Standard,Afternoon,Good,Type_B,Medium,96,Op10,B01,122124.7
PP008450,112.6,2.4,10.8,22.6,53.6,40.2,38.0,Standard,Afternoon,Poor,Type_C,High,176,Op06,B02,47658.5
PP008451,116.9,0.7,8.5,21.9,45.4,62.8,28.9,Matte,Morning,Good,Type_A,High,236,Op07,B01,56833.8
PP008452,180.0,5.9,6.8,21.3,64.5,91.7,21.5,Cardstock,Afternoon,Average,Type_D,Medium,341,Op02,B13,42169.8
PP008453,107.6,1.5,6.3,21.7,60.7,47.2,38.1,Standard,Afternoon,Average,Type_A,Medium,55,Op08,B09,30966.2
PP008454,124.3,6.1,6.7,16.4,39.0,92.2,37.9,Matte,Morning,Good,Type_C,Medium,15,Op09,B01,41379.3
PP008455,116.4,7.4,10.5,19.3,48.8,88.4,23.4,Standard,Morning,Good,Type_D,Medium,241,Op09,B20,66341.5
PP008456,84.5,15.0,17.6,23.4,63.7,82.9,20.3,Standard,Afternoon,Poor,Type_C,High,126,Op01,B15,25330.2
PP008457,110.1,3.3,8.3,,43.3,89.0,21.8,Glossy,Night,Average,Type_D,High,233,Op07,B06,46019.5
PP008458,68.8,7.3,7.2,21.8,34.9,91.6,58.9,Glossy,Morning,Average,Type_D,Low,249,Op02,B13,18062.6
PP008459,177.7,0.2,13.1,16.1,42.4,83.1,33.0,Matte,Afternoon,Average,Type_A,Low,143,Op06,B07,47994.6
PP008460,71.0,1.1,16.2,25.3,41.1,77.8,17.5,Matte,Morning,Average,Type_B,Medium,138,Op06,B06,56188.5
PP008461,83.4,0.9,9.9,15.4,46.0,83.5,39.8,Standard,Afternoon,Good,Type_A,Medium,150,Op10,B03,40111.3
PP008462,84.8,3.0,14.4,,42.1,87.7,20.8,Standard,Morning,Average,Type_C,Medium,42,Op06,B07,63888.2
PP008463,153.6,0.9,8.4,26.5,64.4,98.2,47.8,Glossy,Night,Good,Type_C,Low,263,Op03,B03,53929.1
PP008464,91.9,0.7,13.1,31.5,,96.3,54.2,Standard,Night,Good,Type_D,Low,322,Op04,B01,51962.8
PP008465,180.0,1.3,8.1,21.9,44.3,85.6,47.3,Glossy,Afternoon,Good,Type_A,Medium,170,Op10,B01,57159.2
PP008466,97.2,3.1,10.5,30.4,64.2,81.2,36.9,Standard,Night,Average,Type_A,High,65,Op09,B13,52312.6
PP008467,129.0,4.2,12.0,21.3,35.3,,28.7,Standard,Morning,Good,Type_C,Low,83,Op06,B01,80286.5
PP008468,116.9,0.1,14.5,22.5,66.8,90.9,58.2,Matte,Morning,Good,Type_A,Medium,20,Op10,B09,95439.7
PP008469,79.3,3.8,10.8,24.6,70.0,54.1,31.0,Matte,Night,Good,Type_B,Medium,247,Op01,B03,36770.5
PP008470,180.0,2.3,21.6,28.1,81.0,89.4,64.6,Standard,Afternoon,Average,Type_B,Medium,333,Op07,B13,77676.6
PP008471,95.9,2.2,12.2,24.5,64.6,86.7,19.1,Cardstock,Afternoon,Average,Type_C,High,174,Op06,B20,55693.4
PP008472,138.5,8.5,9.1,20.6,52.3,85.7,15.0,Standard,Morning,Average,Type_A,Low,292,Op08,B13,67219.4
PP008473,68.9,0.0,9.5,19.7,70.0,80.7,27.9,Glossy,Morning,Good,Type_C,High,80,Op09,B08,30971.5
PP008474,110.2,0.1,13.5,25.9,37.0,89.2,20.6,Matte,Afternoon,Good,Type_C,Low,134,Op07,B02,75051.8
PP008475,96.0,10.3,7.0,,55.6,,18.2,Glossy,Night,Poor,Type_A,Medium,224,Op02,B07,21998.6
PP008476,112.0,2.3,12.4,20.9,40.7,89.3,44.5,Glossy,Night,Good,Type_B,Medium,3,Op04,B07,71053.5
PP008477,180.0,11.3,14.6,27.0,60.0,94.1,35.6,Standard,Night,Good,Type_B,Low,58,Op04,B19,59070.2
PP008478,125.1,3.8,9.2,22.0,49.8,,21.8,Standard,Afternoon,Average,Type_C,Low,110,Op02,B02,60704.2
PP008479,143.4,6.3,12.5,27.8,50.4,88.2,62.7,Cardstock,Afternoon,Average,Type_C,High,331,Op01,B08,87648.7
PP008480,92.1,6.1,6.5,25.2,,70.4,16.1,Glossy,Afternoon,Average,Type_B,Medium,228,Op08,B14,28982.3
PP008481,73.8,0.2,16.3,23.4,58.3,87.0,50.7,Glossy,Morning,Good,Type_B,Medium,225,Op03,B01,59834.9
PP008482,61.8,6.3,8.9,,72.9,86.4,21.4,Matte,Morning,Average,Type_B,Medium,309,Op09,B14,24697.8
PP008483,116.2,1.1,12.5,26.0,60.5,72.1,30.9,Standard,Morning,Good,Type_C,High,291,Op04,B20,83630.3
PP008484,106.3,0.6,15.3,15.0,62.7,96.4,32.2,Cardstock,Night,Good,Type_C,Low,132,Op07,B04,61966.6
PP008485,157.8,0.2,7.7,31.6,57.0,93.1,51.6,Matte,Night,Average,Type_A,Medium,266,Op07,B09,57224.3
PP008486,101.1,4.9,10.7,27.2,54.2,82.3,27.1,Matte,Afternoon,Average,Type_B,Low,192,Op10,B11,50334.2
PP008487,73.4,9.0,8.3,,44.6,83.3,28.0,Glossy,Afternoon,Good,Type_B,Low,186,Op04,B19,26795.9
PP008488,113.7,2.9,6.2,23.8,64.8,94.2,23.0,Cardstock,Morning,Good,Type_A,Low,166,Op07,B02,35364.6
PP008489,105.9,6.0,9.2,27.7,38.7,75.3,46.1,Glossy,Morning,Good,Type_D,Medium,11,Op01,B09,47091.2
PP008490,82.6,6.3,13.1,25.6,56.9,64.4,40.9,Standard,Night,Good,Type_C,Medium,59,Op07,B14,49304.2
PP008491,132.5,7.5,10.1,27.7,47.7,91.1,57.8,Standard,Night,Poor,Type_C,Medium,228,Op01,B20,56374.9
PP008492,78.7,12.4,17.2,21.5,64.7,73.1,21.2,Standard,Morning,Good,Type_C,Medium,108,Op07,B12,54119.6
PP008493,137.5,5.5,11.8,22.0,42.8,97.4,32.9,Glossy,Afternoon,Good,Type_C,High,262,Op02,B14,92871.2
PP008494,141.7,0.2,18.4,28.1,35.5,84.7,25.8,Cardstock,Night,Good,Type_D,Medium,43,Op04,B10,120956.0
PP008495,135.0,15.0,14.6,23.4,35.5,82.0,27.7,Cardstock,Night,Average,Type_A,Medium,283,Op04,B14,72045.2
PP008496,74.8,13.6,21.6,33.5,61.8,46.4,78.0,Matte,Afternoon,Poor,Type_D,Low,107,Op02,B06,4704.5
PP008497,133.8,1.6,6.0,15.6,57.0,81.6,57.0,Matte,Morning,Good,Type_C,High,156,Op09,B18,40799.5
PP008498,154.6,0.4,7.7,27.9,56.4,93.3,24.5,Glossy,Night,Good,Type_D,Medium,47,Op06,B18,61384.5
PP008499,93.1,0.0,9.3,15.1,39.5,88.5,36.1,Standard,Afternoon,Good,Type_B,Medium,146,Op04,B20,41209.2
PP008500,137.9,6.1,12.2,18.1,41.1,71.8,45.0,Standard,Night,Average,Type_B,Low,6,Op04,B07,75707.0
