id,printing_speed,machine_age,operating_hours,temperature,humidity,power_stability,setup_time,paper_type,shift,maintenance_status,machine_type,paper_quality,last_calibration_day,operator_id,ink_batch_id,amount_printed
PP000001,89.6,15.0,18.2,19.6,68.4,47.2,54.7,Glossy,Afternoon,Poor,Type_B,Medium,242,Op08,B12,8920.6
PP000002,122.7,6.2,7.9,28.2,62.3,84.9,62.3,Matte,Afternoon,Good,Type_D,Medium,181,Op02,B12,45149.0
PP000003,54.3,3.8,16.0,24.6,47.8,90.6,22.6,Standard,Morning,Average,Type_D,High,151,Op02,B04,41286.2
PP000004,159.7,15.0,8.9,19.6,52.6,62.7,120.0,Standard,Night,Good,Type_C,Low,179,Op05,B12,31637.0
PP000005,135.4,3.1,7.8,19.5,54.2,86.5,33.3,Cardstock,Morning,Average,Type_D,Low,271,Op07,B05,49092.2
PP000006,105.7,1.1,8.6,18.0,50.2,61.1,13.8,Matte,Night,Good,Type_D,Medium,57,Op07,B07,43845.2
PP000007,105.0,0.6,9.5,27.4,71.0,78.0,16.8,Standard,Afternoon,Poor,Type_B,Medium,195,Op01,B11,46065.7
PP000008,124.7,0.3,6.0,24.2,43.5,86.7,27.6,Matte,Afternoon,Good,Type_C,Low,55,Op02,B01,38631.7
PP000009,106.4,1.1,10.7,34.7,57.7,80.1,41.1,Standard,Afternoon,Good,Type_D,Low,336,Op05,B18,50954.3
PP000010,107.8,12.2,14.3,35.8,57.3,87.4,82.9,Standard,Afternoon,Average,Type_D,Medium,248,Op10,B03,57758.3
PP000011,138.0,0.3,12.6,23.1,77.2,76.5,25.4,Cardstock,Night,Good,Type_B,High,252,Op01,B09,84506.8
PP000012,131.5,0.8,12.0,,54.1,91.4,27.7,Matte,Afternoon,Average,Type_C,Medium,71,Op08,B16,88001.0
PP000013,112.9,1.4,11.3,27.8,50.5,82.8,52.0,Standard,Night,Good,Type_A,Medium,143,Op05,B13,69273.9
PP000014,112.3,11.4,13.6,22.5,57.4,86.1,30.8,Standard,Night,Poor,Type_A,Low,70,Op06,B12,48802.5
PP000015,120.1,1.1,9.2,23.5,33.2,93.6,33.7,Standard,Morning,Good,Type_B,Medium,174,Op09,B19,66378.6
PP000016,95.4,15.0,11.9,26.4,67.1,59.2,34.9,Glossy,Afternoon,Average,Type_A,High,81,Op04,B09,37951.5
PP000017,102.1,9.3,7.2,18.4,43.0,61.3,38.1,Glossy,Night,Average,Type_B,High,192,Op08,B07,31062.8
PP000018,132.5,2.9,7.5,20.0,45.8,82.8,13.4,Standard,Afternoon,Good,Type_C,Medium,45,Op05,B03,60621.4
PP000019,110.8,1.1,10.1,25.9,48.9,86.7,35.6,Matte,Afternoon,Good,Type_D,Medium,158,Op07,B01,59601.7
PP000020,71.0,6.5,9.3,28.7,44.5,84.6,27.1,Standard,Night,Good,Type_B,Medium,197,Op03,B01,31767.1
PP000021,99.7,3.4,9.0,24.1,44.2,94.5,32.2,Standard,Afternoon,Poor,Type_C,High,175,Op09,B16,44353.1
PP000022,136.0,8.7,7.3,24.0,49.2,82.9,64.1,Glossy,Afternoon,Average,Type_B,Medium,22,Op02,B06,45473.4
PP000023,107.6,8.8,7.5,20.8,37.2,76.7,32.0,Cardstock,Morning,Good,Type_D,Low,292,Op05,B15,34508.2
PP000024,110.2,2.1,8.7,27.7,55.1,83.3,25.5,Matte,Afternoon,Good,Type_A,Medium,4,Op05,B02,54067.6
PP000025,135.5,1.1,7.6,22.3,44.2,28.4,30.7,Cardstock,Night,Good,Type_C,Low,335,Op10,B10,31893.8
PP000026,173.4,15.0,15.6,20.0,57.6,92.4,36.3,Standard,Night,Average,Type_C,Low,44,Op03,B08,43640.8
PP000027,92.2,4.1,17.9,28.0,52.6,89.9,29.8,Cardstock,Night,Average,Type_D,Medium,265,Op07,B04,64394.8
PP000028,158.1,0.2,17.7,21.3,59.6,96.5,25.1,Standard,Night,Good,Type_A,High,120,Op04,B03,155755.9
PP000029,75.6,1.9,13.3,23.5,59.9,91.9,25.4,Standard,Afternoon,Average,Type_B,High,268,Op07,B02,53379.7
PP000030,120.6,4.5,8.5,15.0,59.9,76.3,34.1,Cardstock,Afternoon,Average,Type_D,Low,84,Op01,B20,38948.7
PP000031,77.6,1.9,14.6,29.9,55.2,86.1,46.0,Standard,Afternoon,Average,Type_A,High,59,Op05,B10,55425.5
PP000032,158.2,8.6,6.8,,56.7,98.4,28.6,Standard,Morning,Good,Type_B,Medium,237,Op05,B07,60967.2
PP000033,141.7,6.6,6.4,30.1,29.9,78.1,31.7,Matte,Morning,Good,Type_D,Medium,107,Op05,B03,47281.1
PP000034,151.4,7.7,7.2,30.8,58.9,98.6,26.7,Cardstock,Afternoon,Average,Type_B,High,336,Op02,B11,53749.6
PP000035,86.7,5.1,11.7,22.7,59.5,72.4,105.8,Glossy,Morning,Poor,Type_D,High,75,Op02,B06,33385.6
PP000036,136.9,2.9,8.7,18.0,36.5,82.5,22.7,Matte,Morning,Average,Type_B,Low,120,Op05,B10,62470.3
PP000037,98.4,1.2,12.3,21.6,49.7,95.5,28.1,Matte,Night,Good,Type_B,High,59,Op10,B08,66179.8
PP000038,100.4,7.3,17.5,25.8,72.6,91.8,20.8,Standard,Night,Poor,Type_B,High,331,Op03,B01,72036.3
PP000039,131.2,6.7,12.3,21.1,48.0,97.0,29.0,Glossy,Morning,Average,Type_A,Medium,140,Op03,B09,85998.6
PP000040,143.1,1.4,13.2,22.1,61.8,97.2,50.9,Matte,Afternoon,Good,Type_D,Medium,231,Op08,B12,110613.2
PP000041,121.5,6.6,12.1,26.3,40.3,87.4,60.9,Cardstock,Morning,Average,Type_B,Low,213,Op03,B01,62227.5
PP000042,94.9,5.0,12.6,29.1,38.2,87.2,50.4,Matte,Morning,Average,Type_B,Medium,333,Op01,B17,56018.3
PP000043,88.6,13.9,13.0,25.2,40.0,78.2,15.1,Standard,Morning,Good,Type_A,Medium,83,Op04,B01,54302.0
PP000044,161.2,9.8,15.6,16.9,67.1,87.5,20.4,Standard,Morning,Poor,Type_B,Medium,289,Op02,B13,82595.9
PP000045,134.0,8.1,12.7,22.8,58.6,97.3,49.1,Cardstock,Afternoon,Average,Type_B,Low,332,Op08,B16,74079.4
PP000046,138.0,0.3,8.0,22.6,47.4,,45.3,Cardstock,Afternoon,Good,Type_B,Low,361,Op02,B06,52591.6
PP000047,180.0,15.0,12.0,24.9,35.8,84.5,23.0,Matte,Night,Average,Type_A,High,261,Op07,B17,57128.8
PP000048,88.9,14.6,10.6,24.2,55.6,86.1,36.3,Standard,Afternoon,Poor,Type_A,High,253,Op09,B07,26300.3
PP000049,180.0,7.0,8.3,19.2,64.4,81.8,22.5,Glossy,Afternoon,Poor,Type_A,Medium,38,Op05,B15,45176.4
PP000050,180.0,0.8,6.3,27.9,69.2,69.4,28.7,Glossy,Afternoon,Good,Type_A,Low,197,Op08,B14,25042.1
PP000051,166.8,7.2,18.7,15.0,31.7,86.9,28.1,Standard,Afternoon,Poor,Type_A,High,177,Op03,B06,103752.9
PP000052,141.5,0.9,11.3,31.1,50.6,84.1,37.3,Matte,Afternoon,Average,Type_A,Medium,4,Op09,B12,85345.9
PP000053,93.8,2.9,8.2,27.4,31.6,87.5,24.8,Cardstock,Night,Average,Type_A,High,31,Op08,B14,35815.7
PP000054,146.8,12.3,7.5,32.5,47.8,94.9,34.0,Matte,Afternoon,Good,Type_C,High,332,Op10,B13,57185.2
PP000055,100.8,0.0,17.5,25.3,60.7,69.1,25.3,Standard,Morning,Average,Type_B,Low,245,Op06,B08,77001.5
PP000056,114.3,1.8,10.4,30.9,43.1,85.5,59.3,Standard,Night,Good,Type_A,Low,364,Op02,B20,55554.5
PP000057,105.7,1.8,14.6,25.1,48.5,,69.9,Glossy,Morning,Good,Type_D,Medium,201,Op10,B14,74691.2
PP000058,124.1,5.2,6.8,27.3,59.1,92.7,28.9,Standard,Night,Good,Type_C,Medium,217,Op04,B10,47163.4
PP000059,156.2,3.2,8.3,16.9,28.8,59.2,48.5,Standard,Afternoon,Average,Type_C,Medium,260,Op07,B16,46085.2
PP000060,97.2,3.9,9.9,16.9,43.8,95.2,30.2,Standard,Afternoon,Good,Type_A,Medium,36,Op01,B18,50291.1
PP000061,83.5,1.2,13.2,22.0,62.9,80.6,14.8,Standard,Afternoon,Average,Type_D,High,125,Op10,B16,55012.4
PP000062,82.9,2.6,20.5,23.7,65.4,96.3,27.4,Standard,Afternoon,Average,Type_A,High,207,Op06,B04,80581.4
PP000063,84.0,0.8,4.6,21.3,49.8,92.0,18.3,Matte,Afternoon,Good,Type_B,Low,288,Op03,B11,18448.1
PP000064,69.2,3.6,16.0,28.1,46.5,95.9,30.0,Cardstock,Afternoon,Good,Type_D,Low,45,Op07,B20,43145.2
PP000065,85.8,3.1,15.2,20.2,74.2,,52.9,Glossy,Afternoon,Good,Type_C,Medium,244,Op04,B03,59811.4
PP000066,156.4,15.0,9.2,30.0,40.2,77.9,26.7,Standard,Night,Poor,Type_B,Low,358,Op08,B12,21545.3
PP000067,96.0,2.3,8.3,23.0,50.4,90.8,37.9,Cardstock,Morning,Good,Type_C,Medium,206,Op04,B20,40009.6
PP000068,123.2,10.6,7.2,18.0,23.9,92.1,53.1,Cardstock,Morning,Good,Type_A,High,9,Op02,B02,40604.5
PP000069,76.1,1.9,7.9,20.1,50.8,26.2,25.5,Glossy,Morning,Good,Type_A,Medium,222,Op10,B10,22180.1
PP000070,120.4,14.7,7.2,26.5,40.2,12.7,63.2,Cardstock,Afternoon,Poor,Type_A,Medium,125,Op07,B06,2068.2
PP000071,59.3,4.8,22.9,26.3,47.3,22.4,24.7,Standard,Morning,Average,Type_B,High,290,Op05,B10,25604.6
PP000072,92.6,2.2,15.4,29.2,36.3,96.6,21.3,Standard,Night,Average,Type_B,Medium,37,Op07,B12,66429.8
PP000073,180.0,0.5,5.0,23.2,68.4,89.5,15.4,Standard,Afternoon,Average,Type_C,High,215,Op02,B06,37630.4
PP000074,96.3,1.1,14.1,26.1,62.7,90.1,32.3,Matte,Afternoon,Good,Type_B,Medium,273,Op09,B18,71368.2
PP000075,150.8,11.4,12.9,17.8,46.4,89.9,28.4,Standard,Afternoon,Average,Type_B,Low,40,Op05,B06,72322.0
PP000076,129.6,4.5,8.6,31.4,64.2,86.1,13.8,Cardstock,Afternoon,Good,Type_B,Medium,48,Op03,B08,58564.0
PP000077,110.1,4.0,6.8,18.8,38.4,97.2,40.5,Glossy,Morning,Poor,Type_B,Low,361,Op02,B14,29300.1
PP000078,94.1,2.9,15.1,17.3,66.8,83.2,39.0,Glossy,Morning,Good,Type_A,Medium,19,Op05,B07,69309.9
PP000079,156.2,0.2,7.5,24.4,39.2,94.2,51.8,Glossy,Morning,Good,Type_A,Medium,257,Op04,B04,61770.2
PP000080,109.3,6.4,7.7,18.7,59.5,71.5,27.6,Cardstock,Night,Good,Type_A,Medium,213,Op02,B14,38238.6
PP000081,163.9,4.8,8.0,28.4,63.2,87.7,10.6,Standard,Morning,Poor,Type_C,Medium,90,Op10,B08,56334.6
PP000082,92.0,2.9,21.6,26.8,46.0,93.0,72.0,Matte,Morning,Good,Type_A,Medium,251,Op07,B05,94525.1
PP000083,116.8,1.8,9.8,,31.1,78.7,27.8,Standard,Night,Good,Type_C,Medium,32,Op04,B07,60508.9
PP000084,129.9,2.7,12.6,23.5,44.9,83.5,20.1,Standard,Morning,Good,Type_A,Medium,1,Op07,B10,98163.2
PP000085,126.9,12.3,11.7,22.0,57.7,84.3,44.9,Standard,Night,Average,Type_B,Medium,307,Op05,B02,70012.9
PP000086,75.5,10.3,14.0,22.6,50.0,86.9,41.4,Standard,Morning,Poor,Type_D,High,195,Op08,B11,36728.9
PP000087,93.7,9.3,15.5,22.2,46.9,75.2,95.8,Cardstock,Night,Average,Type_A,High,95,Op01,B19,52403.5
PP000088,108.7,2.2,18.8,24.1,62.4,98.2,63.8,Standard,Afternoon,Poor,Type_C,High,128,Op01,B18,88102.5
PP000089,87.7,6.2,13.6,20.9,73.0,95.5,25.3,Matte,Afternoon,Average,Type_D,Medium,107,Op06,B02,51784.0
PP000090,136.7,0.7,8.9,29.8,69.8,98.9,31.0,Cardstock,Night,Good,Type_A,High,210,Op08,B19,64640.8
PP000091,133.8,3.7,17.3,23.9,20.0,92.2,29.4,Cardstock,Afternoon,Good,Type_A,Medium,250,Op05,B02,114605.8
PP000092,52.4,6.8,11.0,27.1,59.1,89.3,55.1,Glossy,Morning,Average,Type_B,High,227,Op02,B12,24393.9
PP000093,57.2,3.3,10.6,21.7,39.5,79.6,29.0,Standard,Afternoon,Good,Type_A,High,22,Op08,B18,30972.7
PP000094,74.0,0.2,5.9,24.1,66.0,96.9,16.4,Glossy,Night,Good,Type_C,High,229,Op08,B15,21867.2
PP000095,118.8,0.2,7.2,23.3,45.3,69.1,24.3,Glossy,Morning,Good,Type_B,Medium,180,Op01,B11,48353.9
PP000096,180.0,2.5,12.0,15.0,45.4,85.2,44.7,Standard,Morning,Good,Type_D,Medium,362,Op08,B08,79343.2
PP000097,102.8,3.1,8.1,19.3,62.1,78.8,26.2,Cardstock,Afternoon,Poor,Type_A,Medium,233,Op08,B01,32808.0
PP000098,123.0,2.8,12.8,15.0,,39.2,28.6,Standard,Morning,Average,Type_A,Medium,288,Op06,B12,63974.7
PP000099,81.0,5.6,7.8,17.8,,52.6,30.0,Matte,Night,Average,Type_C,Medium,227,Op03,B04,22909.2
PP000100,81.5,1.2,6.8,22.4,63.5,80.1,44.2,Glossy,Morning,Good,Type_B,High,336,Op04,B11,27152.2
PP000101,52.4,14.4,8.6,32.4,65.6,85.2,32.2,Standard,Afternoon,Average,Type_C,Low,321,Op10,B04,10844.0
PP000102,114.1,0.8,7.0,25.3,43.6,93.0,16.7,Glossy,Afternoon,Good,Type_C,Low,117,Op01,B19,40150.8
PP000103,145.3,4.0,8.2,16.9,46.5,86.6,38.2,Cardstock,Night,Good,Type_D,Medium,103,Op06,B03,57709.9
PP000104,103.6,1.3,5.9,24.8,73.4,54.9,27.3,Matte,Morning,Average,Type_B,Medium,168,Op02,B10,27145.1
PP000105,159.7,2.6,17.8,23.9,71.1,68.8,59.3,Cardstock,Afternoon,Good,Type_C,High,49,Op10,B08,109764.6
PP000106,121.3,2.0,9.4,22.2,55.8,89.9,20.6,Glossy,Morning,Good,Type_C,Medium,359,Op04,B02,62794.3
PP000107,113.8,2.3,11.0,22.1,59.8,91.1,26.2,Glossy,Morning,Average,Type_B,Medium,4,Op08,B19,69466.8
PP000108,131.6,7.4,7.3,20.2,56.6,86.3,34.1,Cardstock,Afternoon,Poor,Type_B,Medium,346,Op02,B20,40018.2
PP000109,130.6,5.1,9.1,30.5,42.9,86.5,26.6,Glossy,Afternoon,Good,Type_A,Medium,339,Op02,B05,64076.4
PP000110,151.7,0.3,21.2,,61.1,93.8,19.0,Matte,Morning,Good,Type_B,Medium,312,Op08,B20,171447.8
PP000111,89.3,2.5,6.7,,63.9,97.0,48.2,Standard,Night,Average,Type_C,Medium,262,Op10,B17,25833.7
PP000112,41.8,3.7,7.9,30.3,42.8,79.8,23.7,Standard,Morning,Good,Type_D,Medium,152,Op07,B12,13850.8
PP000113,118.7,2.9,10.5,21.2,38.8,,25.8,Cardstock,Afternoon,Average,Type_C,Medium,196,Op01,B16,59256.2
PP000114,95.4,0.6,7.8,20.9,43.6,95.3,28.9,Matte,Morning,Good,Type_A,Medium,236,Op05,B20,41604.5
PP000115,114.1,2.5,7.0,19.9,64.8,88.8,16.0,Matte,Afternoon,Good,Type_C,Medium,24,Op01,B08,44433.3
PP000116,168.3,0.3,11.2,27.4,44.5,95.4,27.8,Cardstock,Night,Good,Type_A,Medium,211,Op05,B17,87733.6
PP000117,79.7,12.3,13.0,21.8,51.0,82.8,28.6,Cardstock,Morning,Good,Type_B,High,338,Op04,B15,45824.4
PP000118,139.5,1.2,8.0,19.7,53.7,72.0,19.3,Standard,Morning,Poor,Type_D,Medium,297,Op05,B10,52859.7
PP000119,145.3,4.5,10.2,34.6,47.0,64.9,72.0,Standard,Afternoon,Good,Type_A,Medium,347,Op04,B04,74611.2
PP000120,129.7,13.6,13.8,21.0,42.7,87.3,26.1,Glossy,Afternoon,Good,Type_B,Medium,328,Op10,B01,86250.5
PP000121,150.8,15.0,8.3,16.2,21.9,80.9,31.4,Matte,Morning,Average,Type_A,Medium,140,Op04,B18,43382.2
PP000122,100.3,7.7,6.6,30.6,63.6,95.7,36.5,Glossy,Night,Average,Type_A,Medium,32,Op08,B03,30632.2
PP000123,93.2,2.0,6.3,26.6,52.5,99.6,29.6,Matte,Night,Good,Type_C,Medium,85,Op02,B17,29124.0
PP000124,148.2,3.8,10.2,22.7,80.2,85.1,25.7,Glossy,Morning,Average,Type_D,High,75,Op02,B13,76690.7
PP000125,138.0,12.1,10.1,28.4,63.9,84.4,55.0,Matte,Night,Good,Type_A,High,135,Op05,B01,67933.7
PP000126,159.5,14.8,10.7,29.2,52.4,87.6,28.1,Standard,Night,Poor,Type_A,High,81,Op09,B13,45849.3
PP000127,121.8,3.0,9.6,23.5,56.8,97.9,39.0,Standard,Afternoon,Average,Type_A,Low,209,Op07,B09,61246.7
PP000128,167.0,10.9,12.8,25.0,50.9,68.3,32.1,Matte,Morning,Poor,Type_A,High,334,Op03,B13,71616.9
PP000129,106.0,1.6,7.8,16.1,49.7,92.0,45.1,Standard,Afternoon,Good,Type_B,High,321,Op03,B06,43177.6
PP000130,81.1,2.4,7.5,28.4,,93.2,25.9,Standard,Night,Poor,Type_D,Medium,155,Op10,B02,24825.9
PP000131,49.8,0.5,8.5,27.5,51.8,93.0,40.2,Standard,Afternoon,Good,Type_A,Low,62,Op05,B12,18295.1
PP000132,79.8,1.5,12.0,23.3,54.6,92.3,24.1,Glossy,Night,Average,Type_A,Medium,84,Op06,B19,45909.1
PP000133,141.2,4.3,6.6,25.5,43.0,92.4,42.8,Matte,Morning,Average,Type_D,Medium,103,Op10,B17,48048.0
PP000134,68.1,8.9,10.6,18.0,,93.6,27.9,Cardstock,Afternoon,Good,Type_B,Medium,341,Op06,B17,28555.0
PP000135,100.5,1.8,9.1,28.1,64.9,73.0,50.3,Standard,Morning,Good,Type_A,Medium,225,Op01,B17,48411.1
PP000136,180.0,9.1,6.4,20.2,45.9,81.1,28.0,Glossy,Night,Poor,Type_D,Low,181,Op05,B13,9226.8
PP000137,142.1,5.9,13.6,29.3,52.1,38.7,30.5,Standard,Afternoon,Good,Type_B,Low,218,Op07,B08,86085.4
PP000138,172.3,0.3,7.1,21.7,71.5,98.3,24.2,Matte,Morning,Good,Type_B,High,203,Op07,B01,57434.9
PP000139,83.3,2.7,19.8,22.9,41.8,94.1,21.3,Glossy,Morning,Good,Type_C,Low,260,Op10,B20,73165.4
PP000140,36.3,1.9,8.8,28.2,58.0,78.9,25.0,Matte,Night,Average,Type_B,Medium,193,Op03,B07,11582.9
PP000141,163.5,1.3,9.9,22.6,43.1,92.1,48.4,Standard,Night,Average,Type_C,Low,319,Op01,B04,63865.9
PP000142,69.7,12.6,13.3,27.6,65.6,93.1,30.0,Standard,Afternoon,Poor,Type_A,High,136,Op01,B06,24924.4
PP000143,117.9,4.2,7.0,24.0,51.8,95.8,27.1,Matte,Night,Good,Type_C,Low,172,Op02,B04,39938.3
PP000144,121.9,3.4,9.4,26.9,56.8,67.2,16.9,Matte,Afternoon,Good,Type_B,Low,249,Op07,B17,57909.4
PP000145,84.6,3.2,8.4,21.9,44.7,92.7,61.4,Standard,Morning,Poor,Type_A,High,7,Op09,B13,30498.9
PP000146,164.7,1.7,7.0,19.9,48.2,96.3,29.2,Glossy,Night,Average,Type_D,High,246,Op04,B02,51991.1
PP000147,164.6,8.7,14.4,20.2,23.7,94.3,52.4,Standard,Afternoon,Poor,Type_B,Medium,220,Op04,B14,81514.7
PP000148,132.6,4.5,12.7,26.5,42.3,93.9,29.1,Cardstock,Afternoon,Average,Type_C,High,1,Op03,B19,88158.7
PP000149,114.1,8.8,9.8,19.3,46.2,93.6,52.3,Glossy,Afternoon,Average,Type_D,Low,192,Op04,B19,46792.4
PP000150,121.1,4.0,7.9,28.1,78.6,95.5,12.3,Cardstock,Morning,Poor,Type_C,Medium,243,Op08,B05,38743.4
PP000151,79.9,2.2,7.4,16.5,59.4,77.5,34.9,Cardstock,Morning,Good,Type_B,Low,327,Op08,B20,22668.0
PP000152,107.3,3.5,6.3,29.4,51.7,90.1,37.2,Glossy,Afternoon,Poor,Type_B,Low,247,Op09,B13,26347.3
PP000153,111.6,0.7,8.3,25.4,63.1,90.1,23.2,Matte,Afternoon,Good,Type_D,Medium,144,Op05,B14,49857.3
PP000154,87.7,2.3,13.6,24.6,48.1,89.5,88.1,Matte,Morning,Average,Type_B,Medium,296,Op10,B12,54682.1
PP000155,142.2,2.5,12.3,17.2,40.8,77.2,73.0,Standard,Night,Good,Type_B,High,46,Op10,B12,88313.6
PP000156,69.4,1.6,10.5,21.6,58.1,88.7,50.5,Cardstock,Afternoon,Good,Type_B,Medium,11,Op08,B01,31767.0
PP000157,100.5,0.6,8.5,22.6,64.6,72.1,20.0,Standard,Afternoon,Good,Type_C,Medium,311,Op05,B19,44348.7
PP000158,42.9,14.0,8.2,26.5,60.8,75.7,23.6,Matte,Morning,Average,Type_B,High,202,Op04,B07,11558.3
PP000159,130.9,5.8,5.7,20.8,59.2,85.8,66.1,Cardstock,Afternoon,Average,Type_C,High,317,Op01,B11,32235.6
PP000160,138.8,3.2,10.9,19.5,47.2,93.0,24.3,Standard,Night,Average,Type_A,Medium,88,Op01,B07,85705.8
PP000161,134.9,1.3,12.4,27.6,46.4,96.8,29.9,Cardstock,Night,Good,Type_A,High,271,Op06,B04,91808.3
PP000162,180.0,2.7,8.2,,44.1,87.9,38.2,Standard,Night,Good,Type_D,Medium,86,Op08,B20,60237.9
PP000163,145.1,1.4,17.4,20.8,70.6,91.0,90.3,Standard,Afternoon,Good,Type_C,Medium,210,Op05,B17,126456.7
PP000164,84.9,1.5,8.0,17.4,49.6,88.6,42.9,Glossy,Afternoon,Average,Type_A,Medium,84,Op07,B05,30558.2
PP000165,180.0,1.5,15.4,28.0,52.9,82.2,31.6,Matte,Night,Good,Type_A,Medium,185,Op10,B17,112523.1
PP000166,85.5,1.9,13.2,17.3,42.8,88.2,41.8,Matte,Afternoon,Good,Type_C,High,42,Op02,B03,53756.8
PP000167,140.2,0.3,17.0,27.4,79.1,87.9,23.9,Standard,Afternoon,Good,Type_C,Medium,140,Op05,B18,131481.1
PP000168,138.8,7.5,22.0,27.1,37.9,96.6,59.9,Standard,Morning,Average,Type_D,High,286,Op06,B07,146594.5
PP000169,86.8,1.0,8.3,28.7,54.7,39.0,15.9,Cardstock,Morning,Average,Type_B,High,65,Op03,B07,28449.1
PP000170,159.7,1.3,19.7,27.9,59.8,94.6,22.6,Matte,Night,Good,Type_B,Low,66,Op08,B03,121916.2
PP000171,126.3,2.8,11.7,24.7,32.6,91.2,11.5,Matte,Morning,Good,Type_A,Medium,246,Op02,B10,86219.9
PP000172,133.3,0.2,10.1,23.1,56.5,84.6,27.8,Glossy,Morning,Good,Type_A,High,72,Op08,B16,81668.0
PP000173,93.4,1.7,17.9,23.1,82.0,91.5,59.2,Cardstock,Night,Poor,Type_A,Medium,226,Op03,B03,50051.0
PP000174,156.7,3.4,11.0,,39.7,92.6,49.1,Cardstock,Afternoon,Good,Type_C,Medium,293,Op02,B09,85037.1
PP000175,87.4,2.4,15.8,22.4,46.0,94.5,33.6,Glossy,Afternoon,Good,Type_A,Medium,298,Op06,B08,74823.7
PP000176,58.1,15.0,19.4,22.8,37.3,93.0,61.1,Standard,Afternoon,Average,Type_B,Low,107,Op09,B18,23128.9
PP000177,160.6,2.5,7.9,28.4,40.8,89.8,39.6,Cardstock,Morning,Poor,Type_A,Medium,336,Op10,B09,52278.3
PP000178,101.3,6.8,13.8,35.9,63.2,91.9,72.0,Standard,Morning,Average,Type_C,High,247,Op04,B17,61876.1
PP000179,116.4,1.3,11.0,24.2,43.8,86.8,33.8,Matte,Morning,Good,Type_C,Medium,276,Op04,B04,70527.2
PP000180,176.5,15.0,8.7,25.1,47.5,82.9,56.5,Cardstock,Afternoon,Average,Type_A,Medium,265,Op08,B12,40849.4
PP000181,151.4,4.7,16.7,22.8,46.5,84.9,47.6,Standard,Morning,Good,Type_B,Medium,84,Op09,B11,144507.0
PP000182,135.2,0.7,16.4,24.5,56.5,92.1,10.0,Standard,Afternoon,Average,Type_B,Medium,325,Op05,B10,128255.4
PP000183,149.2,0.4,9.0,20.0,46.2,70.0,26.5,Standard,Morning,Good,Type_A,Low,309,Op08,B03,74200.5
PP000184,91.7,6.5,7.0,22.4,45.0,12.1,13.5,Glossy,Night,Poor,Type_C,Medium,44,Op05,B14,6788.7
PP000185,139.1,5.5,10.2,30.9,58.4,85.5,31.2,Standard,Night,Average,Type_B,Medium,339,Op08,B02,74584.9
PP000186,150.5,2.9,15.4,23.0,55.8,86.9,38.2,Cardstock,Afternoon,Good,Type_D,Medium,40,Op09,B15,112641.4
PP000187,139.2,4.2,12.5,24.5,27.6,83.8,28.7,Standard,Afternoon,Average,Type_C,Medium,86,Op09,B09,92116.2
PP000188,108.5,2.3,10.6,28.4,73.5,91.1,27.5,Glossy,Night,Good,Type_A,Medium,51,Op03,B16,56147.4
PP000189,30.0,13.2,7.6,23.0,,87.9,19.9,Glossy,Afternoon,Poor,Type_A,Low,239,Op02,B01,1199.3
PP000190,132.8,2.4,9.6,18.4,50.3,92.7,38.8,Matte,Morning,Average,Type_B,Medium,276,Op07,B09,69830.7
PP000191,118.7,4.6,7.5,25.6,58.6,87.2,26.8,Glossy,Morning,Average,Type_D,Low,222,Op08,B04,43898.5
PP000192,103.2,14.2,15.6,21.6,54.5,53.1,95.7,Glossy,Afternoon,Good,Type_A,High,91,Op04,B04,58330.3
PP000193,139.9,1.0,11.5,27.0,,92.4,30.0,Cardstock,Afternoon,Poor,Type_A,High,31,Op09,B01,76156.2
PP000194,123.5,15.0,16.1,25.8,40.5,78.3,40.5,Cardstock,Morning,Poor,Type_C,Medium,245,Op06,B13,35743.4
PP000195,121.5,7.4,9.9,21.4,40.4,97.1,25.2,Matte,Morning,Average,Type_D,Low,119,Op10,B05,58251.5
PP000196,67.5,3.1,7.7,24.2,54.8,88.0,47.0,Standard,Morning,Good,Type_A,Medium,30,Op01,B14,27324.3
PP000197,68.3,2.7,6.7,19.9,49.7,69.6,22.8,Matte,Afternoon,Poor,Type_B,High,39,Op02,B08,18111.9
PP000198,126.9,1.4,18.7,17.6,59.3,23.1,36.8,Glossy,Morning,Average,Type_C,Medium,86,Op08,B19,63694.8
PP000199,117.4,2.1,17.5,18.2,37.3,93.5,120.0,Matte,Night,Average,Type_C,Low,210,Op01,B09,74369.6
PP000200,119.4,4.0,8.7,20.5,64.7,59.4,35.7,Glossy,Morning,Poor,Type_A,Medium,2,Op03,B17,43995.0
PP000201,120.3,1.6,6.4,26.6,49.8,71.4,21.9,Glossy,Afternoon,Good,Type_C,Medium,174,Op06,B12,40933.0
PP000202,128.2,0.7,11.6,30.1,58.2,86.5,35.8,Matte,Morning,Good,Type_C,Medium,40,Op01,B16,84071.2
PP000203,116.2,7.3,14.2,22.6,54.8,84.6,63.6,Standard,Night,Average,Type_B,Medium,50,Op07,B08,81132.3
PP000204,120.0,7.3,16.0,27.0,35.6,76.7,20.5,Matte,Morning,Good,Type_B,Medium,243,Op03,B14,104349.1
PP000205,123.2,6.1,13.5,20.6,51.5,54.0,18.5,Cardstock,Afternoon,Average,Type_B,Medium,244,Op05,B10,76108.6
PP000206,144.7,12.1,7.1,24.9,51.7,76.9,48.2,Matte,Night,Average,Type_B,Low,93,Op06,B16,39699.9
PP000207,98.5,0.1,8.0,26.4,34.5,,11.6,Matte,Night,Good,Type_A,Medium,333,Op06,B15,42398.1
PP000208,140.2,2.9,12.4,31.2,48.1,99.4,49.3,Glossy,Afternoon,Good,Type_D,Medium,98,Op03,B19,93146.5
PP000209,135.4,2.8,8.5,33.5,43.8,98.1,31.0,Glossy,Afternoon,Good,Type_C,Low,364,Op06,B10,58639.8
PP000210,118.4,6.6,8.2,20.6,60.9,93.7,40.6,Standard,Afternoon,Average,Type_A,Medium,141,Op06,B11,52582.5
PP000211,99.8,9.5,7.8,32.7,58.2,90.1,25.5,Standard,Afternoon,Average,Type_D,Low,239,Op02,B11,32770.6
PP000212,126.8,2.1,11.3,22.0,59.7,93.2,31.2,Glossy,Afternoon,Good,Type_A,Low,245,Op01,B17,77570.9
PP000213,142.6,13.7,18.2,,44.6,88.4,29.1,Cardstock,Afternoon,Average,Type_A,Medium,158,Op06,B06,92800.1
PP000214,80.6,1.7,11.9,25.4,36.3,79.4,31.2,Cardstock,Night,Good,Type_A,Medium,117,Op07,B03,41365.0
PP000215,117.0,12.1,9.3,23.0,49.3,88.5,66.4,Glossy,Morning,Poor,Type_A,Medium,282,Op04,B18,32696.5
PP000216,117.1,0.2,9.9,17.7,53.4,92.8,14.3,Standard,Afternoon,Good,Type_D,Medium,83,Op06,B02,65940.0
PP000217,93.8,11.0,8.7,26.6,64.6,97.8,22.0,Standard,Night,Poor,Type_A,Medium,15,Op09,B06,28081.5
PP000218,95.2,4.5,19.0,22.2,49.8,85.3,10.4,Standard,Night,Good,Type_B,Medium,285,Op09,B07,88278.6
PP000219,65.4,2.8,6.7,20.4,76.3,90.5,44.9,Glossy,Night,Poor,Type_B,Medium,350,Op08,B17,14389.8
PP000220,79.7,2.3,11.9,19.5,55.5,78.1,36.2,Matte,Morning,Good,Type_A,Medium,314,Op09,B08,48171.3
PP000221,65.8,8.2,9.4,24.0,52.8,88.6,42.0,Standard,Night,Poor,Type_A,Medium,133,Op09,B19,20905.8
PP000222,95.3,11.5,11.0,23.9,69.1,95.9,48.1,Standard,Morning,Poor,Type_B,Medium,222,Op03,B10,37277.0
PP000223,97.1,1.3,9.0,24.4,45.5,80.5,42.0,Matte,Night,Good,Type_A,Medium,28,Op10,B08,43575.8
PP000224,97.7,3.0,19.4,29.2,37.1,87.3,24.4,Cardstock,Morning,Good,Type_A,Low,116,Op09,B13,80499.6
PP000225,126.9,0.3,6.8,26.8,45.9,78.3,34.3,Matte,Morning,Average,Type_A,Medium,258,Op05,B08,48343.3
PP000226,109.0,7.3,8.4,28.4,42.7,82.6,10.0,Standard,Morning,Good,Type_D,Medium,223,Op09,B01,52689.3
PP000227,91.7,2.9,8.0,23.2,20.0,83.6,52.3,Glossy,Afternoon,Good,Type_B,Medium,52,Op07,B06,33551.5
PP000228,91.9,0.4,7.8,25.1,71.1,77.1,49.0,Standard,Night,Good,Type_B,Medium,110,Op06,B18,33990.6
PP000229,78.8,1.5,10.8,17.0,54.3,75.4,38.3,Matte,Morning,Good,Type_B,Medium,46,Op08,B16,39504.9
PP000230,108.7,0.2,13.9,28.6,71.9,80.5,36.2,Glossy,Morning,Good,Type_C,High,61,Op02,B09,80674.6
PP000231,108.2,0.1,16.8,26.9,52.5,22.3,22.8,Standard,Morning,Good,Type_B,Medium,167,Op02,B19,67705.2
PP000232,166.9,0.3,10.0,22.3,65.1,84.3,38.5,Cardstock,Night,Good,Type_B,Low,133,Op02,B12,57466.7
PP000233,164.1,2.6,7.2,31.3,52.2,86.8,41.5,Glossy,Afternoon,Average,Type_D,Medium,90,Op04,B03,52202.4
PP000234,162.3,1.2,14.5,28.8,61.7,75.2,25.2,Standard,Morning,Good,Type_B,High,249,Op10,B18,123759.5
PP000235,180.0,0.2,7.9,30.7,53.7,83.6,62.6,Cardstock,Morning,Good,Type_B,Medium,204,Op09,B16,50017.7
PP000236,76.1,8.9,12.5,16.8,65.1,74.0,32.4,Standard,Morning,Good,Type_B,High,174,Op02,B07,44729.2
PP000237,136.5,15.0,17.6,21.8,59.0,85.5,34.4,Standard,Afternoon,Average,Type_A,Medium,301,Op08,B15,96426.0
PP000238,139.4,11.7,13.7,32.7,59.6,90.8,24.9,Standard,Morning,Good,Type_D,Low,214,Op01,B14,97932.9
PP000239,130.2,1.4,11.5,24.5,43.6,68.4,34.5,Matte,Afternoon,Good,Type_B,Medium,32,Op04,B20,81933.5
PP000240,180.0,1.9,9.1,18.8,53.0,82.3,24.7,Standard,Afternoon,Good,Type_D,Medium,115,Op04,B03,67847.4
PP000241,180.0,15.0,4.8,21.7,36.5,75.7,29.7,Standard,Morning,Poor,Type_C,Medium,319,Op10,B19,10812.2
PP000242,146.3,0.7,15.6,,50.4,98.6,30.4,Standard,Morning,Average,Type_B,Medium,342,Op07,B07,121276.7
PP000243,135.9,9.0,7.6,24.2,22.4,88.8,13.2,Glossy,Night,Good,Type_A,Medium,306,Op06,B09,54803.8
PP000244,79.1,3.3,9.2,21.6,52.2,93.2,11.9,Glossy,Morning,Good,Type_A,Medium,276,Op07,B18,38139.2
PP000245,79.1,10.4,9.7,17.6,47.2,96.3,26.6,Standard,Morning,Poor,Type_A,Medium,140,Op07,B16,26583.5
PP000246,137.4,6.8,12.0,20.3,55.8,91.7,53.6,Matte,Morning,Good,Type_C,High,24,Op04,B19,95163.0
PP000247,112.6,4.7,9.2,25.5,66.1,72.1,28.1,Glossy,Morning,Average,Type_C,High,199,Op08,B10,51882.5
PP000248,72.4,2.2,9.3,28.7,50.8,97.0,18.8,Glossy,Morning,Good,Type_C,Medium,170,Op09,B15,33466.2
PP000249,111.0,2.1,9.4,26.2,60.2,89.3,21.9,Matte,Afternoon,Good,Type_C,Medium,9,Op02,B09,59046.2
PP000250,126.5,5.1,10.8,26.7,27.9,68.2,41.8,Standard,Afternoon,Average,Type_C,High,118,Op02,B13,69416.2
PP000251,144.9,0.2,14.3,23.3,73.1,88.9,64.1,Cardstock,Night,Poor,Type_A,Medium,92,Op09,B16,76547.8
PP000252,111.6,2.7,19.5,22.4,,98.5,38.1,Standard,Night,Good,Type_B,Low,140,Op06,B17,102764.4
PP000253,106.4,0.1,8.9,24.6,45.0,88.5,33.5,Glossy,Morning,Average,Type_C,High,331,Op05,B03,49221.4
PP000254,115.2,1.8,10.7,26.4,53.2,98.1,35.6,Matte,Afternoon,Good,Type_B,Medium,272,Op08,B18,69854.8
PP000255,120.5,14.2,10.0,29.3,32.6,96.3,71.1,Glossy,Morning,Poor,Type_B,Medium,334,Op04,B08,27955.9
PP000256,77.8,15.0,12.7,25.4,49.8,22.6,13.5,Standard,Afternoon,Poor,Type_B,Medium,253,Op06,B01,3019.9
PP000257,141.7,7.6,10.0,24.0,62.9,75.5,20.6,Standard,Morning,Average,Type_D,Medium,136,Op10,B12,75478.3
PP000258,180.0,1.8,12.8,21.2,50.6,77.8,114.0,Standard,Afternoon,Average,Type_C,High,117,Op04,B11,78369.6
PP000259,141.1,2.8,10.4,23.4,67.4,90.9,30.7,Glossy,Afternoon,Good,Type_C,Medium,351,Op05,B12,83078.5
PP000260,68.7,0.2,8.3,22.4,55.9,87.6,43.9,Standard,Afternoon,Good,Type_C,Low,97,Op09,B16,25236.1
PP000261,118.0,3.6,7.0,23.4,60.6,68.7,31.8,Standard,Night,Average,Type_B,Medium,352,Op10,B07,42600.8
PP000262,58.5,0.1,14.3,20.5,47.5,,27.4,Glossy,Afternoon,Good,Type_B,Medium,167,Op07,B12,35390.8
PP000263,56.5,2.0,14.8,21.7,49.2,82.6,21.3,Standard,Night,Good,Type_B,Low,317,Op05,B05,34637.1
PP000264,136.1,2.7,13.2,23.7,45.6,80.0,26.1,Cardstock,Afternoon,Poor,Type_B,Medium,191,Op02,B07,81443.1
PP000265,117.5,8.1,8.0,23.4,56.2,85.9,61.3,Standard,Afternoon,Average,Type_A,High,102,Op09,B08,48102.0
PP000266,93.0,1.3,10.8,23.6,64.0,89.6,23.0,Glossy,Night,Good,Type_A,Medium,51,Op02,B15,50459.1
PP000267,48.2,2.0,23.1,32.0,44.4,97.3,11.9,Glossy,Morning,Good,Type_B,Medium,123,Op07,B02,39872.1
PP000268,74.4,2.4,7.0,22.1,39.3,90.1,27.8,Standard,Afternoon,Good,Type_A,Medium,318,Op09,B14,28800.2
PP000269,120.2,4.5,13.2,27.3,51.1,90.6,29.5,Matte,Night,Average,Type_B,High,215,Op04,B10,85992.0
PP000270,116.0,3.2,9.2,27.0,,84.6,23.8,Cardstock,Night,Good,Type_B,Medium,190,Op01,B07,55574.2
PP000271,137.1,6.2,18.9,28.9,42.4,87.7,23.9,Cardstock,Night,Good,Type_B,Medium,133,Op04,B18,124029.7
PP000272,163.7,2.9,17.9,24.3,23.8,84.8,36.8,Matte,Night,Good,Type_D,High,320,Op06,B16,132137.7
PP000273,104.1,1.0,19.2,18.4,62.8,81.7,48.2,Glossy,Afternoon,Good,Type_C,Medium,26,Op04,B05,92368.1
PP000274,130.0,3.3,12.6,,26.2,57.2,39.8,Matte,Afternoon,Good,Type_C,Medium,16,Op03,B08,80653.8
PP000275,110.6,15.0,11.1,27.6,30.5,85.7,61.9,Glossy,Morning,Average,Type_A,Low,287,Op03,B08,37671.4
PP000276,99.1,5.0,16.7,39.6,60.9,95.3,23.8,Standard,Afternoon,Good,Type_C,Medium,348,Op06,B03,72341.3
PP000277,107.2,8.3,12.7,27.7,60.9,23.8,36.1,Standard,Morning,Good,Type_A,Medium,91,Op02,B06,50018.0
PP000278,145.7,8.2,14.9,31.2,35.3,93.6,33.9,Matte,Afternoon,Good,Type_A,Medium,252,Op06,B14,121671.4
PP000279,82.1,0.4,11.4,19.2,40.7,83.8,38.8,Matte,Morning,Average,Type_A,Medium,62,Op10,B06,45213.2
PP000280,151.5,6.5,7.5,19.0,,83.4,52.5,Standard,Morning,Poor,Type_C,High,249,Op09,B08,52192.7
PP000281,162.3,10.1,12.5,31.5,82.9,96.0,34.0,Standard,Afternoon,Poor,Type_A,Medium,357,Op04,B01,57221.6
PP000282,116.1,0.8,11.6,27.1,61.5,94.3,21.6,Standard,Night,Poor,Type_A,Low,329,Op02,B07,57382.9
PP000283,123.2,0.4,6.6,26.3,61.7,86.3,68.2,Cardstock,Afternoon,Good,Type_D,Medium,44,Op10,B01,34957.7
PP000284,69.8,3.8,20.2,21.1,42.3,88.2,30.0,Glossy,Night,Good,Type_C,Medium,292,Op03,B13,57801.4
PP000285,180.0,2.0,11.2,20.4,60.9,6.6,68.1,Glossy,Night,Good,Type_B,Low,196,Op10,B05,3563.2
PP000286,146.3,4.4,12.0,21.2,,64.0,28.6,Glossy,Night,Poor,Type_A,High,353,Op10,B09,80669.8
PP000287,120.5,3.1,12.4,23.1,39.6,82.1,22.6,Matte,Afternoon,Good,Type_B,Low,359,Op03,B20,76044.1
PP000288,116.8,0.1,7.8,23.5,,99.5,53.6,Glossy,Morning,Good,Type_A,Medium,253,Op03,B09,49019.1
PP000289,129.4,15.0,8.0,,71.8,80.6,74.6,Standard,Afternoon,Good,Type_B,Low,227,Op09,B02,36300.8
PP000290,94.2,6.5,11.3,22.8,50.8,,22.5,Cardstock,Afternoon,Average,Type_C,Low,67,Op04,B02,20201.2
PP000291,124.1,1.1,7.5,24.0,38.8,87.2,23.6,Standard,Morning,Average,Type_C,Medium,77,Op10,B16,52817.8
PP000292,85.4,0.6,8.2,27.1,37.2,95.1,39.9,Standard,Night,Good,Type_C,Medium,307,Op03,B11,34126.8
PP000293,130.9,5.7,9.4,25.9,,76.0,84.4,Matte,Afternoon,Average,Type_A,Medium,27,Op03,B06,57160.5
PP000294,93.3,1.0,8.4,21.1,58.7,94.0,14.2,Glossy,Morning,Average,Type_A,Medium,142,Op02,B08,42633.8
PP000295,143.7,3.7,12.0,26.3,31.2,85.6,56.7,Standard,Morning,Good,Type_C,Medium,43,Op05,B04,100196.0
PP000296,111.1,14.2,10.7,16.2,39.8,84.8,24.8,Cardstock,Morning,Good,Type_C,Medium,191,Op03,B04,46208.3
PP000297,123.6,1.0,6.5,23.6,,77.7,47.0,Standard,Afternoon,Good,Type_B,Medium,173,Op01,B06,42748.4
PP000298,180.0,9.6,7.1,33.6,46.6,93.4,38.8,Standard,Afternoon,Average,Type_A,Low,134,Op06,B16,24334.1
PP000299,140.7,2.4,14.6,17.5,50.5,,38.1,Standard,Morning,Good,Type_A,Medium,173,Op07,B14,117141.8
PP000300,123.6,0.1,6.9,27.9,55.7,82.3,14.0,Cardstock,Morning,Good,Type_D,Medium,364,Op07,B09,47196.1
PP000301,116.4,1.2,14.9,24.4,45.9,64.6,58.0,Glossy,Morning,Average,Type_A,Medium,67,Op07,B06,84921.7
PP000302,81.7,3.0,6.7,25.7,29.9,76.3,43.6,Cardstock,Afternoon,Poor,Type_A,Medium,116,Op04,B13,18179.9
PP000303,149.7,15.0,8.5,26.2,50.9,98.2,24.4,Standard,Morning,Good,Type_D,Low,125,Op10,B16,61133.3
PP000304,166.3,7.9,7.7,21.7,37.6,90.7,48.3,Standard,Night,Good,Type_C,Medium,276,Op05,B05,62708.9
PP000305,117.1,2.0,16.9,28.2,46.6,77.0,31.7,Standard,Morning,Good,Type_C,Medium,249,Op07,B01,110220.4
PP000306,168.7,2.7,21.2,24.5,52.5,81.3,23.5,Glossy,Afternoon,Good,Type_A,High,1,Op05,B20,163574.3
PP000307,111.4,15.0,7.0,24.2,,89.1,29.2,Standard,Night,Average,Type_C,Medium,177,Op03,B14,31408.6
PP000308,58.3,3.4,9.9,30.6,33.8,92.4,20.5,Matte,Afternoon,Good,Type_D,High,57,Op07,B12,27167.4
PP000309,94.1,3.8,8.1,32.3,70.9,98.9,26.7,Cardstock,Morning,Good,Type_B,High,226,Op08,B20,34981.0
PP000310,81.2,4.3,13.3,31.1,42.3,94.6,44.0,Glossy,Morning,Good,Type_A,Medium,300,Op05,B09,52563.1
PP000311,106.2,4.9,8.7,23.9,39.1,35.9,22.9,Standard,Morning,Average,Type_B,Low,96,Op10,B06,36770.0
PP000312,135.1,0.9,8.1,35.3,42.4,95.2,41.9,Matte,Night,Average,Type_C,Low,13,Op05,B05,47941.4
PP000313,85.3,0.8,12.1,25.0,73.1,92.2,60.7,Standard,Morning,Average,Type_B,Medium,53,Op03,B12,47434.8
PP000314,112.4,6.2,13.6,19.0,60.2,65.1,36.9,Glossy,Afternoon,Good,Type_D,Medium,76,Op03,B10,72960.9
PP000315,121.4,11.7,10.3,23.8,45.3,90.0,44.8,Glossy,Morning,Average,Type_C,Medium,245,Op04,B02,58944.4
PP000316,91.5,3.5,11.7,22.6,49.8,88.6,20.5,Standard,Morning,Good,Type_A,High,255,Op08,B13,64200.6
PP000317,85.9,1.1,11.1,,72.9,72.4,33.3,Glossy,Afternoon,Good,Type_B,Medium,236,Op05,B07,43043.9
PP000318,117.8,2.1,11.9,23.2,75.3,73.1,16.8,Matte,Afternoon,Good,Type_A,High,106,Op09,B02,76745.5
PP000319,142.9,5.9,5.7,26.8,55.1,33.7,26.5,Glossy,Morning,Good,Type_C,Medium,249,Op09,B09,35764.8
PP000320,95.7,4.6,11.6,28.4,53.9,66.2,33.6,Standard,Afternoon,Average,Type_C,Medium,317,Op04,B14,51853.5
PP000321,91.0,2.6,22.3,,59.9,76.7,18.1,Matte,Morning,Good,Type_D,Medium,259,Op08,B02,80391.9
PP000322,110.5,10.8,8.5,25.7,50.5,91.3,20.6,Matte,Night,Poor,Type_A,High,164,Op05,B19,37191.8
PP000323,124.3,1.0,7.6,27.8,68.2,72.0,13.5,Standard,Afternoon,Average,Type_A,High,85,Op08,B15,54589.0
PP000324,97.6,2.0,7.7,28.3,54.7,91.9,32.9,Standard,Morning,Good,Type_A,Medium,78,Op09,B02,43509.6
PP000325,104.3,13.0,11.6,27.9,44.1,76.8,23.4,Standard,Afternoon,Poor,Type_A,Medium,100,Op06,B17,36053.7
PP000326,107.6,1.0,8.0,20.7,55.2,81.8,28.1,Cardstock,Morning,Good,Type_D,Medium,39,Op01,B17,43072.3
PP000327,80.3,1.8,10.0,24.1,74.0,79.7,36.6,Cardstock,Night,Average,Type_A,High,171,Op07,B01,32330.4
PP000328,109.3,6.0,8.4,29.6,61.6,,35.5,Standard,Night,Good,Type_A,Medium,257,Op10,B04,46887.4
PP000329,97.1,0.3,12.7,19.5,52.6,92.0,45.7,Glossy,Afternoon,Good,Type_D,High,360,Op02,B06,60459.6
PP000330,165.7,2.8,18.3,25.0,64.4,89.4,20.2,Cardstock,Afternoon,Good,Type_A,Medium,116,Op08,B13,137635.2
PP000331,98.4,11.2,6.2,34.1,61.3,80.2,12.8,Standard,Night,Good,Type_A,Medium,256,Op02,B05,29511.2
PP000332,129.6,10.7,11.3,29.1,,84.1,29.9,Glossy,Night,Good,Type_C,Medium,252,Op08,B03,71014.1
PP000333,127.1,3.5,13.3,22.8,47.5,98.6,22.5,Glossy,Afternoon,Good,Type_A,Low,90,Op05,B08,89282.5
PP000334,79.2,7.8,12.2,23.6,53.3,85.8,26.1,Standard,Night,Good,Type_B,Medium,16,Op07,B19,48440.8
PP000335,75.0,15.0,8.8,22.5,62.1,15.8,43.5,Standard,Night,Average,Type_D,Low,130,Op03,B20,1896.4
PP000336,100.7,2.2,11.6,32.1,50.2,,40.5,Glossy,Morning,Good,Type_B,High,143,Op07,B19,59873.8
PP000337,136.2,1.3,9.2,22.2,58.9,81.2,10.3,Matte,Night,Good,Type_B,Medium,317,Op06,B15,74133.3
PP000338,96.7,3.3,8.5,26.6,57.0,91.3,55.4,Standard,Afternoon,Good,Type_D,High,246,Op01,B05,44646.7
PP000339,94.0,6.2,22.7,18.7,35.4,79.5,52.5,Cardstock,Afternoon,Good,Type_C,High,35,Op10,B03,78531.8
PP000340,30.0,0.3,17.4,25.1,38.4,85.0,65.4,Standard,Afternoon,Average,Type_A,Medium,58,Op09,B08,17402.7
PP000341,102.3,1.4,19.7,28.3,46.4,73.9,50.7,Glossy,Night,Good,Type_C,Low,12,Op05,B02,80066.9
PP000342,125.0,12.5,20.2,23.0,50.5,83.1,44.2,Cardstock,Night,Average,Type_C,Medium,339,Op10,B02,71942.8
PP000343,129.2,5.5,13.2,20.4,45.1,82.5,31.7,Standard,Morning,Average,Type_A,High,47,Op10,B11,102339.0
PP000344,128.7,3.7,17.2,21.2,45.5,,54.4,Standard,Afternoon,Average,Type_B,High,91,Op01,B13,123413.1
PP000345,104.5,0.4,15.6,29.9,,81.7,34.2,Standard,Morning,Good,Type_A,High,212,Op08,B02,97734.6
PP000346,107.7,2.5,16.9,25.8,54.8,58.9,16.8,Glossy,Night,Good,Type_A,Medium,64,Op04,B11,87991.0
PP000347,141.6,1.3,21.5,18.4,51.2,73.0,28.1,Glossy,Morning,Good,Type_B,High,208,Op06,B04,153186.9
PP000348,110.7,6.2,13.0,25.8,60.7,90.1,30.1,Standard,Morning,Average,Type_B,High,285,Op10,B16,80889.3
PP000349,41.3,10.3,10.9,,59.9,58.4,24.0,Standard,Afternoon,Poor,Type_C,Medium,180,Op10,B18,9354.5
PP000350,147.6,2.6,10.8,,31.3,94.6,32.7,Matte,Night,Average,Type_A,Medium,310,Op02,B12,80446.5
PP000351,80.5,9.5,11.9,28.6,65.9,96.8,73.9,Standard,Morning,Good,Type_B,Medium,208,Op05,B02,44394.4
PP000352,159.0,15.0,6.3,28.7,58.2,85.4,18.2,Standard,Night,Average,Type_D,Low,318,Op08,B06,28561.5
PP000353,169.2,8.7,17.3,26.1,59.4,77.8,25.8,Standard,Afternoon,Good,Type_A,Low,4,Op07,B11,110902.1
PP000354,139.4,1.4,8.8,30.2,67.8,11.6,35.7,Cardstock,Night,Average,Type_C,Low,231,Op10,B03,17459.6
PP000355,143.9,7.0,18.9,28.9,49.8,66.5,47.8,Glossy,Morning,Good,Type_B,Low,360,Op10,B10,123357.4
PP000356,174.4,5.9,6.9,25.4,52.3,80.2,29.3,Matte,Night,Good,Type_D,Low,193,Op09,B13,30876.8
PP000357,79.7,7.5,19.9,19.9,55.6,61.1,62.2,Standard,Night,Good,Type_B,Medium,322,Op03,B12,60954.4
PP000358,123.1,4.2,12.7,26.9,41.0,95.7,26.8,Standard,Morning,Average,Type_C,High,161,Op09,B10,90216.2
PP000359,122.7,6.5,16.0,25.0,55.5,96.7,39.6,Glossy,Morning,Poor,Type_A,Medium,121,Op07,B18,92162.4
PP000360,84.1,5.7,7.2,22.7,36.4,81.1,17.6,Standard,Afternoon,Poor,Type_D,Medium,304,Op02,B01,25107.7
PP000361,179.4,1.7,6.9,24.8,54.7,92.0,37.2,Standard,Afternoon,Good,Type_A,Medium,52,Op08,B19,55436.1
PP000362,96.4,14.0,14.3,26.6,,85.8,24.2,Glossy,Afternoon,Average,Type_D,Medium,36,Op06,B14,50226.1
PP000363,91.6,0.4,8.2,28.1,42.3,74.0,24.8,Standard,Afternoon,Good,Type_B,Medium,94,Op09,B04,40545.7
PP000364,123.6,0.6,7.4,25.1,44.7,90.6,33.5,Cardstock,Afternoon,Good,Type_B,Medium,271,Op07,B08,48006.0
PP000365,148.0,3.1,10.1,23.7,43.8,89.8,45.5,Glossy,Afternoon,Good,Type_B,Medium,114,Op06,B17,82977.4
PP000366,95.8,0.8,22.4,17.5,63.5,73.4,58.2,Matte,Morning,Good,Type_A,High,87,Op06,B13,92205.6
PP000367,95.8,4.1,14.1,25.8,48.2,90.4,41.1,Standard,Morning,Poor,Type_B,Low,278,Op08,B08,56096.8
PP000368,131.1,4.7,6.9,22.2,28.9,90.3,53.6,Cardstock,Afternoon,Good,Type_C,Medium,210,Op01,B01,41921.8
PP000369,69.4,4.9,8.0,29.0,48.5,92.0,67.2,Glossy,Morning,Poor,Type_B,Medium,136,Op07,B19,18907.5
PP000370,90.3,5.1,15.5,32.9,32.8,93.2,31.6,Standard,Morning,Good,Type_C,Medium,121,Op05,B12,70497.8
PP000371,88.2,4.8,8.4,25.5,60.9,96.7,25.5,Matte,Afternoon,Average,Type_B,High,33,Op01,B10,38042.2
PP000372,101.1,3.8,12.1,19.9,46.8,79.7,33.8,Standard,Morning,Average,Type_A,Medium,3,Op02,B07,65985.1
PP000373,110.4,3.9,8.6,22.7,63.6,90.4,66.0,Matte,Morning,Good,Type_A,High,7,Op04,B18,49626.5
PP000374,174.0,11.6,9.2,25.5,71.2,79.5,22.1,Glossy,Morning,Average,Type_B,Medium,191,Op09,B15,53396.3
PP000375,144.0,0.3,14.2,32.9,73.6,87.9,22.1,Glossy,Morning,Good,Type_C,High,365,Op03,B03,106163.8
PP000376,115.7,5.7,7.6,,65.5,88.4,35.4,Standard,Morning,Good,Type_D,Medium,227,Op02,B17,44960.8
PP000377,107.8,6.2,4.7,20.5,43.7,83.9,18.9,Standard,Night,Good,Type_D,Medium,309,Op07,B04,25892.9
PP000378,143.0,1.8,7.2,20.4,52.8,,20.9,Standard,Morning,Good,Type_B,Low,182,Op05,B03,30704.0
PP000379,128.7,6.9,9.5,,49.5,97.4,41.5,Matte,Morning,Good,Type_D,Medium,65,Op06,B20,66508.0
PP000380,143.5,7.7,7.6,27.3,55.3,85.7,26.7,Standard,Night,Good,Type_B,High,105,Op06,B08,63822.1
PP000381,159.2,4.8,7.8,23.2,60.7,92.5,22.9,Standard,Afternoon,Average,Type_B,Low,119,Op01,B11,54654.3
PP000382,82.7,15.0,8.5,24.0,51.0,23.1,42.2,Glossy,Night,Good,Type_C,Medium,339,Op02,B03,11122.0
PP000383,42.9,0.5,9.9,28.7,68.5,85.1,43.9,Glossy,Night,Good,Type_B,Medium,67,Op05,B01,15563.4
PP000384,114.3,1.3,7.8,19.4,51.4,92.4,31.1,Glossy,Afternoon,Good,Type_B,Medium,207,Op10,B07,49867.5
PP000385,117.5,13.4,16.1,23.0,73.5,91.6,45.7,Matte,Night,Poor,Type_D,Medium,70,Op07,B15,36708.5
PP000386,124.2,5.1,12.1,28.3,55.6,87.8,23.5,Standard,Morning,Average,Type_B,Low,356,Op05,B13,79661.3
PP000387,95.8,3.3,13.0,32.2,59.4,94.3,63.3,Standard,Afternoon,Good,Type_B,Medium,238,Op09,B11,62024.5
PP000388,107.6,13.8,9.9,27.1,,89.2,21.8,Matte,Afternoon,Average,Type_C,High,215,Op08,B05,45669.8
PP000389,132.9,7.4,15.0,15.0,42.7,97.1,35.2,Matte,Afternoon,Average,Type_A,High,306,Op09,B10,100173.3
PP000390,134.6,5.0,12.5,18.2,57.2,93.0,63.3,Matte,Night,Good,Type_A,Low,109,Op01,B10,79535.8
PP000391,157.6,3.7,10.9,25.2,67.3,85.9,26.2,Glossy,Night,Good,Type_C,Medium,354,Op04,B02,84588.1
PP000392,45.7,3.8,12.7,28.0,36.9,90.1,47.8,Cardstock,Night,Good,Type_C,Medium,265,Op05,B04,21123.7
PP000393,62.2,5.3,8.3,25.7,62.4,95.9,42.7,Standard,Afternoon,Good,Type_D,Low,106,Op03,B20,22026.3
PP000394,161.8,3.8,4.3,21.5,51.8,87.2,27.2,Cardstock,Afternoon,Good,Type_A,Medium,200,Op03,B19,33026.8
PP000395,134.5,5.3,18.6,21.4,37.5,91.3,23.9,Standard,Afternoon,Good,Type_B,Medium,74,Op08,B06,141092.7
PP000396,140.4,15.0,8.1,20.5,51.1,69.7,26.9,Standard,Afternoon,Good,Type_B,Medium,201,Op07,B01,53305.8
PP000397,105.9,9.2,6.8,28.4,57.7,86.7,32.7,Cardstock,Morning,Good,Type_B,High,107,Op08,B19,36113.4
PP000398,99.8,6.7,9.9,18.3,,65.0,38.1,Standard,Night,Good,Type_D,Medium,135,Op05,B06,44376.6
PP000399,121.4,0.8,14.4,27.8,46.8,79.5,28.1,Standard,Afternoon,Good,Type_C,Low,125,Op04,B10,91039.4
PP000400,84.9,11.5,9.2,21.3,54.6,85.1,33.4,Matte,Night,Average,Type_D,Medium,156,Op01,B08,30479.5
PP000401,66.0,9.6,11.7,19.9,35.7,96.4,30.5,Glossy,Night,Poor,Type_D,Low,241,Op08,B01,16609.5
PP000402,79.5,3.6,7.3,23.3,46.1,74.8,30.0,Matte,Afternoon,Good,Type_B,Medium,258,Op01,B03,29074.2
PP000403,118.7,0.9,12.3,28.1,62.4,93.9,96.1,Matte,Afternoon,Good,Type_D,Medium,261,Op05,B19,68795.1
PP000404,135.4,0.1,10.6,28.2,55.4,15.6,39.5,Matte,Morning,Good,Type_C,High,181,Op09,B13,47764.2
PP000405,167.8,3.6,10.0,20.1,67.6,93.4,53.4,Standard,Afternoon,Good,Type_C,Low,244,Op05,B09,70436.8
PP000406,126.9,10.7,11.3,21.4,55.2,88.8,30.9,Standard,Night,Good,Type_C,Medium,197,Op08,B16,76708.8
PP000407,130.1,1.2,8.5,25.2,38.5,91.6,32.5,Standard,Morning,Good,Type_A,Medium,75,Op10,B08,67048.6
PP000408,169.0,0.5,20.6,28.4,44.6,91.7,16.2,Standard,Morning,Average,Type_D,High,308,Op05,B20,161672.6
PP000409,90.1,2.5,14.9,27.0,57.8,80.5,33.5,Glossy,Afternoon,Good,Type_B,Medium,254,Op04,B20,66092.7
PP000410,84.3,11.1,7.9,24.7,54.8,94.7,30.2,Glossy,Afternoon,Average,Type_A,Medium,76,Op03,B12,29264.1
PP000411,97.8,0.4,8.3,22.3,47.4,86.6,42.5,Standard,Afternoon,Average,Type_B,Medium,186,Op07,B09,42407.9
PP000412,111.9,6.3,11.1,20.6,40.1,91.6,58.4,Standard,Afternoon,Average,Type_D,High,175,Op07,B15,64011.5
PP000413,179.7,2.3,21.3,27.8,43.5,83.4,51.5,Matte,Night,Good,Type_A,Medium,63,Op08,B18,129569.8
PP000414,103.8,1.3,8.0,27.0,69.8,51.0,32.8,Cardstock,Morning,Average,Type_D,Medium,187,Op04,B03,34632.5
PP000415,156.8,0.7,10.0,23.2,41.1,80.9,31.7,Standard,Afternoon,Average,Type_B,High,126,Op05,B11,85901.0
PP000416,99.9,13.8,8.1,,47.8,83.6,31.5,Standard,Night,Average,Type_B,Medium,38,Op02,B20,31766.9
PP000417,130.7,7.1,9.7,28.2,70.2,71.6,29.4,Standard,Night,Good,Type_A,Medium,196,Op06,B10,64356.9
PP000418,136.8,3.8,15.5,25.1,46.0,7.6,50.9,Matte,Night,Good,Type_C,Low,32,Op07,B20,39131.8
PP000419,132.1,2.5,8.9,22.8,59.0,,35.4,Cardstock,Morning,Good,Type_A,Medium,57,Op08,B06,61975.7
PP000420,139.0,4.2,8.9,29.0,73.7,86.3,33.4,Standard,Morning,Good,Type_D,Medium,288,Op05,B09,69602.5
PP000421,93.0,2.6,7.5,28.6,39.7,94.7,34.2,Matte,Night,Poor,Type_C,Medium,98,Op02,B14,27190.7
PP000422,161.6,5.7,10.7,24.7,45.2,45.7,46.2,Matte,Night,Good,Type_B,Medium,172,Op02,B06,59322.8
PP000423,146.4,2.3,13.8,30.4,39.2,,44.8,Cardstock,Morning,Good,Type_C,Medium,110,Op04,B11,100819.1
PP000424,92.5,1.1,12.9,27.6,62.1,86.6,27.2,Standard,Night,Good,Type_A,Medium,46,Op09,B10,63492.5
PP000425,131.2,2.0,8.6,31.2,44.1,83.1,36.6,Standard,Morning,Good,Type_B,High,246,Op03,B20,67501.4
PP000426,80.7,8.7,6.0,27.6,52.6,89.9,17.8,Standard,Afternoon,Average,Type_A,High,19,Op08,B13,24285.6
PP000427,118.0,4.1,20.6,34.6,48.3,85.8,28.0,Standard,Morning,Poor,Type_B,Medium,93,Op03,B07,97087.3
PP000428,77.5,0.4,8.2,25.6,53.0,75.0,55.8,Standard,Night,Good,Type_C,High,296,Op10,B04,30557.8
PP000429,138.0,2.5,6.4,24.5,50.5,96.9,20.4,Matte,Morning,Good,Type_D,Medium,36,Op01,B08,53376.4
PP000430,180.0,11.0,20.6,25.8,74.3,59.3,38.6,Cardstock,Night,Average,Type_A,Medium,284,Op07,B03,27917.9
PP000431,162.1,4.5,9.8,23.4,62.3,97.6,14.7,Standard,Morning,Good,Type_A,Medium,338,Op01,B14,90591.6
PP000432,138.4,11.4,11.7,24.2,58.5,73.5,42.9,Matte,Morning,Poor,Type_A,Medium,316,Op03,B10,65364.0
PP000433,86.1,6.9,9.5,22.9,63.5,92.0,34.9,Matte,Afternoon,Good,Type_C,High,306,Op03,B19,40710.5
PP000434,127.2,1.7,12.6,20.7,28.0,91.5,20.5,Standard,Afternoon,Average,Type_D,Low,42,Op04,B16,78693.8
PP000435,152.9,0.3,8.3,26.2,29.1,89.4,28.9,Matte,Morning,Average,Type_B,Low,150,Op01,B06,52862.8
PP000436,112.2,8.9,7.2,23.2,51.7,73.6,23.6,Standard,Afternoon,Average,Type_C,High,85,Op07,B03,41043.4
PP000437,119.1,14.3,9.4,27.5,36.2,96.0,47.9,Standard,Morning,Average,Type_D,Medium,42,Op01,B04,46813.7
PP000438,60.8,7.0,10.1,21.4,53.8,83.2,66.4,Standard,Night,Average,Type_A,High,23,Op09,B07,25340.9
PP000439,87.6,2.0,9.2,24.3,34.5,63.1,63.4,Standard,Afternoon,Poor,Type_D,High,202,Op03,B15,29574.5
PP000440,55.9,6.2,11.5,33.3,46.0,93.9,36.3,Cardstock,Morning,Good,Type_D,Low,69,Op09,B13,21685.4
PP000441,176.3,10.9,11.4,21.5,40.2,33.2,33.8,Standard,Night,Poor,Type_B,Low,350,Op05,B10,3719.2
PP000442,130.1,0.2,20.0,,25.8,79.5,15.5,Standard,Morning,Good,Type_B,High,87,Op03,B06,146709.0
PP000443,138.2,2.3,10.8,31.0,34.3,83.9,29.6,Glossy,Afternoon,Good,Type_A,Low,241,Op04,B02,78110.4
PP000444,108.5,8.6,14.5,29.2,65.2,93.0,22.6,Cardstock,Morning,Good,Type_B,Low,150,Op06,B08,71702.4
PP000445,68.3,2.6,11.1,16.6,36.5,93.4,25.5,Matte,Afternoon,Average,Type_D,High,314,Op08,B02,31716.0
PP000446,120.6,3.7,11.4,27.4,38.1,90.3,51.1,Standard,Night,Good,Type_C,High,326,Op03,B08,78154.6
PP000447,94.6,2.4,12.1,28.8,71.6,80.1,37.8,Matte,Night,Average,Type_D,Medium,65,Op10,B03,48871.6
PP000448,84.0,1.3,6.3,28.2,45.3,86.8,59.9,Cardstock,Afternoon,Good,Type_C,Medium,45,Op09,B07,21502.4
PP000449,116.8,1.4,7.0,22.1,60.5,92.9,24.0,Cardstock,Afternoon,Poor,Type_A,High,141,Op06,B07,36189.1
PP000450,118.5,1.7,11.5,24.8,59.6,22.3,55.7,Matte,Afternoon,Average,Type_A,Medium,102,Op01,B17,44225.0
PP000451,109.2,6.2,11.3,27.5,64.3,82.3,43.1,Matte,Morning,Poor,Type_D,Medium,193,Op10,B13,51399.4
PP000452,90.2,2.1,9.5,19.5,35.6,81.0,38.1,Glossy,Afternoon,Good,Type_A,High,98,Op04,B09,43358.6
PP000453,83.5,10.3,19.5,25.3,33.4,90.7,49.8,Glossy,Night,Poor,Type_D,Medium,43,Op01,B10,34814.2
PP000454,115.2,11.2,11.1,23.7,56.8,84.8,27.3,Cardstock,Night,Good,Type_D,Medium,168,Op09,B05,58547.6
PP000455,154.1,5.0,5.6,,60.0,77.3,43.8,Glossy,Morning,Average,Type_B,Low,93,Op08,B13,32659.0
PP000456,63.7,8.2,7.8,27.9,49.9,74.1,30.8,Standard,Night,Average,Type_D,Medium,191,Op03,B06,19751.2
PP000457,94.0,3.9,8.8,18.9,60.1,88.2,81.5,Standard,Afternoon,Poor,Type_B,High,289,Op06,B09,34090.8
PP000458,109.8,1.6,8.1,17.1,78.0,96.3,42.4,Glossy,Morning,Good,Type_A,High,258,Op02,B10,43369.6
PP000459,109.9,1.7,9.1,26.0,50.2,60.7,95.3,Matte,Afternoon,Good,Type_D,Medium,261,Op09,B20,40981.5
PP000460,96.0,1.7,6.8,27.1,51.0,77.6,100.1,Standard,Afternoon,Poor,Type_D,High,154,Op01,B16,22604.6
PP000461,176.7,7.3,12.6,18.8,,82.0,22.5,Standard,Night,Good,Type_B,High,228,Op10,B10,94336.3
PP000462,127.8,1.4,12.3,31.8,59.9,64.9,33.9,Standard,Morning,Average,Type_B,High,82,Op08,B18,86351.2
PP000463,83.5,2.7,8.2,16.3,46.5,,28.8,Cardstock,Night,Good,Type_A,Medium,196,Op08,B03,30050.7
PP000464,54.8,1.6,9.6,23.3,73.6,96.6,25.3,Standard,Morning,Good,Type_A,Medium,232,Op06,B13,25469.7
PP000465,109.5,4.6,16.4,17.2,53.0,76.9,18.1,Glossy,Morning,Average,Type_A,Low,349,Op10,B15,77800.9
PP000466,162.3,0.5,10.9,24.0,56.3,90.5,14.7,Glossy,Night,Average,Type_B,Low,53,Op03,B02,70939.9
PP000467,121.2,2.4,12.4,28.1,58.1,85.2,67.1,Standard,Afternoon,Good,Type_C,Low,100,Op06,B01,74093.0
PP000468,40.9,3.7,14.2,27.3,61.7,99.4,19.9,Glossy,Afternoon,Good,Type_A,Medium,77,Op06,B15,24252.1
PP000469,70.9,1.0,18.9,23.3,54.4,98.7,44.7,Standard,Afternoon,Average,Type_B,High,98,Op09,B06,62916.0
PP000470,118.9,5.4,20.3,22.1,52.1,95.9,37.9,Matte,Morning,Poor,Type_C,High,190,Op06,B17,103609.6
PP000471,149.2,15.0,16.9,27.6,48.0,84.0,29.4,Matte,Afternoon,Poor,Type_D,Low,195,Op06,B19,47952.3
PP000472,119.5,1.8,8.1,24.8,35.4,66.4,25.7,Standard,Morning,Good,Type_B,High,145,Op05,B17,55183.3
PP000473,119.8,14.4,16.2,27.3,52.7,12.6,33.5,Glossy,Afternoon,Good,Type_C,Medium,152,Op02,B04,28424.7
PP000474,149.3,4.5,8.3,22.2,52.5,85.1,48.3,Standard,Afternoon,Good,Type_C,Medium,204,Op03,B07,70891.1
PP000475,155.2,2.0,12.7,27.3,45.5,82.3,25.0,Standard,Afternoon,Good,Type_B,High,240,Op10,B19,113021.8
PP000476,93.4,4.8,10.9,28.5,63.0,72.4,36.6,Standard,Night,Average,Type_A,Low,40,Op08,B09,42907.1
PP000477,129.0,12.6,9.8,27.0,53.3,71.5,31.5,Standard,Afternoon,Poor,Type_A,Medium,81,Op01,B08,41459.6
PP000478,84.4,7.1,9.5,22.2,65.6,94.7,68.0,Matte,Night,Good,Type_A,Medium,266,Op02,B15,33298.5
PP000479,80.5,11.5,10.8,32.7,62.8,95.4,29.7,Glossy,Morning,Poor,Type_C,Medium,77,Op06,B11,24328.9
PP000480,133.8,3.0,8.0,27.1,70.8,84.4,60.3,Cardstock,Night,Good,Type_C,Medium,80,Op07,B15,48318.4
PP000481,69.4,8.1,7.0,17.4,52.2,84.5,49.0,Standard,Afternoon,Average,Type_A,Low,188,Op05,B08,17938.5
PP000482,120.4,2.6,15.1,32.7,49.4,96.2,34.8,Matte,Afternoon,Good,Type_D,Medium,77,Op03,B18,96452.7
PP000483,125.1,6.9,17.1,23.5,55.6,89.8,48.9,Glossy,Night,Poor,Type_A,Medium,238,Op07,B09,87431.5
PP000484,142.6,2.6,13.6,26.2,70.2,95.6,18.9,Cardstock,Night,Average,Type_B,High,62,Op09,B19,100688.9
PP000485,78.2,1.2,20.0,29.5,57.4,94.8,23.3,Matte,Morning,Average,Type_C,Medium,253,Op06,B07,67334.5
PP000486,127.2,5.7,6.1,23.6,43.7,93.8,34.4,Cardstock,Afternoon,Average,Type_A,Medium,148,Op02,B07,37550.1
PP000487,111.0,14.4,8.5,20.3,49.4,88.7,18.1,Cardstock,Afternoon,Good,Type_A,Medium,315,Op10,B03,41453.7
PP000488,162.6,5.8,13.6,20.7,68.2,61.1,60.4,Standard,Afternoon,Poor,Type_C,Medium,302,Op04,B17,80185.9
PP000489,91.2,0.8,12.3,20.6,47.8,95.2,82.3,Standard,Afternoon,Average,Type_C,Medium,260,Op08,B18,52921.7
PP000490,79.5,10.1,19.9,33.5,57.8,75.2,47.8,Glossy,Afternoon,Good,Type_C,Medium,128,Op06,B11,56989.3
PP000491,131.0,1.2,12.7,,39.6,88.0,62.2,Matte,Morning,Average,Type_C,Low,39,Op05,B20,76312.6
PP000492,87.6,0.1,8.6,29.2,70.2,96.0,18.7,Cardstock,Morning,Poor,Type_C,High,352,Op06,B05,29973.0
PP000493,73.6,0.0,13.3,28.7,62.5,83.8,41.0,Standard,Night,Average,Type_C,Medium,260,Op06,B15,40310.8
PP000494,144.1,13.3,16.1,23.3,30.1,77.0,23.0,Standard,Morning,Average,Type_D,High,360,Op07,B10,101465.7
PP000495,128.8,0.8,9.8,15.7,47.5,68.9,23.0,Standard,Morning,Good,Type_A,Low,360,Op03,B18,64811.3
PP000496,30.0,1.2,14.5,19.6,48.1,74.3,32.4,Matte,Afternoon,Good,Type_A,High,308,Op03,B04,16996.5
PP000497,85.5,1.7,7.2,18.6,37.4,72.7,29.7,Standard,Night,Good,Type_D,Low,277,Op05,B15,25536.6
PP000498,79.5,5.2,8.4,24.9,70.0,74.8,21.2,Standard,Afternoon,Good,Type_A,Medium,42,Op01,B02,34855.4
PP000499,135.6,5.1,8.0,17.1,43.4,94.8,43.8,Glossy,Morning,Good,Type_A,Low,239,Op10,B01,53528.8
PP000500,162.1,5.8,13.8,24.2,59.3,85.9,25.9,Standard,Night,Average,Type_D,Medium,166,Op09,B04,102287.4
PP000501,180.0,4.0,11.1,16.1,41.2,93.0,28.0,Standard,Night,Good,Type_D,Medium,201,Op06,B16,76997.4
PP000502,137.6,10.6,7.5,23.0,55.7,92.2,26.6,Glossy,Morning,Average,Type_A,Medium,55,Op10,B15,51993.0
PP000503,79.9,2.6,6.5,24.0,72.6,99.6,26.1,Cardstock,Afternoon,Good,Type_B,Medium,161,Op01,B16,23948.8
PP000504,78.8,9.9,8.2,24.9,62.5,42.0,71.2,Standard,Morning,Poor,Type_B,High,325,Op09,B01,16052.6
PP000505,84.5,3.6,8.2,22.0,,90.2,62.1,Standard,Afternoon,Good,Type_B,Medium,348,Op10,B04,34924.4
PP000506,130.7,15.0,8.5,,48.4,96.0,19.8,Standard,Morning,Poor,Type_C,Medium,201,Op05,B10,33159.2
PP000507,155.5,0.5,8.0,25.8,33.2,76.2,30.7,Standard,Morning,Average,Type_A,High,245,Op06,B12,68437.9
PP000508,53.6,3.4,11.5,25.3,53.6,77.4,30.4,Standard,Night,Average,Type_C,Low,299,Op01,B05,23035.5
PP000509,134.5,15.0,22.1,23.9,,88.8,54.2,Glossy,Afternoon,Average,Type_A,Low,5,Op06,B12,65446.9
PP000510,144.7,1.6,7.2,21.3,49.9,92.4,22.1,Standard,Morning,Average,Type_C,High,362,Op10,B16,62505.6
PP000511,125.1,2.3,11.2,19.5,61.4,83.7,28.6,Cardstock,Night,Good,Type_C,Medium,289,Op07,B01,69240.6
PP000512,180.0,8.2,5.9,27.8,59.0,,26.4,Standard,Morning,Good,Type_B,High,216,Op09,B02,49053.4
PP000513,132.1,10.8,8.3,30.2,52.9,93.8,31.5,Standard,Morning,Poor,Type_C,Medium,292,Op01,B14,46750.4
PP000514,116.0,0.2,6.2,26.0,60.6,65.1,27.3,Glossy,Night,Good,Type_D,Medium,94,Op01,B10,34622.9
PP000515,134.5,3.6,11.7,22.9,60.1,94.0,34.8,Matte,Afternoon,Good,Type_A,Medium,3,Op03,B04,91869.9
PP000516,97.6,1.4,7.0,17.5,41.0,80.2,46.7,Glossy,Night,Good,Type_B,Low,163,Op04,B05,28041.7
PP000517,79.8,0.8,7.1,,53.0,81.7,31.6,Standard,Morning,Average,Type_B,Medium,173,Op06,B05,28926.1
PP000518,128.5,2.5,10.2,28.6,37.8,83.6,34.7,Glossy,Morning,Good,Type_A,Medium,136,Op05,B09,74067.4
PP000519,151.9,4.4,16.4,24.4,70.3,90.3,27.4,Standard,Night,Poor,Type_B,Low,46,Op01,B19,77725.8
PP000520,107.5,2.2,8.9,20.0,34.3,66.3,47.3,Standard,Afternoon,Average,Type_D,High,226,Op05,B09,48341.6
PP000521,144.6,1.2,19.0,18.2,66.9,87.3,29.9,Standard,Afternoon,Good,Type_C,Medium,89,Op04,B18,145669.1
PP000522,103.0,1.1,11.7,30.3,64.6,87.3,52.6,Glossy,Morning,Good,Type_A,Medium,71,Op09,B03,60294.4
PP000523,167.2,3.3,7.6,16.2,68.0,92.8,44.4,Matte,Morning,Good,Type_A,Low,260,Op09,B11,47085.5
PP000524,121.9,3.6,5.1,,39.7,37.3,63.7,Glossy,Night,Good,Type_C,High,250,Op07,B10,21169.8
PP000525,132.1,0.7,7.3,33.7,70.9,95.2,17.9,Glossy,Night,Good,Type_C,Medium,225,Op08,B12,47693.1
PP000526,139.5,1.0,6.6,15.0,64.0,95.5,29.7,Standard,Morning,Average,Type_A,High,351,Op10,B08,47732.1
PP000527,71.7,15.0,14.7,20.8,34.4,41.5,43.7,Matte,Night,Good,Type_C,Medium,256,Op04,B15,25005.1
PP000528,109.2,1.0,11.5,20.1,41.2,86.6,20.0,Glossy,Night,Good,Type_C,Low,136,Op06,B10,57518.9
PP000529,173.9,0.3,9.8,25.4,20.0,,16.3,Glossy,Afternoon,Good,Type_A,Medium,234,Op08,B08,76175.0
PP000530,116.2,1.2,9.8,24.9,48.0,97.9,29.5,Standard,Afternoon,Good,Type_A,Medium,17,Op05,B03,71760.1
PP000531,159.9,0.7,11.7,25.9,47.4,89.8,46.3,Matte,Morning,Average,Type_C,Medium,229,Op02,B03,92415.4
PP000532,143.3,4.2,15.7,25.6,58.8,29.1,40.0,Standard,Night,Good,Type_D,Medium,150,Op08,B20,89384.8
PP000533,56.5,1.1,7.0,22.4,47.5,68.1,21.3,Standard,Morning,Good,Type_C,Low,125,Op04,B01,16951.3
PP000534,137.6,4.2,16.4,15.0,69.6,97.0,33.8,Standard,Morning,Average,Type_D,Low,56,Op03,B02,99226.8
PP000535,80.2,1.2,9.8,22.4,63.3,89.4,39.4,Cardstock,Afternoon,Average,Type_A,High,62,Op08,B05,35701.1
PP000536,123.4,7.2,15.9,,36.8,89.8,28.9,Standard,Morning,Average,Type_C,Medium,343,Op01,B19,100788.1
PP000537,101.7,4.5,7.0,24.2,63.3,97.1,42.0,Matte,Morning,Good,Type_D,Medium,107,Op09,B03,37281.8
PP000538,115.7,8.3,14.7,26.8,44.4,71.3,22.4,Matte,Night,Average,Type_C,Low,137,Op09,B02,69312.9
PP000539,112.7,0.1,9.1,30.4,48.4,65.0,29.7,Standard,Morning,Average,Type_A,Medium,289,Op04,B05,55071.1
PP000540,122.8,7.2,17.8,27.3,49.3,85.8,27.3,Cardstock,Afternoon,Average,Type_D,High,191,Op07,B11,101455.0
PP000541,100.7,15.0,10.5,20.8,50.6,71.2,34.6,Cardstock,Night,Average,Type_B,Medium,152,Op02,B16,32413.3
PP000542,71.8,2.0,8.0,17.9,58.5,83.6,27.9,Standard,Afternoon,Good,Type_A,Medium,78,Op02,B01,28427.0
PP000543,82.7,9.7,9.6,23.4,62.0,92.1,18.7,Glossy,Afternoon,Poor,Type_B,High,364,Op03,B18,27209.3
PP000544,144.3,1.6,7.6,28.5,20.0,94.3,28.0,Cardstock,Afternoon,Good,Type_C,Medium,29,Op07,B08,54486.3
PP000545,170.2,7.6,13.7,26.1,59.6,70.0,20.7,Cardstock,Afternoon,Good,Type_D,Low,218,Op05,B09,56261.0
PP000546,122.4,1.5,10.7,22.0,56.5,94.2,60.1,Standard,Morning,Good,Type_B,Low,172,Op05,B02,68566.7
PP000547,142.0,3.5,13.5,16.2,52.3,81.8,37.3,Glossy,Morning,Poor,Type_C,Medium,279,Op04,B04,81391.1
PP000548,146.3,4.2,8.7,29.4,55.1,87.4,22.8,Standard,Afternoon,Poor,Type_A,Low,99,Op10,B04,59002.2
PP000549,71.3,3.5,19.2,25.8,75.1,78.9,26.0,Matte,Morning,Good,Type_B,High,182,Op06,B08,61742.5
PP000550,55.1,2.8,15.1,20.2,57.2,93.9,42.1,Matte,Afternoon,Good,Type_C,Medium,227,Op01,B01,39617.4
PP000551,113.4,0.9,8.9,24.5,,92.5,45.3,Standard,Afternoon,Average,Type_A,Medium,159,Op06,B02,56526.0
PP000552,54.4,5.5,18.2,30.1,42.8,96.4,102.4,Standard,Night,Average,Type_C,Medium,138,Op09,B11,34035.4
PP000553,106.3,7.2,15.0,27.3,52.8,89.0,24.4,Glossy,Night,Poor,Type_A,High,6,Op03,B05,65280.2
PP000554,67.7,3.3,11.7,17.6,39.7,76.9,61.6,Matte,Afternoon,Good,Type_A,Medium,31,Op04,B03,35622.5
PP000555,95.0,7.1,9.2,18.5,54.1,66.2,19.9,Matte,Night,Average,Type_B,High,46,Op02,B11,38337.3
PP000556,91.0,4.2,15.5,17.6,36.6,91.5,26.9,Standard,Night,Average,Type_C,Medium,216,Op09,B13,64645.4
PP000557,131.6,0.4,14.4,22.2,43.7,81.2,54.4,Glossy,Afternoon,Good,Type_D,Medium,332,Op09,B05,103001.8
PP000558,94.3,5.8,9.5,28.4,28.4,75.8,30.5,Standard,Morning,Average,Type_B,Medium,353,Op01,B12,43649.7
PP000559,78.3,0.0,6.0,26.2,20.0,57.5,46.2,Glossy,Morning,Poor,Type_B,Medium,136,Op01,B18,14620.7
PP000560,116.6,6.3,12.7,36.0,55.3,85.4,32.0,Standard,Afternoon,Good,Type_A,Medium,7,Op09,B15,75032.2
PP000561,180.0,3.6,13.9,23.8,36.2,71.3,64.1,Cardstock,Night,Good,Type_A,High,232,Op06,B10,82859.4
PP000562,130.8,11.9,21.8,26.3,46.2,77.0,48.7,Standard,Night,Average,Type_A,Low,174,Op07,B11,96035.8
PP000563,52.8,4.5,17.2,31.7,59.9,40.3,37.8,Glossy,Night,Good,Type_D,Low,297,Op02,B17,18946.8
PP000564,117.9,10.1,6.2,21.3,36.7,92.3,24.2,Standard,Afternoon,Good,Type_C,Medium,185,Op02,B05,40257.1
PP000565,180.0,3.6,12.9,,58.5,73.4,35.3,Standard,Afternoon,Average,Type_A,Medium,62,Op02,B01,91004.7
PP000566,120.4,0.9,13.6,20.1,54.9,49.1,31.7,Matte,Morning,Good,Type_C,Medium,100,Op02,B17,83206.3
PP000567,156.0,5.4,10.9,29.1,41.4,97.3,23.2,Standard,Afternoon,Good,Type_B,Medium,163,Op02,B15,94985.9
PP000568,150.5,1.2,8.8,28.5,57.7,94.7,57.9,Standard,Night,Good,Type_A,Medium,363,Op09,B18,70474.9
PP000569,153.0,1.4,10.9,18.9,38.2,92.5,36.2,Cardstock,Morning,Good,Type_D,Medium,159,Op05,B11,84005.9
PP000570,148.6,5.1,12.1,21.4,20.0,,53.0,Standard,Afternoon,Average,Type_C,Medium,227,Op08,B14,36418.3
PP000571,124.0,6.5,6.2,21.2,48.7,64.3,30.0,Glossy,Afternoon,Good,Type_A,Low,55,Op10,B04,36260.7
PP000572,109.1,8.1,10.4,21.8,59.7,77.6,53.2,Matte,Night,Good,Type_B,Low,354,Op08,B06,51963.9
PP000573,106.1,12.6,17.9,33.9,38.5,13.6,39.4,Cardstock,Night,Good,Type_D,Medium,45,Op07,B01,8238.7
PP000574,118.8,6.8,4.5,24.2,54.5,68.3,43.9,Standard,Night,Average,Type_A,Low,240,Op01,B17,21417.8
PP000575,128.7,1.1,16.5,26.7,40.7,78.1,28.6,Matte,Night,Average,Type_B,Medium,288,Op03,B09,109758.2
PP000576,74.2,3.2,10.3,17.5,45.0,86.1,36.0,Standard,Night,Good,Type_B,Medium,227,Op01,B13,37287.9
PP000577,106.0,3.6,13.5,15.0,37.4,97.1,35.9,Standard,Morning,Good,Type_A,High,78,Op09,B06,76822.9
PP000578,113.7,0.8,18.2,,,89.9,16.9,Cardstock,Night,Good,Type_B,Medium,310,Op08,B09,97560.6
PP000579,118.5,0.3,11.0,34.9,55.5,82.9,27.0,Cardstock,Afternoon,Average,Type_B,Medium,108,Op07,B10,60503.6
PP000580,105.1,1.5,17.6,26.1,52.1,80.3,30.8,Glossy,Morning,Average,Type_C,Medium,195,Op08,B07,87679.2
PP000581,140.8,0.8,14.9,26.0,37.1,88.6,82.0,Cardstock,Afternoon,Average,Type_B,Low,198,Op10,B13,87642.7
PP000582,111.7,1.2,6.7,24.3,28.7,93.3,30.1,Glossy,Afternoon,Poor,Type_A,High,38,Op06,B10,32359.6
PP000583,103.0,1.1,8.4,26.9,61.8,88.0,21.0,Glossy,Morning,Good,Type_A,High,67,Op05,B20,48943.9
PP000584,75.4,11.9,11.9,22.5,54.8,99.2,61.2,Standard,Morning,Average,Type_B,Low,153,Op02,B07,34242.6
PP000585,90.1,4.9,11.3,25.3,48.9,92.4,48.7,Matte,Morning,Average,Type_A,High,233,Op02,B10,51751.6
PP000586,122.3,2.1,9.6,,40.1,96.9,38.5,Standard,Afternoon,Good,Type_C,High,106,Op03,B16,64167.5
PP000587,118.8,0.3,12.4,26.1,58.0,,58.4,Standard,Afternoon,Good,Type_C,Medium,180,Op05,B19,81151.2
PP000588,49.8,8.3,19.6,20.0,49.6,86.1,28.0,Standard,Night,Average,Type_C,Medium,7,Op06,B03,30547.5
PP000589,144.6,15.0,6.7,24.2,52.7,75.0,17.6,Standard,Afternoon,Poor,Type_A,Medium,264,Op06,B11,29957.9
PP000590,92.5,4.7,11.1,23.7,37.7,57.4,55.1,Cardstock,Morning,Good,Type_B,Medium,181,Op03,B02,43219.8
PP000591,86.1,0.1,10.7,22.4,55.8,95.6,67.2,Cardstock,Night,Good,Type_A,Low,213,Op04,B03,35563.7
PP000592,150.7,5.5,7.2,27.9,65.5,74.9,14.7,Glossy,Morning,Poor,Type_D,Medium,106,Op04,B10,46834.2
PP000593,152.2,1.2,6.3,26.9,50.6,81.6,28.8,Glossy,Night,Good,Type_C,Medium,222,Op06,B01,50601.9
PP000594,92.2,2.4,12.5,19.9,49.7,68.8,44.9,Matte,Morning,Good,Type_B,High,220,Op09,B16,58530.6
PP000595,103.6,0.1,7.8,29.0,51.8,86.6,22.0,Standard,Afternoon,Good,Type_A,Medium,286,Op10,B06,46997.6
PP000596,75.8,5.8,20.7,17.9,66.1,25.5,40.2,Standard,Night,Average,Type_D,Medium,318,Op10,B01,28152.3
PP000597,141.1,0.0,8.3,26.7,46.5,92.1,14.0,Cardstock,Afternoon,Good,Type_C,Low,145,Op01,B17,60453.3
PP000598,143.9,7.2,5.9,26.8,61.4,83.3,23.9,Matte,Afternoon,Good,Type_A,High,179,Op02,B06,47895.8
PP000599,101.0,1.5,11.8,27.5,76.3,84.1,22.3,Glossy,Afternoon,Average,Type_D,Medium,163,Op08,B02,55512.3
PP000600,159.5,4.9,10.1,,66.6,90.2,18.6,Standard,Morning,Average,Type_B,Medium,282,Op09,B17,87433.3
PP000601,144.4,0.8,6.2,29.8,44.2,81.0,20.9,Matte,Morning,Good,Type_B,Medium,266,Op10,B17,52840.0
PP000602,111.0,1.5,10.7,27.0,36.7,99.1,30.8,Standard,Morning,Good,Type_D,Medium,36,Op05,B07,68588.1
PP000603,138.1,2.0,15.0,28.3,59.1,79.4,59.5,Glossy,Morning,Poor,Type_B,High,133,Op08,B15,100547.1
PP000604,62.1,7.3,11.9,23.0,63.8,81.5,32.8,Standard,Morning,Good,Type_B,Low,202,Op04,B20,31375.1
PP000605,106.6,0.3,11.4,19.0,49.8,89.2,108.3,Cardstock,Morning,Good,Type_C,Low,180,Op06,B04,45272.5
PP000606,123.1,9.4,15.4,18.2,32.1,78.9,51.8,Standard,Afternoon,Average,Type_C,High,243,Op03,B19,90423.9
PP000607,114.7,0.7,8.3,28.2,43.0,81.5,35.3,Standard,Night,Good,Type_A,Medium,350,Op05,B10,53878.4
PP000608,180.0,1.0,8.3,23.9,37.8,90.5,14.3,Matte,Afternoon,Average,Type_B,Medium,184,Op09,B09,60961.2
PP000609,124.9,15.0,8.6,29.0,36.6,92.0,37.8,Standard,Afternoon,Poor,Type_C,Medium,172,Op09,B12,29242.3
PP000610,126.7,2.4,7.0,33.5,64.3,90.0,42.4,Glossy,Morning,Good,Type_C,Medium,271,Op10,B13,47096.0
PP000611,72.5,10.2,8.8,26.7,55.9,91.7,29.3,Matte,Night,Poor,Type_D,High,286,Op04,B15,20809.4
PP000612,109.0,0.5,5.2,24.1,45.2,78.1,55.7,Matte,Morning,Good,Type_C,High,30,Op09,B07,27902.2
PP000613,89.9,4.0,15.8,33.0,50.0,,22.8,Matte,Morning,Good,Type_B,Low,288,Op06,B12,64182.3
PP000614,180.0,3.2,6.3,23.9,35.2,77.9,34.1,Standard,Night,Good,Type_C,High,250,Op07,B11,44129.8
PP000615,101.7,14.9,7.8,19.4,,27.1,34.6,Matte,Night,Good,Type_D,High,206,Op07,B12,13152.5
PP000616,118.8,13.7,17.8,29.6,49.6,95.2,42.8,Standard,Morning,Average,Type_B,Low,31,Op06,B16,78767.9
PP000617,153.9,1.8,8.0,30.6,39.4,93.9,42.9,Matte,Night,Average,Type_C,High,336,Op10,B09,63397.9
PP000618,136.0,0.6,18.0,23.5,53.4,93.2,23.9,Standard,Afternoon,Good,Type_C,Low,152,Op08,B19,134988.7
PP000619,69.8,3.2,7.0,29.4,39.1,90.4,28.1,Cardstock,Afternoon,Good,Type_C,Low,345,Op10,B12,18773.7
PP000620,135.4,0.8,11.2,15.2,62.1,99.0,28.3,Standard,Afternoon,Average,Type_A,Medium,216,Op04,B01,79087.7
PP000621,137.7,5.5,11.6,27.3,48.8,86.5,17.0,Standard,Afternoon,Average,Type_A,Medium,263,Op08,B01,93871.9
PP000622,109.2,4.7,4.8,26.2,52.3,87.0,20.5,Standard,Afternoon,Average,Type_A,Medium,22,Op09,B05,29232.0
PP000623,129.9,1.1,12.4,28.6,77.6,54.1,39.7,Glossy,Night,Good,Type_A,Medium,313,Op09,B08,72758.4
PP000624,118.4,2.2,9.9,25.6,60.8,97.2,31.8,Standard,Morning,Good,Type_A,Medium,284,Op02,B13,68676.8
PP000625,70.7,5.2,11.8,32.2,48.1,75.6,14.0,Standard,Night,Average,Type_A,Medium,286,Op02,B12,36931.3
PP000626,97.0,5.9,11.6,19.9,59.6,83.8,22.7,Cardstock,Afternoon,Average,Type_C,Low,14,Op08,B06,44917.3
PP000627,115.7,4.3,7.7,18.0,53.2,94.2,29.8,Standard,Afternoon,Average,Type_B,High,272,Op03,B17,49809.1
PP000628,96.2,5.6,11.0,32.2,47.8,99.0,52.6,Standard,Morning,Good,Type_B,High,308,Op07,B05,55331.7
PP000629,132.2,15.0,6.7,24.7,40.0,93.1,58.1,Matte,Night,Poor,Type_C,High,346,Op04,B15,22627.3
PP000630,147.1,13.9,12.5,22.0,54.7,98.9,30.0,Standard,Morning,Good,Type_B,Low,129,Op03,B13,95844.9
PP000631,123.7,2.0,7.9,19.4,52.5,87.5,27.7,Matte,Afternoon,Good,Type_A,Medium,152,Op08,B19,55032.3
PP000632,103.1,2.4,13.8,15.6,50.7,82.0,18.2,Glossy,Afternoon,Good,Type_C,Medium,253,Op02,B04,68197.0
PP000633,158.6,0.4,6.4,23.9,,97.9,34.3,Glossy,Morning,Good,Type_D,High,247,Op08,B03,50152.9
PP000634,119.4,9.0,13.2,24.1,59.4,81.4,32.5,Standard,Afternoon,Average,Type_A,Low,102,Op10,B02,75666.6
PP000635,126.3,4.0,6.7,25.0,44.9,82.9,46.9,Matte,Morning,Poor,Type_A,Low,105,Op10,B16,35928.9
PP000636,90.6,3.0,12.6,24.2,45.5,79.8,22.1,Glossy,Morning,Good,Type_C,Low,14,Op10,B08,55074.2
PP000637,108.0,1.5,12.3,23.6,67.4,97.1,49.0,Glossy,Night,Average,Type_B,Medium,310,Op07,B04,61688.2
PP000638,146.9,1.3,12.8,29.9,52.3,93.3,105.3,Matte,Afternoon,Good,Type_A,Medium,299,Op01,B19,97593.3
PP000639,138.8,4.9,13.9,15.1,50.8,90.7,24.4,Matte,Afternoon,Average,Type_B,Medium,76,Op10,B04,97932.2
PP000640,109.0,5.0,12.7,23.2,33.4,95.3,17.6,Standard,Morning,Average,Type_A,High,124,Op01,B08,78722.8
PP000641,115.3,3.3,9.4,21.3,21.0,84.6,30.8,Standard,Morning,Good,Type_A,High,74,Op04,B15,62530.7
PP000642,121.4,5.5,9.1,27.5,54.2,65.7,24.5,Matte,Morning,Average,Type_B,Medium,92,Op06,B03,56475.4
PP000643,84.9,2.9,15.8,34.1,64.9,91.0,37.1,Glossy,Night,Average,Type_D,Low,208,Op02,B09,46599.6
PP000644,109.1,2.6,19.3,24.5,61.5,41.1,60.5,Cardstock,Night,Good,Type_B,High,113,Op09,B14,69896.2
PP000645,98.6,1.1,10.8,16.8,54.3,91.9,31.7,Cardstock,Afternoon,Average,Type_B,Medium,38,Op05,B01,47062.2
PP000646,70.7,12.8,12.4,26.4,49.0,96.9,25.1,Standard,Afternoon,Average,Type_D,High,228,Op01,B08,36843.7
PP000647,119.9,5.4,6.8,26.3,56.5,60.6,38.7,Glossy,Night,Poor,Type_D,Medium,255,Op10,B20,29891.8
PP000648,110.4,3.8,11.1,29.6,61.0,88.7,35.5,Cardstock,Afternoon,Good,Type_A,High,184,Op06,B12,62132.4
PP000649,68.2,3.9,19.4,24.8,45.9,93.2,84.5,Matte,Afternoon,Average,Type_B,Low,255,Op01,B02,49025.9
PP000650,89.6,2.1,10.7,25.8,38.3,92.6,16.8,Glossy,Night,Good,Type_D,Medium,198,Op06,B20,47281.9
PP000651,112.2,12.3,12.2,20.2,65.2,92.2,16.5,Glossy,Morning,Average,Type_B,Low,55,Op02,B20,55734.6
PP000652,30.0,2.1,8.0,16.2,67.3,25.9,79.0,Matte,Afternoon,Average,Type_C,Low,219,Op08,B11,2198.6
PP000653,120.9,0.5,13.3,19.6,68.2,87.2,60.6,Standard,Night,Average,Type_D,Medium,55,Op09,B15,75525.7
PP000654,123.5,6.1,7.3,22.0,43.4,81.4,21.3,Standard,Morning,Good,Type_C,High,202,Op02,B16,53635.2
PP000655,135.8,4.5,9.9,24.8,39.7,63.5,19.0,Glossy,Afternoon,Poor,Type_B,Medium,269,Op08,B18,60432.9
PP000656,96.0,0.5,16.2,19.0,46.4,65.2,43.2,Glossy,Night,Average,Type_C,Low,119,Op07,B09,57464.4
PP000657,69.5,3.1,8.7,26.5,57.6,97.5,18.8,Standard,Morning,Good,Type_B,Medium,87,Op02,B17,33241.4
PP000658,135.1,0.7,17.8,26.9,55.9,93.3,33.9,Standard,Night,Average,Type_C,Low,305,Op01,B10,116579.8
PP000659,71.0,2.6,20.7,23.1,35.8,77.4,36.1,Standard,Morning,Good,Type_B,Medium,108,Op03,B12,68259.6
PP000660,132.3,1.3,10.0,33.9,55.8,76.4,21.5,Standard,Morning,Good,Type_B,High,147,Op09,B15,79268.8
PP000661,93.4,0.3,7.5,18.8,68.8,84.3,27.9,Matte,Afternoon,Poor,Type_A,High,52,Op10,B13,30676.2
PP000662,82.6,0.3,10.0,30.1,48.8,,23.7,Glossy,Night,Good,Type_D,Medium,13,Op02,B11,39084.0
PP000663,124.4,0.7,9.1,20.5,57.8,94.4,36.2,Standard,Afternoon,Good,Type_A,Medium,361,Op08,B17,65678.1
PP000664,150.9,0.4,9.1,22.6,20.0,90.7,35.5,Standard,Afternoon,Good,Type_A,High,50,Op05,B15,76829.3
PP000665,110.0,4.4,11.9,26.0,44.9,88.1,33.4,Glossy,Afternoon,Average,Type_B,Low,321,Op05,B19,59296.2
PP000666,107.1,2.3,11.0,15.8,38.2,83.6,22.1,Matte,Afternoon,Good,Type_A,Medium,272,Op08,B15,58593.7
PP000667,61.0,4.5,6.5,25.0,35.5,79.1,31.4,Cardstock,Night,Average,Type_C,Medium,219,Op09,B16,14078.1
PP000668,141.6,3.6,16.3,23.2,42.8,96.9,65.4,Standard,Afternoon,Good,Type_B,Medium,259,Op06,B14,135852.9
PP000669,117.3,4.6,14.8,23.2,39.7,97.6,62.5,Standard,Night,Poor,Type_D,Low,205,Op10,B04,62962.1
PP000670,106.3,3.6,6.2,20.1,33.2,82.9,32.7,Cardstock,Afternoon,Poor,Type_C,Low,120,Op07,B07,21964.1
PP000671,156.9,8.4,8.0,20.7,32.8,84.6,48.1,Glossy,Morning,Average,Type_B,Medium,351,Op06,B01,57383.6
PP000672,64.8,6.2,10.8,25.7,34.1,,27.0,Standard,Morning,Good,Type_B,High,95,Op03,B05,35509.0
PP000673,98.9,3.0,10.5,32.8,42.1,85.7,45.1,Standard,Morning,Good,Type_D,Medium,170,Op03,B08,51993.9
PP000674,115.2,3.4,15.0,26.6,58.3,96.3,28.9,Matte,Morning,Average,Type_D,Low,10,Op07,B19,84478.6
PP000675,105.5,6.1,12.4,22.9,67.0,75.3,39.1,Glossy,Afternoon,Good,Type_B,Medium,292,Op01,B07,63237.4
PP000676,37.0,3.4,12.9,,35.1,88.2,13.3,Glossy,Afternoon,Good,Type_B,Medium,176,Op08,B07,18103.0
PP000677,126.2,12.2,15.8,28.6,58.7,83.3,58.1,Glossy,Morning,Good,Type_B,Medium,179,Op07,B13,99569.2
PP000678,114.0,1.0,10.4,21.8,49.1,63.4,40.0,Matte,Morning,Good,Type_C,Low,75,Op01,B15,54725.8
PP000679,147.3,6.9,20.5,19.1,50.3,90.6,56.2,Standard,Night,Poor,Type_A,Low,57,Op09,B19,115198.4
PP000680,180.0,12.6,10.2,27.5,67.9,91.2,31.5,Standard,Morning,Good,Type_A,Medium,6,Op07,B09,71789.3
PP000681,109.0,4.9,9.2,,49.7,93.4,23.3,Matte,Night,Average,Type_C,High,229,Op08,B07,50898.0
PP000682,127.3,3.7,10.7,24.1,56.7,93.5,38.5,Matte,Night,Good,Type_A,High,29,Op04,B02,79701.7
PP000683,123.1,5.6,6.3,26.9,67.5,64.9,87.0,Matte,Night,Good,Type_C,High,302,Op09,B20,32186.0
PP000684,120.4,10.5,8.1,23.3,51.8,66.4,29.5,Matte,Afternoon,Good,Type_D,Medium,101,Op03,B10,50336.0
PP000685,110.6,5.8,6.5,23.2,60.1,82.8,33.6,Cardstock,Night,Good,Type_B,Medium,94,Op09,B06,33667.3
PP000686,127.4,2.0,11.6,23.6,56.4,13.1,55.9,Standard,Afternoon,Average,Type_C,High,308,Op02,B19,44374.2
PP000687,151.1,3.4,9.4,26.1,37.2,88.5,44.0,Standard,Morning,Poor,Type_B,Medium,299,Op07,B11,68078.0
PP000688,87.8,0.7,14.8,24.8,29.6,,22.7,Matte,Morning,Good,Type_D,Medium,201,Op01,B06,64844.5
PP000689,175.8,0.4,16.5,22.7,69.3,96.5,20.5,Standard,Morning,Good,Type_A,High,337,Op03,B19,148951.5
PP000690,131.2,1.2,12.1,24.7,62.7,83.8,41.9,Glossy,Night,Good,Type_C,Medium,20,Op09,B19,82367.5
PP000691,124.7,15.0,12.8,33.6,67.9,,25.8,Glossy,Morning,Average,Type_A,Medium,336,Op01,B08,61007.2
PP000692,43.0,5.2,14.3,19.8,,91.0,22.5,Cardstock,Night,Average,Type_A,Medium,297,Op05,B10,20167.7
PP000693,114.7,5.5,6.8,21.4,36.4,86.2,19.2,Cardstock,Night,Average,Type_D,Medium,187,Op02,B12,34320.2
PP000694,83.8,4.5,12.5,23.7,48.7,73.6,25.0,Standard,Morning,Average,Type_D,Low,297,Op02,B01,42853.6
PP000695,133.4,0.9,10.6,26.8,43.6,98.9,52.2,Glossy,Night,Good,Type_A,High,357,Op09,B03,80270.3
PP000696,145.6,4.3,3.7,26.5,66.7,96.7,24.7,Standard,Morning,Average,Type_D,Low,36,Op04,B04,26512.3
PP000697,151.8,14.0,9.1,16.0,54.4,78.2,42.9,Cardstock,Night,Good,Type_A,Medium,327,Op10,B17,50454.5
PP000698,109.7,2.4,7.7,31.6,51.6,90.3,26.6,Matte,Afternoon,Good,Type_C,Medium,289,Op10,B16,45380.4
PP000699,112.6,3.9,19.6,28.3,27.7,90.3,32.9,Standard,Morning,Good,Type_D,High,114,Op01,B18,118309.7
PP000700,129.0,10.0,13.7,,64.1,,11.8,Matte,Night,Poor,Type_C,Medium,186,Op10,B13,66314.1
PP000701,47.9,2.5,12.8,36.4,53.3,22.5,45.7,Standard,Morning,Average,Type_D,High,320,Op06,B02,10739.6
PP000702,101.1,0.4,12.7,25.2,48.4,54.5,52.4,Cardstock,Night,Average,Type_B,High,128,Op01,B03,56862.5
PP000703,97.6,4.4,10.0,24.1,49.7,84.2,35.0,Matte,Morning,Average,Type_C,High,70,Op04,B01,51245.2
PP000704,131.7,3.6,13.0,20.7,37.1,80.7,25.7,Standard,Morning,Good,Type_A,Medium,343,Op06,B14,101140.6
PP000705,100.4,0.4,7.5,18.8,50.2,66.7,17.8,Standard,Afternoon,Good,Type_C,Medium,299,Op04,B03,39574.9
PP000706,138.8,0.1,7.1,24.6,63.0,78.2,57.3,Standard,Afternoon,Good,Type_C,Low,320,Op04,B08,49418.0
PP000707,108.8,3.6,8.4,25.7,66.3,91.9,23.7,Cardstock,Morning,Average,Type_C,Low,311,Op06,B17,41960.9
PP000708,142.4,6.3,9.8,26.4,44.1,75.1,10.0,Cardstock,Morning,Good,Type_C,High,285,Op07,B20,76711.7
PP000709,180.0,3.6,9.5,27.4,60.2,93.7,16.4,Cardstock,Night,Good,Type_A,Medium,84,Op02,B10,67562.6
PP000710,164.9,2.1,9.2,21.3,64.6,83.7,24.9,Cardstock,Morning,Good,Type_A,Low,341,Op07,B19,61046.9
PP000711,145.3,1.8,7.0,18.5,64.1,97.4,33.2,Matte,Night,Good,Type_C,Medium,268,Op02,B14,52472.3
PP000712,151.6,6.8,10.1,26.9,52.7,73.9,19.4,Standard,Morning,Good,Type_B,Medium,230,Op05,B18,88036.9
PP000713,103.3,0.8,8.7,21.5,75.7,81.5,46.1,Matte,Afternoon,Average,Type_B,Low,280,Op01,B01,38455.3
PP000714,90.3,4.3,6.3,33.2,68.7,93.8,41.0,Standard,Night,Good,Type_D,Medium,295,Op08,B05,26013.2
PP000715,87.9,3.9,8.2,22.1,74.2,90.2,12.5,Matte,Morning,Good,Type_C,High,137,Op04,B04,38532.5
PP000716,121.3,13.8,10.7,27.1,41.3,82.1,63.8,Matte,Afternoon,Poor,Type_A,Medium,313,Op04,B14,35028.9
PP000717,162.1,4.3,6.8,18.6,50.9,,11.8,Cardstock,Morning,Average,Type_D,Medium,317,Op08,B09,50093.5
PP000718,91.7,3.6,7.2,,45.3,96.5,18.3,Glossy,Afternoon,Average,Type_A,Medium,225,Op05,B18,34328.9
PP000719,130.0,14.3,6.4,29.3,27.2,82.9,19.1,Standard,Afternoon,Average,Type_D,Medium,95,Op09,B08,33691.4
PP000720,75.1,7.6,14.1,30.1,65.7,98.1,30.1,Standard,Afternoon,Poor,Type_C,Low,199,Op09,B08,34112.1
PP000721,76.1,6.4,8.6,24.1,61.0,,27.1,Glossy,Afternoon,Average,Type_A,Low,155,Op05,B15,28426.4
PP000722,142.4,9.3,13.9,,43.4,96.4,20.3,Glossy,Morning,Poor,Type_B,High,140,Op07,B06,81511.4
PP000723,93.0,1.6,7.1,24.5,36.2,76.1,24.4,Standard,Afternoon,Good,Type_A,High,41,Op02,B13,37210.4
PP000724,92.1,3.8,7.4,19.7,62.3,74.2,62.6,Standard,Afternoon,Average,Type_B,Medium,86,Op01,B13,29766.6
PP000725,178.2,1.2,11.4,18.4,62.6,89.4,20.3,Standard,Morning,Good,Type_D,High,79,Op09,B09,94084.2
PP000726,117.2,3.6,13.7,22.1,67.3,97.2,49.5,Matte,Afternoon,Average,Type_B,Low,61,Op09,B06,75902.6
PP000727,113.6,5.8,10.5,22.0,62.8,85.5,113.9,Glossy,Morning,Good,Type_A,High,358,Op03,B07,54062.3
PP000728,107.7,4.0,19.0,21.6,62.9,97.9,66.5,Standard,Morning,Poor,Type_D,Medium,347,Op10,B17,83793.4
PP000729,128.3,2.2,5.1,24.7,52.1,94.6,23.8,Standard,Morning,Good,Type_D,Medium,217,Op04,B20,38380.0
PP000730,92.3,0.4,6.4,24.0,55.9,65.8,43.0,Standard,Afternoon,Good,Type_B,High,4,Op07,B01,29850.1
PP000731,116.8,3.5,11.9,23.7,63.2,81.3,21.6,Glossy,Night,Good,Type_D,High,197,Op10,B15,71054.2
PP000732,149.8,9.6,6.1,19.3,,60.4,27.8,Standard,Afternoon,Poor,Type_A,Medium,234,Op09,B03,37044.0
PP000733,104.7,5.8,13.4,31.2,36.0,82.3,50.9,Standard,Afternoon,Average,Type_B,High,139,Op04,B16,67669.1
PP000734,38.9,3.0,6.1,22.5,55.2,76.3,93.7,Standard,Afternoon,Good,Type_B,High,309,Op08,B19,8190.2
PP000735,94.0,4.0,11.3,24.5,79.8,97.1,57.3,Standard,Afternoon,Average,Type_C,Medium,291,Op10,B18,50367.9
PP000736,139.6,7.4,8.1,21.6,43.8,80.5,22.3,Cardstock,Night,Good,Type_A,Low,186,Op08,B07,54883.9
PP000737,150.9,0.3,15.4,29.7,52.2,84.4,24.6,Glossy,Night,Good,Type_C,Medium,248,Op04,B16,119159.9
PP000738,126.6,6.8,12.9,22.2,49.7,83.2,19.9,Matte,Night,Average,Type_A,High,55,Op06,B02,88887.0
PP000739,160.7,2.8,7.6,28.7,52.0,85.4,53.2,Glossy,Night,Average,Type_A,Low,37,Op01,B14,43828.7
PP000740,81.7,6.6,8.3,24.1,43.4,93.2,31.0,Matte,Morning,Average,Type_D,Medium,26,Op05,B20,32740.0
PP000741,155.9,6.3,11.0,23.8,54.1,77.1,27.0,Cardstock,Afternoon,Good,Type_B,High,353,Op09,B07,87960.6
PP000742,121.7,0.2,21.3,24.0,81.5,92.0,28.2,Standard,Night,Good,Type_B,Medium,78,Op04,B06,121348.2
PP000743,136.6,3.7,12.7,26.3,50.9,92.1,95.9,Matte,Morning,Good,Type_A,Medium,123,Op05,B09,90172.3
PP000744,30.0,0.8,20.9,27.3,56.2,58.5,84.0,Matte,Morning,Good,Type_B,High,308,Op04,B03,19689.2
PP000745,143.6,0.7,7.1,23.5,58.4,93.5,37.2,Standard,Night,Average,Type_B,Medium,199,Op06,B05,56554.0
PP000746,122.5,0.1,7.5,23.7,68.6,82.9,39.5,Glossy,Afternoon,Good,Type_D,Medium,251,Op02,B18,48121.2
PP000747,176.1,0.3,4.4,23.0,76.0,74.4,31.8,Standard,Morning,Good,Type_B,Low,289,Op04,B19,18610.7
PP000748,121.0,12.1,8.4,30.7,70.5,94.8,70.0,Glossy,Morning,Good,Type_D,High,64,Op08,B17,44969.6
PP000749,83.9,5.0,14.8,32.9,47.6,95.1,19.5,Standard,Night,Poor,Type_C,Medium,246,Op09,B04,45687.1
PP000750,89.3,6.3,13.2,23.1,66.2,84.8,24.6,Standard,Morning,Average,Type_A,Medium,75,Op05,B12,59039.4
PP000751,128.0,2.1,12.2,22.6,67.8,95.2,35.0,Glossy,Morning,Good,Type_B,Low,301,Op02,B05,80500.1
PP000752,124.8,6.1,19.0,20.6,65.7,64.3,28.3,Glossy,Night,Poor,Type_A,Low,131,Op02,B15,75329.8
PP000753,94.7,2.8,8.2,23.5,59.0,93.6,19.1,Standard,Night,Average,Type_C,Medium,199,Op03,B03,39299.5
PP000754,80.8,0.2,9.8,20.4,45.5,98.3,22.2,Cardstock,Afternoon,Good,Type_B,High,285,Op08,B03,39798.7
PP000755,163.5,2.4,10.6,20.8,41.4,97.8,55.2,Cardstock,Morning,Average,Type_B,Medium,126,Op03,B07,80460.7
PP000756,107.4,0.4,7.0,30.6,45.6,61.0,29.2,Standard,Morning,Good,Type_A,High,110,Op04,B01,41409.9
PP000757,112.8,9.3,9.2,21.7,65.8,81.8,29.2,Standard,Night,Average,Type_B,Low,7,Op06,B20,45358.4
PP000758,97.9,4.5,12.0,29.5,71.4,,25.9,Matte,Morning,Average,Type_D,Medium,29,Op04,B18,37617.5
PP000759,159.7,2.3,7.6,22.3,48.9,94.3,25.7,Standard,Afternoon,Good,Type_D,High,12,Op02,B17,69816.4
PP000760,150.7,0.2,12.5,23.9,42.4,86.7,77.4,Matte,Morning,Good,Type_B,Medium,228,Op04,B10,98658.6
PP000761,82.3,7.6,18.9,28.0,41.7,52.0,21.9,Standard,Afternoon,Good,Type_A,High,274,Op03,B19,69700.7
PP000762,112.5,0.9,10.1,23.6,33.3,71.3,41.5,Glossy,Afternoon,Good,Type_C,Medium,323,Op05,B12,55421.7
PP000763,85.5,10.8,11.4,25.9,37.4,98.6,58.1,Standard,Morning,Good,Type_B,Medium,71,Op04,B01,48313.9
PP000764,174.3,15.0,8.2,18.5,45.6,85.9,39.4,Glossy,Afternoon,Good,Type_B,Medium,307,Op01,B08,48603.0
PP000765,129.2,0.2,13.7,20.7,62.9,78.1,34.0,Cardstock,Night,Average,Type_D,High,230,Op07,B14,85585.0
PP000766,106.0,10.4,11.1,23.3,61.7,79.2,63.6,Glossy,Afternoon,Good,Type_A,High,222,Op05,B04,57408.1
PP000767,104.2,2.8,5.8,26.2,27.8,88.9,26.0,Glossy,Morning,Good,Type_A,Medium,63,Op06,B01,31031.1
PP000768,132.4,1.9,16.1,24.8,45.2,94.4,20.7,Cardstock,Morning,Average,Type_B,Medium,304,Op07,B12,115371.7
PP000769,107.1,2.9,11.4,22.6,31.5,74.8,24.5,Standard,Morning,Good,Type_A,Medium,177,Op03,B18,70653.8
PP000770,164.4,5.4,13.6,29.9,52.4,88.8,28.7,Glossy,Morning,Good,Type_A,Low,224,Op07,B19,96251.4
PP000771,85.4,0.5,13.1,28.0,40.2,94.4,27.0,Cardstock,Afternoon,Good,Type_A,Medium,209,Op01,B13,57954.8
PP000772,75.5,0.5,7.0,28.7,53.3,87.8,26.0,Cardstock,Afternoon,Good,Type_A,Medium,341,Op10,B02,24859.5
PP000773,160.1,1.1,7.3,21.7,44.4,85.7,16.2,Standard,Night,Good,Type_A,High,81,Op10,B01,67739.0
PP000774,101.4,0.7,11.2,21.5,38.8,91.1,53.7,Standard,Afternoon,Good,Type_C,Medium,195,Op04,B13,60208.4
PP000775,160.4,5.9,11.7,23.9,,24.9,23.1,Cardstock,Night,Good,Type_B,Medium,51,Op04,B11,30845.7
PP000776,143.2,6.4,7.4,32.6,42.7,,21.2,Glossy,Morning,Good,Type_C,Low,81,Op08,B17,52760.8
PP000777,71.5,1.2,12.2,,42.8,87.5,27.7,Standard,Morning,Average,Type_A,Medium,176,Op10,B03,43910.6
PP000778,95.5,0.4,9.2,23.8,28.2,45.0,33.2,Glossy,Morning,Average,Type_D,Low,146,Op09,B16,28438.2
PP000779,116.6,7.6,12.2,19.6,64.3,82.3,59.1,Standard,Morning,Good,Type_C,Low,184,Op02,B05,67507.3
PP000780,107.9,5.6,12.7,26.0,,92.5,21.2,Glossy,Afternoon,Average,Type_B,Medium,262,Op08,B02,69811.9
PP000781,124.7,4.6,17.4,23.2,38.1,80.3,51.5,Cardstock,Night,Good,Type_B,High,125,Op01,B18,108178.7
PP000782,95.4,0.6,18.4,23.1,47.0,82.9,80.1,Matte,Night,Average,Type_B,Medium,339,Op06,B02,73624.1
PP000783,112.3,1.4,15.2,29.7,45.7,98.8,31.8,Glossy,Morning,Poor,Type_A,Low,49,Op09,B06,67941.6
PP000784,147.0,3.6,10.2,18.3,37.5,90.1,43.2,Cardstock,Morning,Good,Type_A,High,216,Op08,B12,85660.3
PP000785,157.7,1.6,11.2,21.5,52.6,76.9,16.9,Glossy,Night,Good,Type_B,Medium,189,Op04,B19,92034.0
PP000786,89.7,2.0,8.9,26.1,68.0,78.8,16.2,Glossy,Afternoon,Good,Type_A,Low,257,Op07,B15,37164.5
PP000787,107.6,7.9,16.6,18.6,60.0,92.3,42.1,Glossy,Afternoon,Good,Type_B,Medium,88,Op03,B15,87546.5
PP000788,110.9,4.0,9.2,30.0,57.3,78.0,35.9,Cardstock,Morning,Poor,Type_A,Medium,101,Op04,B10,43240.8
PP000789,71.8,5.8,5.9,28.9,40.4,99.8,23.0,Standard,Morning,Average,Type_D,High,206,Op03,B08,21259.4
PP000790,145.0,1.0,11.3,31.1,59.4,81.5,21.5,Standard,Afternoon,Good,Type_C,Low,355,Op08,B04,87914.8
PP000791,133.1,0.6,6.0,33.4,81.1,97.6,29.4,Standard,Night,Good,Type_A,High,79,Op02,B02,39461.7
PP000792,131.7,0.3,7.0,25.8,45.6,63.7,43.5,Glossy,Morning,Good,Type_B,Medium,295,Op04,B15,47797.8
PP000793,111.5,0.4,12.2,24.1,39.8,94.3,31.8,Standard,Afternoon,Good,Type_C,Medium,171,Op01,B03,77412.9
PP000794,142.9,1.2,9.6,25.6,66.9,92.3,23.7,Matte,Morning,Good,Type_A,Low,87,Op03,B17,77614.5
PP000795,145.8,14.1,12.9,23.5,55.5,65.1,50.3,Standard,Morning,Average,Type_D,Low,157,Op04,B06,71285.3
PP000796,152.1,5.8,15.3,30.1,49.6,82.4,26.5,Standard,Morning,Good,Type_B,Medium,10,Op02,B01,130559.5
PP000797,109.6,0.1,22.3,22.8,50.3,96.5,10.8,Cardstock,Afternoon,Average,Type_A,Medium,234,Op05,B19,105781.4
PP000798,126.2,2.4,13.3,24.0,67.9,32.1,75.5,Standard,Morning,Good,Type_A,Medium,56,Op03,B11,72223.6
PP000799,102.6,2.9,11.6,19.8,45.2,80.0,20.2,Standard,Night,Good,Type_C,High,164,Op05,B19,63716.9
PP000800,104.7,15.0,14.4,,57.7,89.3,18.5,Cardstock,Afternoon,Good,Type_C,Medium,20,Op01,B08,51096.5
PP000801,146.4,6.1,11.3,33.6,62.7,85.7,35.5,Glossy,Morning,Average,Type_A,High,178,Op04,B19,84796.3
PP000802,116.7,0.5,13.8,29.7,66.5,55.5,14.7,Standard,Night,Good,Type_D,Medium,126,Op02,B04,77262.3
PP000803,110.1,1.1,14.6,25.1,79.2,82.4,50.0,Standard,Night,Good,Type_B,High,234,Op08,B11,83680.3
PP000804,134.3,6.8,12.1,21.0,41.1,83.2,51.4,Matte,Night,Average,Type_C,Low,293,Op01,B14,71458.9
PP000805,136.3,1.5,9.7,19.5,54.9,89.4,13.0,Glossy,Afternoon,Good,Type_A,High,333,Op05,B09,83654.7
PP000806,90.9,3.1,8.6,28.9,53.9,86.9,37.3,Standard,Afternoon,Average,Type_B,Medium,131,Op04,B01,38902.0
PP000807,94.3,7.0,18.0,21.1,,84.8,24.3,Glossy,Afternoon,Average,Type_B,Medium,243,Op10,B07,75425.8
PP000808,137.8,2.4,9.4,23.1,70.2,78.9,42.0,Glossy,Afternoon,Good,Type_C,High,308,Op06,B04,69913.5
PP000809,131.8,2.0,20.0,23.9,,97.7,50.6,Cardstock,Morning,Good,Type_C,Medium,229,Op10,B18,109579.4
PP000810,108.3,11.5,14.2,28.2,34.1,83.2,25.1,Glossy,Afternoon,Good,Type_B,Medium,81,Op09,B20,73118.3
PP000811,153.3,5.8,9.9,31.6,64.5,75.1,34.8,Standard,Morning,Good,Type_C,High,117,Op05,B07,84481.2
PP000812,111.8,13.4,12.4,26.2,56.1,97.9,53.4,Standard,Night,Average,Type_A,Low,82,Op07,B02,54057.9
PP000813,53.2,4.7,14.7,22.6,47.4,60.8,44.0,Matte,Morning,Poor,Type_C,High,323,Op05,B09,26104.1
PP000814,89.5,2.5,8.3,27.3,73.7,75.8,32.7,Standard,Morning,Good,Type_A,Low,362,Op06,B17,36311.6
PP000815,67.8,3.4,14.0,26.7,43.9,86.1,44.7,Matte,Night,Good,Type_C,Medium,246,Op10,B20,41364.5
PP000816,151.7,0.7,4.8,25.1,73.5,95.1,23.8,Cardstock,Night,Good,Type_B,Low,276,Op07,B17,26122.8
PP000817,131.2,2.7,16.7,17.7,41.3,77.0,56.4,Matte,Night,Good,Type_C,High,187,Op05,B10,111723.0
PP000818,118.8,15.0,13.5,22.9,49.6,94.5,85.7,Standard,Night,Average,Type_B,Medium,163,Op05,B14,60648.6
PP000819,40.8,3.8,13.1,26.4,68.1,,25.1,Cardstock,Night,Good,Type_B,Medium,234,Op02,B01,19112.2
PP000820,67.7,3.1,11.0,28.2,38.3,88.0,41.0,Matte,Night,Average,Type_C,Low,121,Op08,B02,28392.4
PP000821,110.2,4.4,1.9,,45.0,85.1,104.3,Cardstock,Afternoon,Good,Type_B,Medium,212,Op06,B03,982.8
PP000822,58.0,5.2,18.9,22.9,55.8,81.9,32.6,Standard,Night,Poor,Type_C,Medium,3,Op07,B11,35558.1
PP000823,145.1,7.3,9.8,,54.0,75.2,33.8,Matte,Afternoon,Good,Type_A,Medium,309,Op02,B16,81409.5
PP000824,111.7,2.4,15.0,21.8,40.3,93.2,42.8,Matte,Afternoon,Average,Type_C,High,275,Op10,B04,90497.8
PP000825,110.4,1.5,12.6,23.7,45.5,10.2,42.8,Matte,Morning,Good,Type_A,Medium,34,Op01,B01,42485.2
PP000826,113.0,15.0,15.3,22.5,54.8,81.7,30.8,Cardstock,Night,Average,Type_A,Medium,7,Op10,B10,60199.9
PP000827,84.6,0.8,6.0,23.4,65.4,90.5,17.2,Standard,Afternoon,Good,Type_A,Medium,186,Op06,B17,28229.5
PP000828,81.6,0.8,9.3,24.1,35.3,90.1,117.1,Glossy,Night,Average,Type_C,High,17,Op04,B01,28489.8
PP000829,54.2,8.8,8.3,23.5,29.8,66.5,13.7,Standard,Morning,Poor,Type_A,Medium,228,Op08,B05,13305.3
PP000830,115.8,1.7,8.2,30.0,62.8,79.5,31.2,Standard,Afternoon,Good,Type_B,Low,360,Op03,B04,48196.3
PP000831,128.0,4.4,10.6,34.3,47.3,96.9,40.0,Standard,Morning,Average,Type_B,Medium,216,Op10,B16,70473.9
PP000832,107.4,1.0,10.2,24.6,,86.5,26.1,Standard,Night,Good,Type_B,High,135,Op07,B11,61597.5
PP000833,106.0,2.3,12.5,19.9,50.6,75.7,32.4,Standard,Night,Good,Type_B,Medium,362,Op07,B05,69622.4
PP000834,84.9,6.5,7.5,20.7,57.0,54.3,28.2,Matte,Afternoon,Good,Type_B,Low,27,Op04,B15,26702.9
PP000835,123.0,0.4,17.4,25.5,64.1,92.8,30.7,Matte,Afternoon,Good,Type_D,Medium,178,Op10,B12,113809.1
PP000836,36.6,2.0,7.3,26.9,57.5,87.2,32.7,Standard,Afternoon,Good,Type_B,High,154,Op06,B15,12098.5
PP000837,79.7,1.5,9.4,26.5,51.9,22.7,44.7,Glossy,Night,Good,Type_A,Medium,251,Op01,B01,19195.0
PP000838,93.9,1.9,12.0,21.3,66.5,81.6,46.2,Glossy,Morning,Average,Type_A,High,166,Op05,B08,57751.2
PP000839,98.7,0.3,8.2,29.8,62.1,96.2,42.1,Glossy,Night,Good,Type_D,High,198,Op10,B06,39503.7
PP000840,122.0,13.2,13.9,23.6,61.9,96.9,22.0,Matte,Night,Average,Type_A,High,326,Op02,B08,78305.8
PP000841,108.8,3.2,14.8,36.7,69.9,79.4,34.4,Standard,Morning,Good,Type_D,Medium,65,Op03,B13,73520.8
PP000842,120.0,2.3,9.5,19.5,39.4,78.7,32.5,Glossy,Afternoon,Average,Type_A,Medium,49,Op02,B09,57628.4
PP000843,154.9,0.2,7.7,19.9,36.4,79.9,22.8,Cardstock,Morning,Good,Type_B,Medium,339,Op09,B08,60672.3
PP000844,158.9,5.7,20.0,18.6,64.6,93.0,30.7,Standard,Morning,Average,Type_B,High,235,Op04,B10,158521.1
PP000845,135.7,3.1,17.1,15.1,63.2,93.4,29.8,Matte,Morning,Poor,Type_A,High,165,Op07,B18,107262.2
PP000846,155.0,15.0,8.6,20.9,44.9,93.0,24.1,Glossy,Afternoon,Average,Type_B,Medium,303,Op10,B17,54570.8
PP000847,170.3,2.9,10.5,28.0,63.6,91.4,52.9,Matte,Morning,Good,Type_B,Low,151,Op07,B14,58811.0
PP000848,126.9,9.5,19.0,25.6,38.9,96.3,42.7,Cardstock,Morning,Average,Type_A,Medium,213,Op08,B09,99560.5
PP000849,70.3,4.0,9.3,,39.2,55.7,23.0,Glossy,Afternoon,Good,Type_C,Medium,77,Op08,B13,28920.8
PP000850,147.2,1.7,8.6,18.8,56.5,82.5,37.7,Glossy,Night,Good,Type_B,Medium,84,Op03,B05,70359.0
PP000851,83.2,5.5,10.4,22.4,31.9,77.6,64.9,Standard,Night,Good,Type_D,Medium,24,Op03,B13,37767.6
PP000852,174.6,14.0,13.3,31.6,57.3,96.1,37.6,Matte,Afternoon,Average,Type_B,Medium,334,Op01,B15,73718.7
PP000853,170.2,5.3,8.6,23.7,33.9,70.0,34.3,Matte,Night,Average,Type_B,Medium,28,Op08,B11,58871.7
PP000854,98.4,11.6,7.6,,80.4,95.6,27.6,Cardstock,Morning,Average,Type_D,High,261,Op10,B20,29447.1
PP000855,79.8,4.5,4.8,15.0,,91.8,28.6,Standard,Morning,Average,Type_D,Medium,243,Op03,B06,16156.5
PP000856,93.0,6.3,13.5,19.6,41.5,87.8,60.3,Cardstock,Afternoon,Average,Type_C,Medium,183,Op06,B12,50367.6
PP000857,112.9,15.0,8.1,,34.0,87.9,18.1,Matte,Night,Average,Type_C,Medium,36,Op10,B11,34050.9
PP000858,156.0,1.0,14.1,32.8,39.0,97.1,16.7,Standard,Afternoon,Average,Type_B,Medium,197,Op06,B15,117376.2
PP000859,75.5,0.9,13.8,18.6,57.8,,28.3,Standard,Morning,Good,Type_A,Medium,108,Op10,B20,51307.9
PP000860,143.2,7.5,21.2,20.7,39.2,77.3,20.9,Standard,Morning,Good,Type_C,Low,165,Op08,B06,145303.7
PP000861,48.8,1.4,8.3,30.2,45.5,93.0,14.2,Matte,Morning,Poor,Type_D,Low,229,Op05,B11,13318.4
PP000862,153.8,2.7,9.0,24.7,57.2,91.8,23.9,Glossy,Night,Good,Type_A,Medium,62,Op08,B19,71991.7
PP000863,113.0,6.8,9.5,24.4,66.4,88.9,30.6,Cardstock,Afternoon,Average,Type_B,High,300,Op05,B10,51363.4
PP000864,121.4,0.7,3.3,,37.3,63.5,44.3,Glossy,Afternoon,Good,Type_D,Low,349,Op08,B09,15401.6
PP000865,111.6,3.2,7.9,25.6,66.2,78.1,35.0,Cardstock,Night,Good,Type_C,Medium,74,Op10,B07,41698.1
PP000866,144.9,2.4,16.5,20.7,27.6,89.1,29.4,Standard,Morning,Good,Type_D,Medium,98,Op03,B06,135405.8
PP000867,126.9,8.6,19.8,31.2,65.3,85.8,14.6,Standard,Night,Good,Type_B,Low,270,Op10,B17,108947.0
PP000868,169.0,1.6,10.1,26.2,,97.3,20.2,Standard,Night,Good,Type_B,Low,225,Op01,B06,78493.0
PP000869,58.2,14.5,7.1,25.0,37.8,38.2,39.1,Standard,Night,Poor,Type_C,High,94,Op10,B01,2865.0
PP000870,86.0,7.9,8.3,23.5,30.7,58.4,95.3,Cardstock,Night,Average,Type_B,Medium,138,Op10,B10,21146.6
PP000871,71.9,0.5,11.5,19.3,51.4,52.4,46.4,Standard,Afternoon,Good,Type_C,Medium,111,Op01,B05,36099.2
PP000872,138.0,0.9,12.8,22.7,49.7,94.5,46.0,Standard,Afternoon,Good,Type_A,High,316,Op01,B11,106725.4
PP000873,61.0,0.1,15.7,20.4,37.1,62.9,34.6,Glossy,Afternoon,Good,Type_A,Low,295,Op05,B12,37060.8
PP000874,180.0,0.5,7.0,23.4,59.1,68.1,41.6,Standard,Afternoon,Good,Type_B,Medium,287,Op07,B19,52029.6
PP000875,117.9,0.9,20.6,,35.9,81.1,35.3,Cardstock,Morning,Poor,Type_D,Medium,250,Op04,B03,90518.3
PP000876,154.1,0.3,8.4,26.0,33.4,92.7,41.1,Glossy,Night,Average,Type_D,Medium,301,Op08,B13,62235.2
PP000877,84.1,3.4,7.3,29.5,60.7,62.9,22.7,Matte,Morning,Good,Type_B,Medium,362,Op03,B11,30651.7
PP000878,121.3,6.2,13.1,24.6,63.3,86.4,85.8,Cardstock,Morning,Good,Type_B,Medium,21,Op05,B06,76245.3
PP000879,135.0,7.2,14.3,23.2,58.1,70.7,16.9,Glossy,Morning,Good,Type_C,Low,328,Op06,B13,95002.2
PP000880,92.4,8.5,8.8,32.1,72.0,65.8,59.8,Matte,Morning,Good,Type_B,Medium,85,Op05,B05,33049.8
PP000881,107.7,11.8,7.3,29.3,79.5,63.6,23.6,Glossy,Morning,Poor,Type_D,High,180,Op05,B11,22094.1
PP000882,164.8,0.9,16.0,26.9,48.4,96.2,45.4,Matte,Morning,Poor,Type_C,High,29,Op09,B16,117478.3
PP000883,155.5,8.1,12.2,27.5,50.3,86.8,76.1,Cardstock,Night,Average,Type_C,Medium,80,Op07,B17,74550.4
PP000884,133.5,0.4,7.0,21.9,56.3,93.5,46.4,Glossy,Night,Good,Type_C,Low,131,Op07,B14,45028.3
PP000885,178.1,2.3,5.8,24.4,57.8,41.3,74.2,Standard,Morning,Good,Type_A,Medium,317,Op07,B18,27864.3
PP000886,52.7,7.3,14.3,21.7,55.5,63.6,65.4,Matte,Afternoon,Good,Type_B,Medium,32,Op01,B08,28321.3
PP000887,124.3,1.5,9.6,23.4,30.5,28.0,71.8,Cardstock,Morning,Good,Type_D,High,50,Op10,B15,42483.0
PP000888,102.8,7.9,9.1,20.6,53.9,82.4,62.8,Standard,Morning,Poor,Type_C,Low,330,Op05,B07,33802.5
PP000889,160.6,3.0,8.4,30.4,50.8,61.3,30.0,Matte,Morning,Good,Type_D,Medium,114,Op07,B17,67191.4
PP000890,150.5,12.7,16.5,22.5,23.3,99.1,17.9,Glossy,Morning,Average,Type_D,High,115,Op03,B02,98280.3
PP000891,152.4,0.3,15.5,30.4,51.9,94.2,90.4,Standard,Night,Good,Type_C,Low,178,Op05,B20,88741.1
PP000892,95.9,1.7,11.9,24.0,46.1,95.3,35.5,Matte,Night,Good,Type_A,High,252,Op01,B11,61658.3
PP000893,133.0,7.5,10.3,22.2,47.2,80.9,61.7,Matte,Afternoon,Good,Type_C,High,135,Op01,B19,72141.8
PP000894,149.6,13.6,13.3,18.0,27.4,75.9,35.5,Standard,Afternoon,Average,Type_C,Medium,38,Op03,B07,81799.9
PP000895,156.5,4.2,10.7,20.5,30.3,76.6,13.8,Glossy,Night,Poor,Type_B,Medium,52,Op07,B01,68906.0
PP000896,85.4,2.1,10.5,31.3,41.0,94.8,29.1,Standard,Morning,Good,Type_C,Medium,51,Op03,B16,48288.9
PP000897,93.1,6.9,10.9,,48.2,66.6,17.4,Standard,Afternoon,Average,Type_A,Medium,163,Op08,B19,49693.8
PP000898,122.8,1.6,9.9,22.5,63.0,84.9,42.6,Cardstock,Afternoon,Good,Type_B,High,64,Op06,B20,62529.6
PP000899,159.6,8.1,10.9,25.1,39.6,94.7,20.1,Glossy,Afternoon,Average,Type_A,Medium,14,Op01,B19,83802.5
PP000900,134.8,1.6,6.4,31.9,63.8,77.9,39.6,Matte,Afternoon,Good,Type_A,Medium,109,Op08,B14,44617.8
PP000901,159.0,5.7,9.1,24.6,27.6,26.8,76.8,Matte,Afternoon,Average,Type_A,Medium,225,Op01,B04,35775.0
PP000902,52.5,1.2,6.3,21.2,67.8,,35.7,Glossy,Afternoon,Average,Type_B,Medium,224,Op03,B19,12637.5
PP000903,106.3,2.5,6.7,24.4,48.0,97.1,27.8,Standard,Night,Good,Type_B,High,38,Op06,B13,40935.3
PP000904,131.0,13.0,6.6,25.6,54.7,93.8,39.9,Standard,Night,Good,Type_B,Medium,22,Op10,B17,42073.7
PP000905,123.6,14.0,11.5,27.5,68.6,87.4,19.1,Cardstock,Night,Good,Type_C,Medium,248,Op01,B10,58981.2
PP000906,54.5,1.1,15.0,23.1,42.8,,19.4,Cardstock,Afternoon,Average,Type_A,Low,196,Op01,B05,29356.6
PP000907,150.2,7.6,11.8,27.0,57.5,76.0,24.4,Standard,Afternoon,Good,Type_A,Medium,334,Op07,B20,99286.9
PP000908,126.1,5.6,7.3,26.2,54.2,83.1,36.9,Cardstock,Afternoon,Good,Type_C,Medium,233,Op06,B20,43458.4
PP000909,100.1,1.1,14.9,16.6,49.5,65.9,30.7,Cardstock,Afternoon,Average,Type_B,Medium,42,Op02,B10,58912.3
PP000910,153.3,2.1,8.3,23.3,50.7,67.0,24.4,Matte,Morning,Good,Type_A,Medium,87,Op07,B18,73678.8
PP000911,59.7,10.5,8.6,23.9,36.6,69.3,13.3,Glossy,Morning,Average,Type_D,Medium,162,Op02,B13,18680.2
PP000912,98.6,3.4,13.9,21.9,49.3,95.9,24.3,Matte,Morning,Poor,Type_C,Low,20,Op10,B12,52615.9
PP000913,143.3,4.2,8.5,25.6,56.4,84.6,25.4,Matte,Morning,Good,Type_C,Medium,301,Op09,B19,71247.8
PP000914,127.0,0.8,7.6,22.8,53.0,,15.4,Standard,Morning,Good,Type_A,Medium,88,Op09,B08,36304.0
PP000915,107.8,2.3,9.3,26.4,47.4,89.2,24.8,Standard,Afternoon,Good,Type_B,Medium,156,Op01,B17,57376.1
PP000916,110.1,0.1,11.9,,51.4,95.4,12.8,Glossy,Morning,Good,Type_C,Medium,168,Op05,B19,77508.4
PP000917,107.5,1.5,7.3,23.0,44.5,89.8,34.8,Matte,Night,Good,Type_D,High,358,Op05,B15,41630.0
PP000918,142.8,6.4,7.5,23.7,41.9,84.5,53.4,Standard,Morning,Average,Type_A,Low,129,Op04,B20,53756.0
PP000919,105.3,1.3,11.2,,59.6,91.2,21.7,Matte,Morning,Good,Type_A,Low,331,Op10,B13,62488.1
PP000920,136.7,0.1,8.4,30.5,40.1,89.6,48.0,Glossy,Morning,Good,Type_B,High,252,Op06,B20,65679.1
PP000921,48.2,6.6,8.4,18.4,61.9,94.0,44.0,Matte,Night,Good,Type_B,Medium,218,Op07,B09,15929.9
PP000922,154.3,5.6,5.8,20.0,42.9,89.4,56.6,Cardstock,Morning,Average,Type_A,Medium,187,Op10,B08,39944.3
PP000923,180.0,4.6,13.0,21.5,79.0,92.2,36.5,Glossy,Morning,Good,Type_C,Medium,150,Op07,B07,80008.8
PP000924,131.0,7.3,13.0,26.4,55.0,85.0,19.5,Cardstock,Afternoon,Good,Type_B,Medium,289,Op07,B18,88894.6
PP000925,112.2,15.0,7.1,26.7,39.0,68.5,30.0,Glossy,Afternoon,Poor,Type_A,Medium,365,Op08,B07,18202.5
PP000926,97.9,2.2,15.3,21.8,63.2,74.3,39.7,Standard,Afternoon,Good,Type_B,Low,57,Op01,B13,72730.8
PP000927,137.4,0.7,9.7,33.5,46.3,79.9,30.3,Standard,Night,Average,Type_C,Medium,212,Op09,B02,69949.3
PP000928,94.2,0.3,5.1,28.0,55.4,68.0,32.8,Matte,Afternoon,Good,Type_C,Medium,339,Op09,B19,23289.1
PP000929,88.8,0.5,5.8,30.2,73.8,88.6,56.3,Matte,Afternoon,Good,Type_C,Medium,344,Op08,B18,21810.4
PP000930,46.9,5.9,10.8,20.7,52.3,80.4,21.9,Matte,Afternoon,Average,Type_D,High,343,Op09,B18,20043.3
PP000931,122.8,6.0,8.0,20.4,49.8,80.6,18.4,Standard,Night,Average,Type_C,Medium,312,Op09,B07,53264.5
PP000932,105.7,0.9,8.8,,53.8,68.9,42.7,Glossy,Night,Average,Type_C,Medium,179,Op08,B15,42129.6
PP000933,107.4,1.2,9.6,30.1,42.3,95.0,28.1,Standard,Night,Good,Type_C,Medium,76,Op10,B11,55062.9
PP000934,114.9,0.7,12.4,33.1,52.3,76.8,29.2,Standard,Night,Good,Type_B,High,162,Op07,B20,78943.8
PP000935,92.3,1.8,16.6,28.7,25.2,83.1,26.0,Standard,Afternoon,Good,Type_B,Medium,125,Op08,B12,79384.1
PP000936,121.0,2.2,9.4,17.0,44.4,20.3,23.6,Cardstock,Night,Good,Type_A,Medium,166,Op07,B12,28254.1
PP000937,80.4,11.1,13.5,30.6,44.4,82.8,32.5,Glossy,Night,Average,Type_C,Medium,225,Op09,B11,39108.2
PP000938,111.3,12.0,8.3,27.3,46.7,89.9,51.8,Matte,Night,Average,Type_D,High,86,Op10,B18,38872.9
PP000939,106.0,0.4,10.0,20.6,40.2,93.7,23.5,Glossy,Afternoon,Good,Type_C,Medium,192,Op02,B01,57605.9
PP000940,60.3,2.1,13.2,18.3,41.7,87.4,24.3,Standard,Morning,Good,Type_A,High,101,Op09,B08,42428.2
PP000941,76.2,2.9,7.9,24.1,52.7,94.9,32.6,Cardstock,Morning,Good,Type_B,High,204,Op04,B02,30406.6
PP000942,96.0,4.8,15.5,24.9,42.8,87.1,33.6,Cardstock,Afternoon,Poor,Type_C,Medium,276,Op09,B14,54180.3
PP000943,97.0,1.4,9.3,,,91.9,67.5,Glossy,Night,Average,Type_A,Medium,343,Op10,B14,41669.4
PP000944,123.3,1.0,10.8,27.4,,70.9,57.2,Standard,Morning,Average,Type_B,Medium,70,Op03,B09,67205.7
PP000945,102.0,0.7,12.5,20.0,61.2,97.3,34.8,Standard,Morning,Average,Type_C,Low,207,Op03,B18,61598.1
PP000946,113.4,5.1,15.8,23.5,69.9,95.0,31.8,Cardstock,Afternoon,Average,Type_A,Medium,284,Op03,B11,83112.7
PP000947,101.9,8.6,9.9,21.6,64.5,86.8,35.4,Standard,Night,Average,Type_C,Medium,113,Op09,B08,44823.8
PP000948,32.1,1.0,8.6,19.3,,71.5,30.1,Standard,Night,Average,Type_B,High,239,Op05,B11,10361.4
PP000949,111.1,4.0,11.9,23.8,40.5,97.6,36.0,Standard,Night,Average,Type_C,Low,7,Op05,B05,60991.7
PP000950,88.1,4.6,6.7,30.9,43.8,83.1,21.5,Cardstock,Afternoon,Good,Type_C,Medium,50,Op09,B07,26611.4
PP000951,109.9,11.7,11.5,,46.5,83.8,24.6,Matte,Afternoon,Average,Type_A,Medium,225,Op02,B08,59768.7
PP000952,90.5,14.2,10.5,,35.6,86.5,17.3,Cardstock,Morning,Poor,Type_A,Medium,331,Op07,B06,20110.7
PP000953,136.0,11.3,11.1,27.4,46.0,83.9,41.8,Standard,Afternoon,Good,Type_A,Low,278,Op03,B17,75643.1
PP000954,113.5,1.8,8.2,21.5,34.5,17.6,56.4,Standard,Morning,Average,Type_C,Low,284,Op10,B12,23724.4
PP000955,137.7,15.0,15.2,20.9,51.7,80.8,35.7,Standard,Morning,Good,Type_C,Medium,336,Op06,B19,102561.9
PP000956,140.0,0.9,7.9,24.8,65.9,63.1,26.6,Matte,Morning,Good,Type_B,Medium,346,Op09,B08,62808.6
PP000957,96.9,3.5,10.8,23.4,39.9,94.7,42.5,Cardstock,Afternoon,Poor,Type_C,Medium,358,Op10,B01,39873.9
PP000958,141.1,1.9,14.1,20.2,38.6,88.4,22.0,Glossy,Morning,Good,Type_A,High,238,Op08,B14,122697.7
PP000959,122.3,12.6,7.0,20.3,54.4,75.4,22.0,Standard,Afternoon,Poor,Type_B,High,9,Op05,B04,30247.1
PP000960,81.1,13.1,10.4,24.7,52.9,97.1,41.0,Glossy,Afternoon,Good,Type_A,Medium,318,Op01,B10,37386.7
PP000961,111.3,4.7,20.2,23.5,71.6,65.1,53.9,Glossy,Morning,Good,Type_B,High,284,Op10,B12,101983.0
PP000962,118.0,1.3,12.7,25.3,49.9,93.6,10.4,Matte,Morning,Average,Type_B,Low,265,Op06,B17,76824.3
PP000963,155.6,0.1,10.3,19.8,60.2,93.6,70.2,Standard,Afternoon,Good,Type_A,Low,289,Op04,B10,68733.1
PP000964,103.8,13.3,6.6,21.6,48.8,,57.9,Glossy,Morning,Good,Type_B,Medium,342,Op07,B14,28148.7
PP000965,165.3,10.3,7.9,21.5,69.0,92.7,42.2,Cardstock,Night,Average,Type_C,Low,1,Op10,B17,36551.9
PP000966,139.6,0.4,8.8,21.0,57.6,96.6,14.4,Standard,Afternoon,Good,Type_B,Medium,239,Op08,B08,74992.5
PP000967,47.3,1.5,18.5,25.8,60.7,95.4,23.9,Cardstock,Morning,Good,Type_C,Medium,114,Op03,B17,32357.1
PP000968,81.9,2.7,19.2,29.8,63.9,88.8,35.3,Matte,Night,Poor,Type_C,Medium,50,Op04,B14,51187.7
PP000969,133.8,4.0,10.5,22.4,39.8,89.4,45.4,Standard,Morning,Good,Type_A,Low,175,Op07,B19,78171.5
PP000970,68.4,8.5,5.5,21.8,53.1,82.4,38.0,Standard,Morning,Poor,Type_A,Low,232,Op10,B20,11502.8
PP000971,130.2,1.5,19.4,27.1,43.4,95.0,13.5,Matte,Morning,Good,Type_B,Medium,294,Op10,B08,144513.3
PP000972,159.2,4.5,5.0,24.6,62.4,78.2,37.8,Matte,Morning,Average,Type_C,Medium,203,Op09,B12,36564.0
PP000973,106.4,5.7,7.8,19.1,52.4,94.7,27.2,Matte,Afternoon,Average,Type_D,High,234,Op06,B09,43169.8
PP000974,160.0,8.0,7.6,30.2,51.8,49.8,27.6,Standard,Night,Good,Type_A,Medium,96,Op07,B13,46487.4
PP000975,157.4,0.1,8.7,15.0,50.8,79.1,51.1,Standard,Morning,Good,Type_B,Medium,102,Op02,B20,63384.0
PP000976,113.2,4.4,12.1,22.5,42.3,73.5,31.2,Matte,Afternoon,Good,Type_A,Medium,20,Op04,B13,71672.6
PP000977,113.9,0.1,14.6,30.2,57.4,94.7,55.6,Standard,Night,Good,Type_B,Medium,84,Op09,B19,89196.5
PP000978,120.8,2.9,11.6,23.8,51.5,98.2,32.2,Cardstock,Morning,Average,Type_A,Low,236,Op08,B07,65048.0
PP000979,129.2,4.3,6.9,29.5,59.5,76.6,24.0,Matte,Morning,Average,Type_A,Medium,73,Op09,B13,46857.3
PP000980,65.2,14.9,7.4,32.1,,91.4,59.8,Matte,Night,Average,Type_C,Medium,286,Op06,B16,13211.3
PP000981,110.4,2.9,10.7,25.1,58.5,84.2,18.1,Standard,Afternoon,Good,Type_C,Medium,230,Op09,B06,67931.7
PP000982,61.5,4.0,7.8,28.4,30.9,89.7,12.1,Standard,Morning,Good,Type_D,Medium,289,Op05,B07,24083.6
PP000983,104.0,0.6,12.7,22.4,57.3,81.9,51.9,Glossy,Afternoon,Average,Type_C,Medium,257,Op06,B16,63959.3
PP000984,108.0,6.4,8.0,22.2,48.9,97.5,75.3,Cardstock,Afternoon,Poor,Type_C,Medium,89,Op09,B16,30891.6
PP000985,56.8,5.1,11.0,22.7,49.8,86.8,23.4,Standard,Afternoon,Average,Type_A,High,162,Op03,B03,30903.0
PP000986,74.6,1.6,12.4,24.0,68.6,85.5,43.0,Standard,Night,Good,Type_A,High,314,Op06,B03,47491.6
PP000987,102.3,1.6,14.3,21.0,71.8,94.3,20.2,Matte,Afternoon,Good,Type_A,Medium,2,Op03,B18,78224.5
PP000988,180.0,5.6,13.4,18.8,43.6,99.0,26.7,Cardstock,Afternoon,Good,Type_B,High,253,Op05,B05,94181.7
PP000989,70.6,0.5,9.0,28.8,56.1,73.7,49.4,Glossy,Afternoon,Good,Type_D,High,229,Op10,B07,28589.0
PP000990,119.0,0.3,9.6,24.7,52.2,93.1,18.9,Standard,Morning,Good,Type_B,Medium,319,Op05,B17,70506.5
PP000991,86.4,5.5,11.0,30.2,59.3,76.1,23.4,Standard,Afternoon,Good,Type_B,Medium,322,Op07,B15,50516.1
PP000992,103.0,1.0,11.3,28.1,39.8,69.5,45.4,Standard,Afternoon,Good,Type_A,Medium,256,Op01,B01,60633.5
PP000993,146.5,6.2,10.5,25.6,47.2,66.8,26.8,Matte,Afternoon,Average,Type_A,Medium,336,Op06,B17,80303.1
PP000994,124.9,4.4,12.6,27.7,40.2,96.3,37.2,Matte,Morning,Average,Type_C,Low,211,Op04,B20,76773.8
PP000995,128.6,13.1,12.1,19.9,51.5,94.9,33.3,Matte,Afternoon,Poor,Type_C,High,232,Op08,B13,49812.8
PP000996,130.6,2.3,11.9,,54.4,95.3,16.5,Standard,Afternoon,Average,Type_D,Medium,191,Op09,B06,90392.3
PP000997,133.4,4.3,8.1,19.5,31.2,79.9,34.1,Matte,Afternoon,Average,Type_B,Medium,150,Op06,B17,58421.2
PP000998,45.8,3.6,15.5,,,90.6,41.4,Standard,Afternoon,Good,Type_B,High,139,Op08,B09,29195.3
PP000999,127.4,11.7,11.1,20.6,43.5,74.2,42.8,Glossy,Afternoon,Good,Type_B,Medium,157,Op03,B04,70448.4
PP001000,112.3,1.0,4.7,18.6,68.0,35.0,46.1,Standard,Morning,Good,Type_D,Low,180,Op10,B15,17978.4
PP001001,127.7,3.7,12.2,24.2,68.2,,41.9,Standard,Afternoon,Good,Type_C,High,18,Op01,B14,88588.6
PP001002,141.8,6.9,8.8,23.5,73.8,95.5,61.4,Glossy,Night,Average,Type_A,Medium,78,Op06,B13,56301.0
PP001003,128.3,2.4,6.2,25.8,60.2,91.0,42.9,Standard,Night,Good,Type_C,Medium,252,Op04,B13,43516.5
PP001004,137.1,2.1,9.4,27.1,52.4,71.3,28.9,Glossy,Morning,Average,Type_D,High,359,Op04,B05,67043.6
PP001005,77.5,8.1,6.4,23.8,41.9,93.5,58.8,Standard,Night,Good,Type_B,Low,223,Op01,B14,20564.7
PP001006,129.3,2.1,15.0,,40.7,70.1,74.7,Cardstock,Night,Good,Type_A,Low,34,Op03,B16,77886.4
PP001007,111.5,1.6,5.3,,40.0,58.8,26.5,Glossy,Afternoon,Good,Type_A,High,228,Op02,B10,30878.3
PP001008,112.2,5.4,11.5,21.0,57.3,69.0,56.8,Glossy,Morning,Good,Type_B,Medium,254,Op09,B10,65701.6
PP001009,156.6,0.2,10.6,17.5,50.2,62.4,33.9,Matte,Morning,Poor,Type_A,Medium,311,Op02,B02,68334.0
PP001010,99.4,13.5,8.9,,55.0,29.6,20.3,Glossy,Night,Good,Type_B,Medium,80,Op02,B17,25792.5
PP001011,93.7,15.0,12.8,24.4,33.2,72.8,55.1,Cardstock,Night,Good,Type_D,Medium,28,Op02,B01,38473.1
PP001012,73.0,5.8,8.3,29.9,32.2,75.1,30.2,Standard,Night,Average,Type_C,Low,195,Op04,B08,24417.7
PP001013,105.5,1.5,11.7,26.8,46.6,85.3,32.0,Standard,Afternoon,Good,Type_D,High,258,Op01,B12,71001.1
PP001014,149.3,1.5,8.1,24.7,53.6,85.6,30.1,Standard,Afternoon,Good,Type_D,Medium,162,Op08,B13,71198.9
PP001015,61.6,15.0,13.0,23.4,66.9,98.8,32.1,Glossy,Night,Good,Type_A,Medium,65,Op02,B03,28134.5
PP001016,123.0,15.0,6.7,20.5,39.3,89.7,40.8,Standard,Morning,Poor,Type_A,Medium,214,Op03,B03,24410.8
PP001017,34.0,0.6,8.7,23.8,46.9,84.8,30.7,Cardstock,Night,Good,Type_B,Medium,39,Op02,B17,10293.2
PP001018,92.9,2.4,11.6,23.4,70.3,95.2,22.1,Glossy,Morning,Good,Type_A,Medium,163,Op07,B06,56299.6
PP001019,129.0,6.5,10.3,27.0,45.4,95.7,34.6,Standard,Night,Poor,Type_D,High,362,Op07,B03,63472.1
PP001020,97.8,3.9,7.6,32.3,61.4,25.4,28.4,Cardstock,Afternoon,Good,Type_B,Low,89,Op01,B18,20896.2
PP001021,76.5,0.5,15.8,21.4,59.9,81.9,53.3,Standard,Afternoon,Good,Type_D,Medium,361,Op04,B10,59470.8
PP001022,103.2,1.6,10.4,25.7,,94.8,34.0,Cardstock,Morning,Poor,Type_A,Low,182,Op06,B02,40310.5
PP001023,146.7,4.0,11.7,28.7,39.9,98.0,26.1,Matte,Night,Average,Type_B,Low,159,Op03,B04,85563.1
PP001024,162.7,15.0,9.5,16.5,63.7,60.7,15.9,Matte,Night,Poor,Type_A,Medium,45,Op06,B16,21309.6
PP001025,163.4,3.9,10.5,23.5,44.2,92.3,36.0,Cardstock,Night,Good,Type_A,High,43,Op10,B01,86907.6
PP001026,136.8,7.1,20.6,19.7,66.2,83.3,13.3,Standard,Afternoon,Good,Type_D,High,137,Op09,B06,149153.4
PP001027,126.5,4.8,12.7,30.0,48.0,93.8,31.1,Matte,Night,Average,Type_A,Low,220,Op03,B13,75483.3
PP001028,146.5,2.2,16.1,29.4,54.2,80.5,32.4,Matte,Morning,Good,Type_A,Medium,125,Op05,B04,135788.4
PP001029,78.0,0.1,6.7,24.6,50.0,80.9,26.9,Standard,Morning,Average,Type_A,Medium,184,Op01,B08,26436.4
PP001030,84.0,2.8,9.2,20.7,62.9,79.3,63.5,Matte,Afternoon,Average,Type_B,Low,180,Op05,B17,29501.8
PP001031,156.3,4.0,9.9,28.6,54.5,94.2,59.1,Cardstock,Afternoon,Good,Type_D,Low,154,Op06,B12,60463.8
PP001032,142.4,1.6,9.9,33.1,43.9,90.9,35.6,Cardstock,Night,Good,Type_D,Medium,56,Op01,B02,71170.2
PP001033,143.0,14.6,9.4,22.3,58.3,94.8,68.4,Standard,Afternoon,Average,Type_B,Medium,41,Op10,B13,56937.5
PP001034,122.1,6.0,9.5,24.4,55.5,79.5,17.0,Matte,Night,Good,Type_B,Medium,79,Op04,B04,63501.8
PP001035,88.6,0.7,10.9,18.0,41.6,80.5,33.8,Cardstock,Morning,Good,Type_A,High,281,Op08,B03,48346.5
PP001036,80.4,7.6,8.3,28.8,38.0,10.5,26.4,Standard,Morning,Good,Type_B,Low,322,Op02,B08,13011.2
PP001037,145.0,15.0,8.6,22.7,51.2,85.0,28.8,Matte,Morning,Poor,Type_D,Medium,61,Op05,B12,36366.0
PP001038,149.7,2.4,5.7,21.4,46.1,90.5,52.2,Matte,Morning,Good,Type_B,Medium,347,Op03,B19,46644.6
PP001039,79.1,3.7,10.3,27.2,49.0,62.1,22.8,Cardstock,Afternoon,Good,Type_A,Medium,291,Op06,B08,37380.3
PP001040,91.3,2.1,12.1,,52.5,79.9,29.1,Standard,Morning,Good,Type_B,Medium,24,Op09,B08,57567.3
PP001041,111.7,0.7,8.4,19.7,71.8,94.7,19.7,Cardstock,Morning,Good,Type_B,Medium,46,Op08,B10,49238.6
PP001042,143.0,0.3,16.8,22.0,35.2,81.5,32.2,Standard,Morning,Good,Type_A,Medium,267,Op08,B13,143762.8
PP001043,104.1,7.3,9.6,15.1,48.4,75.6,34.7,Glossy,Afternoon,Good,Type_A,High,246,Op08,B05,46855.3
PP001044,87.7,1.4,8.2,19.5,54.9,89.2,30.8,Standard,Afternoon,Good,Type_D,Medium,36,Op01,B04,37303.7
PP001045,146.6,5.0,11.9,32.3,70.2,74.6,28.2,Cardstock,Afternoon,Average,Type_D,High,68,Op10,B07,74573.8
PP001046,134.1,2.9,8.5,22.0,64.5,95.1,27.8,Standard,Night,Good,Type_D,High,294,Op10,B13,66787.3
PP001047,92.8,4.9,8.5,26.1,69.7,96.5,29.8,Matte,Afternoon,Average,Type_C,Medium,82,Op10,B11,37286.8
PP001048,93.9,3.3,16.1,23.2,46.0,94.7,21.6,Glossy,Morning,Poor,Type_B,High,198,Op08,B03,66291.1
PP001049,150.5,1.7,9.7,29.3,54.1,93.4,26.7,Standard,Night,Good,Type_A,High,122,Op03,B14,87210.3
PP001050,74.0,5.4,12.9,23.4,48.2,80.0,46.2,Standard,Night,Good,Type_A,High,222,Op05,B07,45590.5
PP001051,105.6,4.9,11.3,27.3,51.2,57.5,40.3,Standard,Night,Average,Type_A,Medium,286,Op10,B14,55474.6
PP001052,129.4,0.1,7.9,32.5,22.6,31.4,14.4,Matte,Night,Average,Type_A,Low,82,Op03,B01,29687.8
PP001053,120.3,7.0,10.6,23.8,82.3,84.9,34.2,Glossy,Night,Average,Type_B,High,217,Op09,B10,58170.1
PP001054,144.7,2.9,13.1,17.5,,96.6,60.6,Glossy,Afternoon,Poor,Type_A,High,78,Op06,B07,77092.7
PP001055,60.2,8.0,12.1,22.5,25.7,90.0,16.5,Glossy,Afternoon,Average,Type_A,Medium,241,Op05,B07,28791.9
PP001056,115.6,3.0,16.0,28.7,60.6,93.9,56.3,Glossy,Night,Poor,Type_B,Medium,97,Op01,B12,77110.0
PP001057,124.6,6.1,22.9,26.2,,80.6,52.5,Standard,Morning,Good,Type_B,High,178,Op01,B17,152538.8
PP001058,125.7,7.0,8.6,30.3,57.4,95.7,37.8,Matte,Afternoon,Poor,Type_C,Low,289,Op06,B16,43257.3
PP001059,133.5,0.2,15.4,19.6,62.4,78.1,40.1,Cardstock,Afternoon,Average,Type_B,Medium,284,Op05,B19,101200.2
PP001060,77.7,0.9,7.7,19.9,43.9,94.9,15.6,Matte,Night,Good,Type_A,Low,211,Op01,B06,27690.9
PP001061,161.2,2.7,12.2,22.4,56.6,65.6,32.4,Glossy,Afternoon,Average,Type_C,Medium,132,Op05,B15,91443.7
PP001062,129.5,5.6,12.3,23.0,62.8,95.4,21.1,Standard,Night,Good,Type_C,Medium,146,Op05,B17,91326.4
PP001063,132.9,0.6,10.6,29.2,40.8,97.7,45.0,Matte,Morning,Good,Type_B,Medium,26,Op01,B06,80689.0
PP001064,96.5,3.1,10.4,31.6,35.7,74.6,22.0,Cardstock,Afternoon,Good,Type_A,Low,145,Op03,B02,41539.7
PP001065,120.8,3.1,7.7,25.1,42.6,77.5,28.1,Standard,Morning,Good,Type_A,Medium,271,Op06,B04,57436.6
PP001066,157.6,2.9,8.1,,53.1,18.9,18.9,Matte,Morning,Good,Type_C,High,120,Op03,B03,39037.7
PP001067,114.5,0.1,12.0,22.4,40.5,94.6,61.0,Standard,Afternoon,Good,Type_A,Medium,271,Op01,B07,74064.0
PP001068,121.3,0.1,7.1,22.8,55.6,95.2,47.4,Standard,Morning,Average,Type_B,Low,219,Op08,B17,43953.0
PP001069,125.1,0.5,5.8,,80.3,96.7,31.9,Glossy,Afternoon,Good,Type_C,High,241,Op05,B16,33987.1
PP001070,62.7,7.8,8.2,24.4,53.8,89.4,63.5,Matte,Morning,Poor,Type_B,Medium,100,Op06,B01,17970.4
PP001071,109.5,5.7,13.1,29.1,42.5,75.2,17.8,Standard,Night,Good,Type_B,Medium,37,Op04,B16,75966.9
PP001072,137.2,13.7,8.5,,58.8,88.5,29.6,Glossy,Morning,Poor,Type_D,Medium,173,Op05,B19,35119.2
PP001073,99.4,4.0,7.9,23.3,49.2,,24.1,Matte,Morning,Poor,Type_A,High,43,Op04,B16,32022.6
PP001074,113.7,0.6,12.1,28.9,61.6,96.3,34.9,Standard,Afternoon,Good,Type_D,Low,238,Op03,B01,69010.9
PP001075,114.0,2.2,8.6,33.5,,98.8,18.4,Matte,Morning,Good,Type_A,High,102,Op10,B20,58276.2
PP001076,64.4,0.8,10.2,21.2,52.8,,23.5,Glossy,Afternoon,Good,Type_D,Medium,183,Op03,B09,30470.6
PP001077,140.7,2.8,15.9,19.7,50.1,97.2,26.4,Matte,Afternoon,Average,Type_A,Medium,119,Op07,B07,129110.1
PP001078,71.7,1.6,19.7,27.2,43.2,70.5,27.7,Glossy,Night,Good,Type_B,Medium,310,Op10,B15,59591.3
PP001079,128.5,9.8,5.5,18.4,67.2,96.9,31.3,Matte,Night,Poor,Type_C,Medium,205,Op06,B06,24224.9
PP001080,110.7,15.0,9.7,26.2,30.0,72.3,18.9,Standard,Night,Average,Type_A,Medium,195,Op03,B09,40383.2
PP001081,104.1,0.3,7.6,19.3,53.6,87.4,31.1,Matte,Morning,Good,Type_A,Medium,328,Op09,B16,42429.4
PP001082,117.1,1.3,13.9,25.9,49.8,90.6,27.3,Standard,Night,Good,Type_D,Medium,328,Op02,B02,89752.5
PP001083,139.1,6.5,13.3,21.9,66.9,79.3,51.7,Standard,Night,Average,Type_B,High,151,Op02,B18,95964.6
PP001084,141.0,8.8,10.0,21.6,45.1,97.3,17.8,Standard,Morning,Poor,Type_D,High,105,Op03,B06,68607.1
PP001085,101.2,2.3,11.2,26.9,52.8,98.9,40.9,Standard,Night,Good,Type_B,High,29,Op03,B08,62690.4
PP001086,109.7,15.0,10.0,25.3,60.2,87.8,40.8,Cardstock,Morning,Average,Type_B,Medium,321,Op08,B17,39238.8
PP001087,87.5,0.6,10.7,22.1,45.3,95.4,30.9,Matte,Afternoon,Average,Type_D,Medium,141,Op08,B10,45321.6
PP001088,68.2,8.2,12.0,21.6,60.7,84.0,36.8,Matte,Afternoon,Good,Type_C,Medium,52,Op08,B11,40045.4
PP001089,145.4,4.6,7.4,17.1,51.4,74.4,18.7,Standard,Afternoon,Average,Type_D,High,220,Op08,B16,55610.3
PP001090,79.9,0.6,13.3,25.5,45.8,73.5,82.1,Standard,Morning,Average,Type_D,High,87,Op02,B12,47248.9
PP001091,91.5,1.6,8.8,27.4,41.4,92.8,40.5,Matte,Morning,Average,Type_B,Low,254,Op08,B05,36555.8
PP001092,127.1,10.5,10.8,31.5,,93.6,46.7,Standard,Morning,Poor,Type_A,Low,146,Op06,B05,50489.8
PP001093,71.9,7.4,11.4,21.9,80.5,93.3,39.8,Matte,Morning,Good,Type_B,Medium,362,Op05,B18,35764.7
PP001094,130.4,11.0,5.0,29.1,48.9,99.0,66.1,Glossy,Night,Average,Type_A,Medium,154,Op04,B10,25675.0
PP001095,88.0,12.0,12.3,22.8,49.6,52.4,26.0,Matte,Morning,Average,Type_C,Medium,206,Op06,B07,38895.5
PP001096,78.6,10.8,8.3,22.4,48.3,80.8,37.1,Matte,Night,Average,Type_A,Medium,248,Op08,B07,27177.6
PP001097,96.4,8.4,20.3,27.5,53.6,97.5,34.3,Standard,Morning,Average,Type_C,Medium,104,Op10,B07,83062.1
PP001098,87.8,13.5,17.8,31.1,32.7,92.2,29.4,Cardstock,Morning,Poor,Type_C,Low,352,Op05,B14,13894.9
PP001099,122.6,4.2,6.2,24.9,39.1,88.2,39.3,Standard,Afternoon,Good,Type_B,High,329,Op02,B02,42429.4
PP001100,160.4,9.4,14.0,16.5,52.0,86.8,30.2,Standard,Afternoon,Average,Type_D,High,105,Op05,B04,98538.3
PP001101,136.6,7.0,11.8,16.8,51.0,71.8,34.6,Matte,Morning,Good,Type_B,Medium,180,Op07,B14,83512.0
PP001102,129.9,5.5,8.6,35.4,56.3,77.6,18.8,Matte,Morning,Good,Type_A,High,245,Op01,B16,61504.7
PP001103,95.3,1.7,22.2,25.6,63.8,87.6,42.4,Glossy,Night,Good,Type_C,Medium,131,Op06,B07,81542.1
PP001104,107.3,1.6,8.7,36.1,51.8,87.3,27.6,Matte,Afternoon,Good,Type_A,Medium,157,Op08,B06,47778.9
PP001105,118.0,3.5,10.9,30.0,30.1,18.8,44.9,Cardstock,Morning,Good,Type_D,Medium,192,Op06,B13,33067.0
PP001106,112.6,1.6,11.1,21.4,,70.1,14.2,Standard,Morning,Good,Type_A,Medium,304,Op07,B08,70294.5
PP001107,119.0,7.7,14.4,,67.7,83.1,22.5,Standard,Afternoon,Average,Type_A,Low,89,Op08,B19,83373.3
PP001108,75.9,2.1,11.9,23.4,60.4,95.8,15.6,Matte,Afternoon,Good,Type_C,Medium,240,Op10,B19,43941.7
PP001109,170.7,8.4,12.4,20.8,42.3,68.1,15.3,Glossy,Afternoon,Good,Type_C,High,149,Op05,B02,100136.0
PP001110,71.1,0.4,12.5,25.9,74.6,83.7,41.7,Standard,Night,Good,Type_C,High,324,Op03,B08,41009.4
PP001111,109.1,0.6,7.3,20.6,50.9,73.5,18.1,Standard,Afternoon,Good,Type_A,Medium,214,Op08,B16,46436.5
PP001112,140.2,6.0,11.1,27.0,67.3,78.3,17.3,Standard,Morning,Good,Type_D,Medium,328,Op08,B20,86743.8
PP001113,89.8,1.8,5.9,28.9,61.7,86.6,58.9,Glossy,Morning,Good,Type_C,High,284,Op01,B18,25116.6
PP001114,147.2,1.7,7.5,,29.1,76.6,16.4,Standard,Morning,Good,Type_B,Medium,139,Op08,B18,66131.4
PP001115,68.4,0.2,6.8,27.2,64.8,70.1,41.1,Standard,Afternoon,Good,Type_B,Medium,284,Op07,B04,21162.2
PP001116,89.7,4.9,8.7,23.8,47.5,85.4,53.3,Glossy,Morning,Poor,Type_A,Medium,218,Op09,B08,32752.3
PP001117,38.3,2.9,8.6,28.1,51.4,66.1,33.6,Standard,Morning,Good,Type_A,Medium,8,Op09,B09,13825.8
PP001118,146.5,10.9,6.3,30.9,,93.1,20.9,Standard,Morning,Average,Type_D,Low,337,Op01,B14,39833.5
PP001119,75.2,9.4,14.6,25.4,70.7,98.0,48.3,Standard,Morning,Average,Type_B,High,47,Op10,B08,49188.5
PP001120,91.2,1.0,15.9,29.8,41.3,20.1,28.5,Cardstock,Morning,Average,Type_A,Medium,207,Op05,B07,34579.2
PP001121,137.8,7.7,9.5,29.9,78.0,43.8,26.5,Standard,Morning,Average,Type_A,Medium,125,Op10,B20,58931.5
PP001122,124.2,0.8,16.8,22.6,50.8,75.1,74.3,Standard,Night,Average,Type_B,High,24,Op08,B11,109543.2
PP001123,147.2,5.8,9.0,27.5,55.1,99.2,32.5,Standard,Night,Good,Type_A,High,359,Op02,B15,81450.4
PP001124,133.8,5.6,10.0,30.6,57.7,67.3,23.9,Standard,Night,Poor,Type_A,Low,84,Op09,B03,54975.2
PP001125,141.6,1.4,15.2,25.6,64.2,98.5,46.8,Cardstock,Afternoon,Good,Type_D,Medium,319,Op02,B17,116293.7
PP001126,97.7,10.4,9.4,21.9,32.6,98.1,31.3,Cardstock,Night,Good,Type_B,Medium,95,Op08,B15,40539.2
PP001127,110.3,12.9,13.6,17.0,65.7,96.2,36.1,Cardstock,Night,Good,Type_B,Medium,59,Op01,B04,56295.9
PP001128,136.7,2.7,22.0,26.4,31.6,98.8,43.3,Matte,Afternoon,Good,Type_B,Medium,290,Op05,B05,146990.7
PP001129,137.1,8.7,19.8,28.2,40.7,91.9,30.7,Standard,Afternoon,Good,Type_B,Medium,14,Op03,B15,143832.8
PP001130,143.3,15.0,10.8,22.1,42.6,96.6,30.6,Glossy,Night,Poor,Type_C,High,167,Op02,B11,40762.3
PP001131,88.5,2.0,8.4,26.5,68.2,99.1,18.1,Standard,Night,Good,Type_A,Low,218,Op08,B12,37429.5
PP001132,77.9,15.0,8.3,23.7,47.5,10.2,21.5,Glossy,Morning,Poor,Type_C,Medium,24,Op08,B04,1831.8
PP001133,72.8,0.6,14.8,25.1,58.7,99.9,119.4,Standard,Afternoon,Good,Type_A,Medium,12,Op07,B19,47204.2
PP001134,97.8,1.3,7.2,31.1,53.2,91.2,39.2,Matte,Afternoon,Average,Type_B,Medium,344,Op04,B10,34792.2
PP001135,109.8,0.5,15.1,17.7,40.2,55.7,56.2,Standard,Morning,Good,Type_B,Low,103,Op01,B03,74390.3
PP001136,74.8,9.9,12.1,29.0,63.3,98.2,43.8,Standard,Night,Average,Type_B,High,256,Op04,B19,38975.1
PP001137,107.1,0.5,9.5,33.8,56.1,98.3,22.4,Glossy,Night,Good,Type_C,Medium,182,Op07,B18,50956.5
PP001138,133.2,2.9,8.1,21.6,46.5,90.8,70.6,Glossy,Morning,Good,Type_A,Medium,138,Op10,B04,57784.4
PP001139,144.6,0.1,6.7,30.0,23.9,26.4,41.3,Standard,Afternoon,Good,Type_B,Medium,352,Op03,B17,38037.2
PP001140,94.2,3.1,13.7,25.8,40.6,93.1,32.8,Matte,Afternoon,Good,Type_D,Medium,141,Op02,B12,66526.5
PP001141,131.1,14.4,8.9,21.3,54.4,83.1,33.0,Standard,Night,Average,Type_B,High,184,Op04,B13,52344.9
PP001142,72.1,10.3,11.1,25.0,80.8,8.3,32.4,Glossy,Morning,Average,Type_B,Medium,200,Op06,B07,6400.5
PP001143,91.9,4.1,11.1,22.4,51.8,99.1,35.8,Cardstock,Morning,Good,Type_A,Low,3,Op02,B17,47296.0
PP001144,116.4,0.4,9.4,19.0,36.1,22.9,42.9,Standard,Morning,Good,Type_A,Medium,108,Op05,B10,40097.4
PP001145,92.3,10.3,18.2,30.9,84.2,68.9,25.5,Matte,Night,Average,Type_C,Medium,193,Op06,B17,42772.3
PP001146,88.1,10.0,11.8,26.7,58.2,90.8,10.0,Standard,Morning,Average,Type_B,High,208,Op07,B04,53335.1
PP001147,121.6,15.0,11.7,18.4,63.0,76.9,10.4,Standard,Morning,Average,Type_B,Low,212,Op01,B01,53856.2
PP001148,81.2,4.4,8.5,31.1,51.9,85.1,41.8,Cardstock,Afternoon,Average,Type_A,Low,93,Op09,B16,26346.7
PP001149,116.5,2.0,11.8,20.3,53.6,83.3,27.5,Cardstock,Morning,Good,Type_D,High,22,Op05,B10,70713.0
PP001150,109.5,7.0,9.4,,68.0,85.4,28.6,Standard,Afternoon,Good,Type_A,Medium,58,Op10,B13,55351.0
PP001151,129.2,9.0,9.4,23.5,39.6,99.2,23.8,Standard,Morning,Average,Type_A,High,274,Op08,B08,71001.4
PP001152,137.1,5.6,9.1,25.3,54.3,24.3,16.2,Standard,Morning,Good,Type_D,Medium,116,Op09,B11,51624.5
PP001153,117.2,6.2,15.7,27.4,54.4,86.2,39.3,Glossy,Morning,Good,Type_C,Medium,331,Op10,B12,96281.7
PP001154,97.0,0.3,20.3,26.0,54.1,91.0,55.5,Standard,Night,Average,Type_D,High,134,Op01,B07,91165.4
PP001155,145.2,4.6,8.6,22.4,55.2,57.1,32.4,Glossy,Afternoon,Average,Type_B,Medium,162,Op03,B20,61114.0
PP001156,119.2,2.8,12.3,23.9,40.6,80.6,34.7,Standard,Night,Good,Type_D,Medium,275,Op05,B14,76380.0
PP001157,84.7,4.7,16.9,24.9,49.2,84.4,40.1,Standard,Afternoon,Good,Type_B,Medium,199,Op10,B08,72033.1
PP001158,118.4,2.2,11.4,25.2,50.2,93.3,50.2,Glossy,Morning,Good,Type_D,High,132,Op05,B16,74761.5
PP001159,93.3,0.0,8.1,30.2,35.7,96.4,43.5,Standard,Afternoon,Good,Type_A,Low,147,Op07,B08,36194.3
PP001160,32.1,1.8,12.0,23.1,51.8,82.6,36.5,Matte,Afternoon,Good,Type_C,Medium,306,Op06,B04,15268.1
PP001161,82.2,4.8,11.6,19.9,42.2,85.8,38.0,Cardstock,Morning,Good,Type_D,Medium,181,Op02,B07,42361.2
PP001162,100.7,3.2,17.8,30.2,66.4,51.6,49.0,Glossy,Morning,Good,Type_B,High,198,Op03,B14,82294.0
PP001163,98.2,11.9,14.6,24.4,61.1,97.8,32.8,Standard,Night,Poor,Type_D,Medium,362,Op09,B11,47346.5
PP001164,63.6,9.3,10.6,25.9,53.4,93.3,31.3,Matte,Night,Good,Type_C,High,308,Op07,B12,32421.5
PP001165,101.7,11.8,12.3,21.4,64.3,86.0,31.9,Standard,Afternoon,Good,Type_B,High,42,Op08,B03,64877.4
PP001166,126.5,0.0,10.2,21.9,41.6,90.8,15.5,Glossy,Afternoon,Average,Type_C,Medium,235,Op07,B06,71504.7
PP001167,76.4,3.6,14.6,18.7,51.9,88.6,27.4,Matte,Afternoon,Good,Type_D,High,192,Op06,B20,54764.0
PP001168,121.1,3.4,12.0,23.8,55.1,83.6,30.7,Standard,Morning,Good,Type_B,High,227,Op08,B04,90801.7
PP001169,48.0,2.5,7.7,30.3,61.4,88.6,35.3,Glossy,Morning,Average,Type_B,Low,250,Op02,B11,12965.8
PP001170,129.0,3.9,6.9,23.1,52.2,77.8,50.3,Matte,Morning,Poor,Type_C,Medium,207,Op10,B10,39227.1
PP001171,94.7,9.8,10.6,22.3,,78.5,34.4,Matte,Night,Average,Type_B,Low,244,Op08,B14,38968.1
PP001172,70.0,2.5,6.7,22.9,69.4,92.7,20.9,Matte,Morning,Average,Type_A,High,166,Op01,B19,24426.3
PP001173,148.3,0.3,9.7,26.1,,,43.3,Matte,Morning,Good,Type_C,High,146,Op05,B07,88512.7
PP001174,127.7,1.0,10.0,29.5,44.6,80.5,31.8,Standard,Morning,Poor,Type_D,Medium,219,Op06,B15,61532.3
PP001175,143.2,0.3,19.5,23.5,66.7,99.7,50.4,Glossy,Afternoon,Average,Type_B,Medium,337,Op07,B04,143923.0
PP001176,122.7,1.3,17.0,30.0,61.2,75.4,41.6,Matte,Morning,Good,Type_C,High,319,Op09,B12,111805.4
PP001177,123.9,5.2,7.8,21.9,48.4,81.1,45.5,Standard,Morning,Good,Type_D,High,234,Op04,B06,54870.1
PP001178,100.5,8.2,9.0,22.7,58.0,97.7,35.5,Glossy,Morning,Good,Type_A,Medium,323,Op06,B06,48938.2
PP001179,126.3,2.2,5.4,15.0,42.7,96.7,32.7,Standard,Morning,Good,Type_A,High,333,Op09,B10,38158.1
PP001180,110.1,5.5,7.7,17.4,,64.8,80.7,Glossy,Night,Average,Type_A,Low,105,Op10,B18,26863.1
PP001181,92.3,4.1,8.2,26.4,46.0,87.0,26.4,Standard,Morning,Good,Type_B,Low,274,Op01,B15,40121.1
PP001182,106.7,7.6,12.8,,60.1,92.9,25.1,Glossy,Morning,Average,Type_A,Medium,172,Op01,B18,65874.3
PP001183,72.0,10.4,7.2,22.7,69.8,92.0,20.4,Glossy,Morning,Poor,Type_C,Low,272,Op05,B17,13629.8
PP001184,111.9,2.2,13.1,,65.7,88.7,23.9,Standard,Morning,Average,Type_A,Medium,114,Op10,B08,82935.4
PP001185,126.8,2.4,9.7,15.0,53.4,81.2,19.9,Matte,Morning,Good,Type_B,Medium,210,Op05,B19,66275.3
PP001186,116.7,0.5,12.8,20.8,51.7,,26.0,Glossy,Morning,Good,Type_A,High,351,Op05,B03,50904.8
PP001187,130.8,5.5,9.4,20.2,53.7,84.0,54.0,Cardstock,Night,Average,Type_D,Low,312,Op02,B16,50575.4
PP001188,102.8,6.1,10.4,18.5,48.3,94.0,59.2,Cardstock,Afternoon,Good,Type_B,High,160,Op06,B10,51895.3
PP001189,113.7,9.3,11.3,21.0,56.2,94.0,40.8,Standard,Morning,Poor,Type_D,Low,281,Op10,B12,46137.7
PP001190,113.6,1.8,18.1,29.3,34.8,65.3,34.1,Standard,Afternoon,Good,Type_B,Medium,20,Op03,B05,101408.2
PP001191,174.2,1.2,9.2,22.3,37.0,53.4,56.0,Standard,Afternoon,Good,Type_D,Medium,28,Op05,B03,56341.8
PP001192,71.2,5.6,5.6,17.7,51.5,76.6,31.4,Standard,Morning,Good,Type_C,High,15,Op07,B02,18711.0
PP001193,177.0,7.8,11.0,20.6,63.1,90.4,24.8,Glossy,Night,Average,Type_C,Medium,298,Op03,B16,72923.3
PP001194,89.5,8.7,10.3,24.6,54.3,89.8,25.5,Standard,Night,Good,Type_D,Medium,250,Op06,B04,47012.1
PP001195,102.0,7.4,10.5,17.8,50.5,95.4,47.1,Cardstock,Afternoon,Good,Type_B,High,238,Op07,B06,49312.9
PP001196,121.6,2.3,7.9,30.6,41.0,42.8,26.5,Standard,Afternoon,Good,Type_D,Low,346,Op10,B06,41971.6
PP001197,131.2,0.9,5.8,26.6,51.8,90.6,26.5,Cardstock,Morning,Good,Type_B,Medium,184,Op08,B02,42792.1
PP001198,111.9,2.1,12.8,29.6,52.6,73.1,42.3,Glossy,Night,Poor,Type_C,Medium,234,Op02,B01,55662.0
PP001199,119.8,3.3,13.0,28.5,54.2,88.1,15.6,Glossy,Afternoon,Average,Type_C,Medium,107,Op06,B17,80822.8
PP001200,157.0,9.2,9.9,26.0,81.9,96.4,28.1,Matte,Night,Average,Type_B,Medium,77,Op10,B17,57642.2
PP001201,180.0,4.6,9.2,29.4,36.3,,38.6,Standard,Afternoon,Good,Type_B,High,318,Op05,B05,69683.2
PP001202,125.8,5.1,9.9,27.7,36.4,65.9,37.6,Standard,Afternoon,Average,Type_C,High,364,Op07,B09,65457.3
PP001203,134.9,15.0,6.5,26.9,62.8,62.7,78.1,Standard,Afternoon,Poor,Type_D,Medium,343,Op04,B08,18219.5
PP001204,109.7,4.0,8.1,27.9,51.6,91.5,26.7,Matte,Morning,Average,Type_C,Medium,135,Op09,B13,44850.0
PP001205,165.5,5.7,7.7,17.4,55.3,56.0,42.0,Glossy,Morning,Good,Type_C,Medium,79,Op08,B01,47174.3
PP001206,109.3,9.1,7.7,26.9,44.9,98.1,41.3,Glossy,Night,Good,Type_A,Medium,156,Op03,B13,42280.7
PP001207,129.0,8.1,6.7,25.5,63.8,70.3,35.9,Matte,Night,Average,Type_D,Medium,243,Op08,B11,38447.5
PP001208,79.7,2.2,13.1,26.8,53.9,19.3,30.6,Matte,Night,Good,Type_B,Medium,234,Op10,B19,26221.6
PP001209,30.0,0.3,18.0,18.0,63.1,99.4,34.3,Matte,Night,Average,Type_D,Medium,314,Op03,B06,15673.5
PP001210,180.0,5.2,10.1,28.1,48.3,85.3,22.5,Cardstock,Night,Average,Type_C,Medium,44,Op03,B17,57928.5
PP001211,146.8,4.8,11.2,28.7,56.0,97.0,27.2,Standard,Night,Good,Type_C,High,19,Op08,B10,97250.6
PP001212,142.0,12.3,12.1,22.8,41.9,27.6,34.7,Cardstock,Morning,Average,Type_A,Low,102,Op09,B10,48123.2
PP001213,83.4,3.9,9.1,24.9,49.7,72.9,43.3,Glossy,Afternoon,Poor,Type_A,Low,62,Op01,B20,26103.0
PP001214,61.3,15.0,8.4,36.3,36.2,80.4,43.6,Matte,Morning,Poor,Type_B,Low,234,Op10,B11,4513.2
PP001215,105.4,1.4,12.6,31.2,71.0,76.2,39.3,Cardstock,Night,Average,Type_B,Low,11,Op09,B02,48005.1
PP001216,116.7,0.3,10.9,18.6,58.1,85.5,18.2,Standard,Night,Average,Type_B,High,275,Op03,B15,70758.6
PP001217,135.9,12.5,7.1,20.0,55.8,85.2,37.7,Cardstock,Night,Average,Type_D,Medium,324,Op07,B08,39096.9
PP001218,113.4,4.8,17.1,21.6,59.5,79.7,26.9,Standard,Night,Good,Type_A,High,76,Op10,B13,110961.2
PP001219,153.6,2.5,9.9,21.2,53.5,88.9,28.8,Glossy,Afternoon,Good,Type_B,High,50,Op04,B05,86652.0
PP001220,124.0,2.2,12.0,22.2,46.5,90.4,34.9,Standard,Night,Good,Type_D,Medium,159,Op10,B13,82403.4
PP001221,122.8,15.0,13.9,21.9,42.9,82.2,36.8,Glossy,Night,Average,Type_B,Medium,211,Op02,B06,63979.2
PP001222,149.8,2.1,12.5,26.6,66.9,82.5,27.6,Matte,Night,Average,Type_C,Medium,300,Op07,B16,96837.7
PP001223,91.9,0.6,7.4,,33.6,92.6,36.5,Glossy,Afternoon,Good,Type_C,Low,348,Op01,B17,30006.9
PP001224,125.2,5.7,8.2,,49.3,91.3,20.0,Standard,Afternoon,Average,Type_D,Medium,24,Op05,B02,55096.3
PP001225,95.5,1.8,10.7,22.7,49.1,79.9,32.6,Standard,Morning,Good,Type_B,Medium,157,Op10,B11,58399.1
PP001226,91.7,1.5,7.6,23.4,,83.1,24.3,Standard,Morning,Good,Type_C,High,304,Op10,B20,39982.8
PP001227,160.9,1.6,13.8,21.7,58.4,,29.2,Matte,Morning,Good,Type_B,Medium,198,Op05,B19,111966.8
PP001228,147.7,3.3,12.4,28.5,47.4,,34.9,Standard,Morning,Good,Type_A,High,36,Op08,B12,117411.2
PP001229,130.0,7.4,13.1,25.1,59.8,92.7,22.5,Matte,Night,Good,Type_A,Medium,5,Op05,B02,95056.7
PP001230,154.5,0.8,5.6,23.2,,59.6,67.2,Cardstock,Afternoon,Good,Type_C,Medium,194,Op02,B13,25251.7
PP001231,125.0,2.4,12.9,23.8,47.6,,33.7,Cardstock,Night,Good,Type_C,Low,28,Op06,B07,68055.7
PP001232,155.9,0.4,6.7,25.5,58.7,75.0,51.7,Matte,Afternoon,Average,Type_C,Medium,169,Op08,B16,48682.6
PP001233,86.4,7.6,13.0,22.5,45.2,90.8,30.9,Matte,Afternoon,Good,Type_A,Medium,197,Op09,B18,58531.1
PP001234,108.5,7.3,7.7,22.4,48.0,32.2,31.8,Matte,Morning,Good,Type_B,Medium,144,Op02,B15,35251.1
PP001235,125.3,1.9,8.3,23.5,51.0,77.5,21.0,Standard,Night,Good,Type_C,Medium,135,Op02,B11,59924.1
PP001236,81.3,2.4,15.5,25.8,69.5,64.2,70.6,Cardstock,Morning,Good,Type_A,Medium,112,Op06,B16,50252.8
PP001237,92.0,0.9,8.6,24.9,49.2,81.0,22.2,Glossy,Morning,Good,Type_D,Low,152,Op04,B12,38559.7
PP001238,74.0,0.8,11.0,20.6,57.1,97.8,21.1,Matte,Morning,Average,Type_C,Medium,231,Op04,B16,39537.3
PP001239,134.7,5.5,4.8,19.0,50.3,87.4,27.9,Matte,Morning,Good,Type_A,Medium,240,Op03,B15,36808.1
PP001240,98.6,6.3,6.3,15.5,65.2,85.2,42.0,Cardstock,Night,Average,Type_D,Low,79,Op10,B06,19023.2
PP001241,121.8,1.3,10.6,36.9,39.4,82.1,25.4,Glossy,Night,Good,Type_A,Medium,359,Op06,B04,61186.6
PP001242,129.9,4.7,9.5,26.7,49.4,97.1,26.5,Matte,Afternoon,Good,Type_D,Medium,18,Op05,B04,71953.7
PP001243,108.3,4.1,12.9,21.0,49.3,99.9,54.3,Matte,Night,Good,Type_C,Medium,219,Op08,B09,73691.6
PP001244,114.0,5.2,22.3,31.1,43.0,98.3,17.3,Matte,Morning,Average,Type_C,Medium,8,Op02,B06,111326.4
PP001245,117.7,0.0,11.9,25.6,49.5,85.4,22.5,Cardstock,Night,Average,Type_A,Medium,28,Op05,B06,67769.4
PP001246,126.8,4.2,8.4,27.9,59.8,94.0,26.0,Standard,Night,Average,Type_A,Medium,69,Op05,B13,59514.1
PP001247,155.7,0.7,6.0,25.8,73.1,76.7,28.9,Standard,Afternoon,Good,Type_B,Medium,306,Op03,B08,46193.4
PP001248,78.6,8.3,19.7,27.4,,83.9,66.8,Standard,Afternoon,Average,Type_B,Medium,344,Op06,B19,58312.1
PP001249,116.2,15.0,15.4,21.6,61.3,57.5,25.6,Standard,Afternoon,Average,Type_A,Medium,226,Op05,B15,68307.8
PP001250,75.5,0.7,13.3,28.0,38.9,61.5,24.7,Cardstock,Afternoon,Good,Type_D,Low,182,Op09,B20,36103.9
PP001251,159.1,8.1,15.5,24.0,77.7,81.5,73.2,Matte,Morning,Average,Type_D,High,266,Op06,B06,97286.9
PP001252,55.6,4.4,6.5,31.9,27.1,94.2,22.5,Standard,Afternoon,Good,Type_C,High,327,Op06,B01,16560.1
PP001253,118.6,2.2,12.4,27.7,,65.6,31.2,Glossy,Morning,Good,Type_C,Medium,103,Op05,B15,75474.8
PP001254,100.2,5.9,12.4,30.0,47.7,93.7,13.0,Standard,Morning,Good,Type_A,Medium,29,Op05,B12,70503.4
PP001255,95.2,9.0,9.3,22.9,45.0,84.9,21.0,Standard,Morning,Poor,Type_A,Medium,31,Op10,B10,35850.6
PP001256,135.9,1.2,9.0,17.5,55.4,93.1,35.6,Matte,Night,Good,Type_B,Medium,90,Op04,B09,63320.6
PP001257,130.1,3.3,8.7,26.4,31.1,96.1,20.0,Glossy,Morning,Good,Type_C,High,40,Op08,B13,69728.1
PP001258,83.1,7.4,16.2,29.1,59.3,84.0,40.8,Cardstock,Night,Good,Type_B,Medium,86,Op04,B17,55667.3
PP001259,127.9,9.6,10.8,26.2,65.8,68.0,30.4,Cardstock,Afternoon,Average,Type_C,Medium,43,Op02,B18,57966.6
PP001260,122.4,15.0,11.2,18.8,56.5,92.1,29.0,Standard,Night,Poor,Type_D,Medium,8,Op09,B19,33501.1
PP001261,89.8,0.3,13.2,18.0,82.8,73.5,41.4,Standard,Afternoon,Good,Type_C,Medium,117,Op05,B12,50386.1
PP001262,67.3,0.0,20.5,23.2,77.6,94.4,64.8,Standard,Morning,Average,Type_D,High,261,Op09,B05,55393.2
PP001263,138.2,15.0,11.9,26.6,54.3,82.8,34.5,Glossy,Morning,Average,Type_C,Medium,15,Op08,B05,66453.1
PP001264,135.2,0.9,8.1,19.9,45.6,89.1,29.9,Matte,Afternoon,Good,Type_A,Medium,314,Op10,B16,63880.5
PP001265,129.6,1.8,7.3,20.1,63.2,83.0,15.9,Standard,Night,Good,Type_A,Low,66,Op08,B18,50866.0
PP001266,96.6,0.2,9.9,23.2,59.2,98.9,17.2,Cardstock,Night,Good,Type_C,High,191,Op01,B15,48794.9
PP001267,151.4,6.0,12.0,23.2,71.2,95.6,31.3,Glossy,Morning,Good,Type_C,High,325,Op07,B17,94662.5
PP001268,180.0,0.8,7.5,28.4,64.1,85.5,50.3,Standard,Morning,Good,Type_C,Medium,198,Op09,B03,54890.1
PP001269,118.2,0.8,7.3,26.7,60.8,90.8,52.6,Standard,Night,Good,Type_D,Medium,180,Op03,B18,45710.1
PP001270,129.9,4.6,12.8,19.7,54.1,83.9,35.9,Standard,Afternoon,Good,Type_C,Medium,26,Op10,B10,93696.6
PP001271,87.3,0.1,8.5,22.5,39.0,86.1,13.0,Standard,Afternoon,Good,Type_A,Medium,205,Op05,B07,41227.2
PP001272,87.6,0.9,12.8,26.5,56.8,99.5,22.8,Glossy,Afternoon,Good,Type_A,Low,125,Op08,B15,54632.7
PP001273,168.4,0.1,7.1,15.0,44.0,74.2,31.7,Standard,Morning,Good,Type_B,Medium,304,Op04,B19,56221.5
PP001274,180.0,2.7,10.3,25.9,48.2,82.6,36.6,Standard,Night,Good,Type_B,High,176,Op03,B19,81590.2
PP001275,105.1,1.7,4.9,26.6,46.2,79.5,10.0,Matte,Morning,Good,Type_C,Medium,71,Op07,B09,30167.5
PP001276,92.2,2.2,9.9,27.3,33.7,28.3,46.3,Cardstock,Morning,Poor,Type_A,Medium,306,Op07,B04,22921.3
PP001277,83.7,7.4,16.8,29.4,46.5,91.6,50.8,Glossy,Afternoon,Good,Type_A,Low,65,Op03,B17,59699.3
PP001278,93.5,4.9,10.1,20.2,61.8,9.7,29.9,Standard,Morning,Good,Type_D,Medium,20,Op09,B19,23604.9
PP001279,114.4,0.2,9.7,29.7,38.1,85.3,13.8,Glossy,Night,Good,Type_B,High,209,Op04,B15,59289.4
PP001280,73.3,1.1,17.1,,45.7,21.1,19.5,Standard,Morning,Good,Type_A,Medium,261,Op03,B11,35068.7
PP001281,90.2,15.0,7.5,30.7,,86.4,38.8,Cardstock,Night,Poor,Type_C,High,40,Op02,B12,11020.6
PP001282,142.6,0.1,7.2,30.9,70.2,92.2,45.8,Matte,Night,Good,Type_B,Low,259,Op07,B05,49755.7
PP001283,107.3,0.4,7.2,31.8,38.6,86.4,19.0,Standard,Morning,Good,Type_C,High,204,Op10,B03,43864.6
PP001284,87.7,8.9,7.9,23.7,54.6,73.8,26.1,Cardstock,Afternoon,Poor,Type_B,High,25,Op06,B12,23172.1
PP001285,75.2,0.7,13.0,26.0,66.8,94.4,25.5,Matte,Afternoon,Good,Type_C,High,154,Op03,B11,50650.3
PP001286,146.3,6.7,18.5,23.2,37.7,60.0,48.7,Matte,Morning,Good,Type_B,Medium,102,Op01,B16,142235.3
PP001287,79.1,3.9,7.8,28.6,47.6,84.4,27.5,Matte,Night,Average,Type_D,Medium,294,Op05,B07,27925.8
PP001288,107.8,3.1,11.7,20.3,55.9,91.3,44.4,Matte,Night,Average,Type_D,Medium,41,Op09,B13,61786.7
PP001289,144.1,7.6,12.5,27.5,41.7,80.9,35.4,Matte,Morning,Poor,Type_B,Medium,146,Op10,B02,86852.5
PP001290,129.4,1.6,9.5,22.0,52.7,12.3,71.1,Standard,Night,Good,Type_C,High,298,Op06,B09,34036.1
PP001291,121.6,12.4,9.8,18.1,,77.9,25.8,Glossy,Morning,Poor,Type_C,Medium,265,Op07,B11,33307.0
PP001292,121.9,11.4,11.0,24.6,48.7,76.0,18.2,Matte,Afternoon,Average,Type_A,Medium,105,Op07,B03,65236.6
PP001293,82.2,4.6,16.2,18.7,69.8,70.0,10.8,Standard,Morning,Average,Type_A,Low,269,Op08,B15,56337.7
PP001294,89.4,10.8,11.6,21.3,38.6,89.8,21.0,Standard,Afternoon,Poor,Type_D,Medium,280,Op01,B08,34980.9
PP001295,97.6,2.2,18.1,27.6,40.4,92.2,43.0,Glossy,Afternoon,Good,Type_A,Medium,268,Op02,B04,90487.3
PP001296,30.0,5.1,13.0,33.6,53.4,72.7,31.1,Glossy,Afternoon,Poor,Type_B,Medium,121,Op08,B03,8759.4
PP001297,99.1,0.7,8.8,30.4,,86.5,38.1,Cardstock,Night,Good,Type_B,High,24,Op07,B01,40059.7
PP001298,109.2,3.1,6.9,30.5,43.7,94.8,25.3,Glossy,Afternoon,Good,Type_B,High,115,Op06,B03,41723.1
PP001299,109.7,8.0,18.0,27.4,42.6,37.0,17.3,Standard,Morning,Average,Type_B,Medium,79,Op07,B18,78442.9
PP001300,108.4,0.0,11.0,32.5,34.8,99.9,47.3,Standard,Morning,Good,Type_A,Medium,272,Op10,B07,64892.0
PP001301,118.8,0.4,10.9,21.8,77.8,69.9,36.9,Standard,Night,Good,Type_B,High,140,Op07,B16,68419.0
PP001302,120.9,2.3,10.4,23.7,29.0,96.9,39.9,Standard,Afternoon,Average,Type_A,Medium,1,Op08,B11,65985.3
PP001303,164.3,8.9,15.5,21.4,54.0,86.6,16.6,Glossy,Morning,Average,Type_C,Medium,169,Op07,B19,115500.3
PP001304,117.3,13.0,12.6,24.0,64.2,76.1,73.3,Glossy,Morning,Poor,Type_C,Medium,327,Op06,B12,36910.4
PP001305,139.6,5.0,15.8,25.4,48.8,90.7,34.1,Glossy,Afternoon,Average,Type_A,Medium,73,Op03,B05,117704.5
PP001306,93.5,0.3,16.2,25.4,50.6,60.6,26.1,Matte,Night,Good,Type_C,Low,101,Op04,B11,64082.6
PP001307,122.9,9.5,8.8,18.0,43.6,93.9,46.3,Glossy,Night,Average,Type_B,Medium,255,Op03,B12,48593.1
PP001308,121.8,7.4,20.3,21.3,55.6,73.2,51.5,Standard,Morning,Poor,Type_C,Low,4,Op04,B15,89050.8
PP001309,105.3,1.6,5.7,20.6,58.8,72.5,26.4,Standard,Night,Good,Type_B,High,255,Op05,B18,32920.3
PP001310,58.2,0.9,10.3,22.4,45.7,88.3,34.5,Matte,Night,Good,Type_D,Medium,240,Op04,B09,26644.5
PP001311,69.8,2.5,12.6,28.3,49.5,47.4,26.2,Standard,Morning,Good,Type_B,Low,187,Op01,B17,35609.2
PP001312,127.0,5.5,6.9,22.4,55.2,85.6,40.9,Standard,Afternoon,Average,Type_A,Low,261,Op01,B16,43307.5
PP001313,111.0,11.9,6.4,35.7,49.6,91.2,48.3,Standard,Night,Average,Type_A,High,163,Op06,B01,30798.1
PP001314,104.9,2.5,7.7,22.5,56.9,94.6,78.6,Cardstock,Morning,Average,Type_C,Medium,331,Op04,B07,34063.8
PP001315,91.1,15.0,7.8,21.7,59.5,72.9,33.0,Glossy,Afternoon,Poor,Type_A,Low,340,Op02,B11,11975.3
PP001316,115.6,0.9,14.3,19.4,52.3,89.9,38.0,Glossy,Afternoon,Good,Type_B,Low,218,Op05,B10,83984.9
PP001317,131.1,3.6,13.9,24.3,70.1,89.5,12.8,Glossy,Night,Good,Type_C,Medium,331,Op03,B06,95714.8
PP001318,172.1,2.4,8.5,32.1,56.8,84.3,17.6,Glossy,Morning,Good,Type_D,Medium,223,Op01,B13,69092.5
PP001319,112.5,10.7,13.7,15.8,53.6,72.9,31.3,Standard,Night,Poor,Type_D,Low,160,Op08,B17,37580.0
PP001320,107.4,11.7,10.5,20.1,57.4,97.4,79.2,Glossy,Night,Average,Type_A,Medium,299,Op09,B09,45690.9
PP001321,121.8,1.7,10.2,30.1,41.9,37.3,16.6,Cardstock,Night,Average,Type_B,Medium,86,Op03,B07,44225.4
PP001322,150.3,0.2,8.6,23.2,52.5,88.6,28.5,Matte,Night,Good,Type_C,Medium,136,Op10,B16,71562.1
PP001323,180.0,4.3,16.4,18.6,47.7,81.0,15.8,Glossy,Afternoon,Good,Type_D,High,239,Op07,B11,116398.2
PP001324,131.1,4.9,8.4,25.8,67.8,82.3,35.9,Standard,Night,Good,Type_D,High,13,Op05,B17,60851.9
PP001325,67.5,9.4,15.4,,,67.2,54.4,Standard,Night,Good,Type_A,High,279,Op09,B05,46527.0
PP001326,114.2,3.9,17.3,33.5,63.4,98.1,36.4,Standard,Morning,Good,Type_B,Medium,82,Op07,B01,104617.4
PP001327,77.2,1.0,11.1,24.3,48.9,86.2,32.7,Matte,Night,Good,Type_D,Medium,271,Op01,B01,41514.4
PP001328,82.7,6.6,10.3,20.3,60.6,91.5,41.0,Matte,Night,Average,Type_B,Low,61,Op10,B01,34220.7
PP001329,171.2,0.7,8.8,21.7,53.9,95.8,45.8,Cardstock,Night,Poor,Type_C,High,291,Op04,B10,53067.8
PP001330,102.5,4.0,12.4,24.7,42.8,83.4,41.9,Glossy,Night,Good,Type_D,Medium,28,Op03,B11,60030.0
PP001331,90.8,0.9,12.9,21.8,21.0,,55.6,Standard,Night,Good,Type_C,Low,163,Op06,B19,43219.9
PP001332,157.4,8.7,9.8,25.6,53.1,84.3,39.7,Matte,Afternoon,Average,Type_D,Medium,329,Op10,B10,71109.5
PP001333,116.2,15.0,13.2,22.7,63.9,94.3,82.8,Glossy,Night,Average,Type_D,High,181,Op05,B05,52309.9
PP001334,77.6,0.5,15.9,32.9,35.0,80.7,55.2,Standard,Afternoon,Average,Type_C,Medium,170,Op04,B12,52965.4
PP001335,115.7,3.9,7.6,23.8,44.9,94.0,58.6,Cardstock,Afternoon,Good,Type_B,Low,274,Op05,B08,39451.5
PP001336,69.3,5.3,11.6,18.9,73.6,84.7,34.5,Standard,Night,Average,Type_B,Medium,182,Op02,B17,33330.0
PP001337,86.5,10.8,13.3,16.4,69.5,94.1,16.8,Standard,Night,Average,Type_A,Low,226,Op08,B09,41262.8
PP001338,119.9,14.9,8.9,26.4,37.2,94.7,28.7,Standard,Morning,Average,Type_B,Low,255,Op02,B15,42501.8
PP001339,32.6,1.4,10.8,18.8,35.3,82.6,33.0,Matte,Afternoon,Good,Type_A,Low,107,Op07,B03,11574.1
PP001340,136.8,1.1,10.2,26.0,44.9,89.1,55.5,Cardstock,Night,Poor,Type_A,Medium,117,Op10,B03,57878.2
PP001341,122.2,14.9,7.9,24.4,49.0,94.6,25.5,Cardstock,Afternoon,Average,Type_C,Medium,11,Op05,B20,36603.6
PP001342,140.9,5.1,12.4,24.3,40.6,75.8,23.2,Matte,Morning,Average,Type_A,Low,344,Op09,B04,89205.7
PP001343,101.6,0.4,10.7,24.6,64.8,92.6,33.2,Standard,Night,Good,Type_B,Medium,294,Op03,B10,59232.5
PP001344,127.6,14.4,9.4,28.0,41.6,93.8,16.2,Glossy,Night,Good,Type_D,Medium,353,Op02,B19,53722.3
PP001345,82.7,3.7,11.9,28.4,54.5,73.5,63.6,Standard,Morning,Average,Type_B,Medium,6,Op04,B10,45194.5
PP001346,84.8,1.5,12.2,16.3,47.4,93.3,25.9,Standard,Night,Good,Type_A,High,134,Op05,B13,53134.9
PP001347,117.6,6.7,8.2,25.8,52.1,86.6,26.1,Standard,Afternoon,Good,Type_A,Medium,364,Op09,B16,57061.9
PP001348,115.2,1.6,12.4,27.1,35.2,86.6,43.3,Standard,Night,Good,Type_A,High,259,Op06,B14,81030.7
PP001349,114.0,5.8,8.4,26.6,,89.3,42.9,Matte,Morning,Average,Type_A,Medium,220,Op10,B07,48135.3
PP001350,157.5,9.5,8.6,24.8,53.0,85.3,31.5,Matte,Night,Average,Type_B,Medium,215,Op08,B19,63376.9
PP001351,105.6,0.9,10.3,21.4,41.7,88.5,30.0,Matte,Afternoon,Average,Type_C,Medium,272,Op08,B20,54051.5
PP001352,128.7,3.6,9.6,29.2,67.8,66.5,29.2,Matte,Afternoon,Good,Type_C,Medium,318,Op03,B04,65890.6
PP001353,125.3,3.6,14.2,,,74.1,14.6,Glossy,Afternoon,Good,Type_B,Medium,15,Op09,B11,101551.9
PP001354,119.4,6.2,12.4,22.2,37.9,,34.7,Cardstock,Morning,Good,Type_B,High,348,Op03,B02,77531.2
PP001355,127.6,0.6,7.0,25.0,38.4,79.5,26.9,Standard,Night,Good,Type_D,Medium,49,Op01,B14,46000.1
PP001356,59.0,9.7,12.7,17.1,62.0,94.1,25.0,Standard,Morning,Poor,Type_C,Medium,20,Op03,B01,21036.6
PP001357,96.7,0.3,6.9,20.2,46.5,72.1,30.9,Cardstock,Night,Good,Type_A,Medium,230,Op03,B05,31023.6
PP001358,149.6,3.0,9.9,20.2,36.1,90.5,34.4,Glossy,Afternoon,Good,Type_D,Low,190,Op05,B09,76199.9
PP001359,105.0,14.5,12.4,21.9,66.3,87.4,27.6,Standard,Afternoon,Average,Type_B,Medium,9,Op06,B08,53173.9
PP001360,136.7,15.0,13.9,22.9,69.6,10.2,22.2,Glossy,Afternoon,Average,Type_B,Low,222,Op05,B06,13930.3
PP001361,129.5,0.6,15.5,32.2,60.4,72.6,24.9,Matte,Night,Average,Type_D,High,260,Op06,B05,97399.8
PP001362,30.0,0.3,14.8,26.8,70.0,94.1,36.0,Cardstock,Morning,Good,Type_B,Medium,249,Op01,B13,15795.3
PP001363,72.5,2.3,7.2,26.5,58.7,,27.0,Matte,Night,Good,Type_C,Medium,84,Op08,B17,11075.9
PP001364,93.1,0.4,8.7,23.2,42.6,78.0,24.3,Standard,Morning,Good,Type_B,Medium,354,Op07,B11,47118.7
PP001365,92.6,1.1,10.0,24.4,78.7,80.2,40.7,Matte,Night,Good,Type_D,Medium,200,Op03,B07,40250.9
PP001366,100.0,1.8,8.9,27.0,65.8,93.8,58.3,Standard,Night,Good,Type_B,Medium,29,Op02,B10,45685.6
PP001367,100.6,0.0,10.6,23.1,69.8,89.8,18.9,Matte,Afternoon,Good,Type_A,Medium,128,Op05,B05,59660.7
PP001368,88.3,1.4,6.5,25.0,61.4,82.8,31.6,Matte,Night,Average,Type_D,High,279,Op08,B09,26424.4
PP001369,93.1,0.6,12.1,21.6,26.4,96.5,47.5,Cardstock,Afternoon,Average,Type_B,Low,7,Op06,B05,43995.1
PP001370,51.9,0.8,8.8,27.5,56.4,,40.5,Cardstock,Morning,Good,Type_B,Medium,34,Op06,B16,20012.6
PP001371,176.3,7.9,7.6,23.8,83.0,91.8,25.1,Glossy,Morning,Good,Type_A,Low,155,Op02,B20,22430.1
PP001372,158.7,4.2,17.3,20.8,59.7,85.6,20.8,Glossy,Morning,Average,Type_B,Medium,68,Op06,B01,132331.1
PP001373,142.3,12.9,9.8,28.6,58.1,67.9,18.3,Cardstock,Afternoon,Poor,Type_A,Low,132,Op06,B12,30579.5
PP001374,111.6,1.6,10.7,26.4,38.0,93.1,43.8,Standard,Afternoon,Good,Type_C,Medium,34,Op03,B13,64713.2
PP001375,85.1,0.0,13.2,17.7,57.7,97.5,49.6,Standard,Morning,Average,Type_B,Low,34,Op08,B02,50048.5
PP001376,180.0,4.3,19.6,17.5,57.1,89.4,88.9,Glossy,Morning,Good,Type_B,Medium,174,Op07,B02,110839.7
PP001377,84.1,1.9,13.4,15.0,54.0,91.6,36.6,Matte,Morning,Good,Type_D,Medium,35,Op06,B13,52133.5
PP001378,160.0,5.9,8.6,30.3,45.6,91.5,52.9,Standard,Night,Average,Type_B,Medium,13,Op08,B11,67551.9
PP001379,124.1,14.8,13.3,26.3,34.8,98.4,41.7,Glossy,Morning,Average,Type_B,High,94,Op07,B20,67573.2
PP001380,85.0,0.3,13.2,30.5,46.4,75.5,33.6,Cardstock,Afternoon,Good,Type_B,High,97,Op06,B13,52557.2
PP001381,88.0,8.4,20.0,23.6,44.6,81.2,33.3,Standard,Afternoon,Good,Type_D,Low,25,Op01,B16,68793.1
PP001382,100.7,15.0,8.3,28.2,62.5,93.8,33.5,Matte,Night,Poor,Type_D,Medium,242,Op01,B05,17548.2
PP001383,94.1,2.6,12.6,23.3,41.9,82.7,62.3,Cardstock,Afternoon,Good,Type_D,Low,32,Op08,B18,46863.7
PP001384,68.9,4.7,8.9,28.1,72.3,91.3,15.2,Standard,Afternoon,Average,Type_D,Medium,295,Op03,B05,27340.5
PP001385,127.7,2.3,12.8,15.0,57.5,91.0,24.2,Matte,Morning,Good,Type_B,Low,356,Op04,B17,80570.5
PP001386,84.7,2.1,13.8,24.5,66.7,87.8,31.2,Matte,Afternoon,Good,Type_D,Medium,15,Op02,B19,57913.6
PP001387,138.5,8.4,12.4,29.8,56.9,98.8,27.3,Standard,Morning,Average,Type_A,High,121,Op01,B06,99297.8
PP001388,108.4,0.1,15.0,22.7,49.0,90.5,31.5,Matte,Night,Good,Type_C,Low,254,Op01,B09,80698.0
PP001389,118.6,9.1,12.2,,59.4,80.2,40.5,Matte,Night,Average,Type_A,High,51,Op07,B05,68204.5
PP001390,117.8,0.4,10.5,18.0,47.4,97.0,19.1,Standard,Night,Good,Type_B,Medium,343,Op01,B20,71190.3
PP001391,101.7,0.7,12.4,18.5,47.9,82.7,20.7,Standard,Afternoon,Good,Type_B,High,268,Op08,B12,72230.4
PP001392,111.0,10.9,19.1,21.3,61.6,77.0,27.0,Matte,Night,Average,Type_A,Medium,194,Op09,B04,82252.1
PP001393,119.6,4.6,14.3,20.7,65.3,96.9,21.7,Standard,Afternoon,Average,Type_B,High,192,Op04,B13,95729.5
PP001394,180.0,4.8,10.6,26.9,,,45.6,Matte,Afternoon,Good,Type_C,High,343,Op06,B06,68773.5
PP001395,72.9,3.7,19.1,26.6,67.7,84.0,31.4,Matte,Night,Good,Type_B,Medium,333,Op02,B19,61692.3
PP001396,91.5,4.0,7.8,30.8,46.0,97.6,14.3,Cardstock,Morning,Good,Type_B,Low,208,Op02,B12,33104.6
PP001397,101.6,15.0,16.8,26.8,,96.3,38.9,Matte,Night,Good,Type_D,Medium,39,Op07,B01,63432.9
PP001398,73.7,2.0,13.6,21.4,45.0,90.3,28.3,Cardstock,Afternoon,Good,Type_A,Medium,116,Op08,B09,49109.1
PP001399,71.2,0.2,22.3,23.9,,83.8,25.5,Cardstock,Morning,Good,Type_B,High,180,Op10,B18,65645.5
PP001400,64.1,4.2,9.2,24.1,41.1,92.5,25.9,Standard,Night,Average,Type_D,High,2,Op02,B05,27374.7
PP001401,111.7,13.0,10.6,21.5,39.3,88.1,35.5,Matte,Afternoon,Poor,Type_D,Medium,339,Op01,B02,31461.9
PP001402,96.3,6.4,12.6,17.4,46.7,65.2,40.9,Matte,Morning,Average,Type_D,Low,152,Op03,B18,45723.5
PP001403,118.8,7.0,13.3,25.5,47.7,83.0,56.9,Standard,Night,Good,Type_B,High,216,Op06,B04,82232.7
PP001404,67.6,4.4,14.9,26.7,63.8,18.9,19.7,Cardstock,Afternoon,Average,Type_B,Medium,156,Op10,B13,17766.0
PP001405,84.8,15.0,23.9,25.7,38.9,74.7,47.0,Standard,Morning,Average,Type_A,Medium,343,Op07,B14,40534.3
PP001406,142.4,0.3,8.1,26.5,52.5,97.7,23.3,Matte,Night,Average,Type_A,Medium,122,Op10,B10,64010.8
PP001407,137.2,0.2,9.3,32.0,44.1,97.1,22.8,Standard,Night,Good,Type_B,High,87,Op08,B11,79350.8
PP001408,63.3,15.0,12.1,23.3,55.8,89.1,67.2,Matte,Morning,Average,Type_B,High,235,Op06,B13,25641.8
PP001409,139.6,12.2,9.2,30.1,54.9,9.7,28.2,Standard,Night,Good,Type_C,Low,342,Op01,B14,22490.5
PP001410,95.5,1.3,12.3,30.6,45.2,93.8,28.9,Standard,Night,Good,Type_A,Medium,297,Op04,B08,63222.9
PP001411,77.6,2.7,8.4,24.6,50.2,61.3,40.5,Standard,Morning,Good,Type_D,High,196,Op09,B19,32337.8
PP001412,136.3,0.8,5.9,31.8,42.7,71.0,54.9,Cardstock,Night,Good,Type_D,Medium,317,Op05,B10,33319.7
PP001413,141.7,0.4,7.6,22.5,60.6,75.6,15.1,Standard,Night,Poor,Type_B,Medium,365,Op05,B07,53582.9
PP001414,33.2,10.5,12.6,27.3,62.3,75.8,36.0,Standard,Afternoon,Good,Type_C,High,88,Op02,B05,15427.6
PP001415,140.4,1.8,10.0,22.1,53.2,59.8,36.9,Glossy,Night,Good,Type_A,Low,327,Op01,B06,66890.3
PP001416,96.7,15.0,4.8,29.8,63.0,88.2,23.5,Glossy,Afternoon,Good,Type_A,Medium,243,Op06,B17,19365.6
PP001417,95.8,0.1,11.8,20.8,45.0,74.6,25.9,Matte,Afternoon,Good,Type_D,Medium,135,Op08,B06,57939.9
PP001418,100.5,3.1,8.3,,45.6,71.4,29.5,Cardstock,Morning,Average,Type_A,Low,330,Op01,B20,36521.2
PP001419,146.6,0.5,12.8,24.1,31.9,83.8,36.5,Standard,Night,Good,Type_B,High,89,Op03,B19,110058.9
PP001420,152.4,3.5,17.2,26.1,39.5,76.9,41.0,Matte,Morning,Good,Type_A,High,108,Op09,B06,148317.8
PP001421,122.7,0.1,18.0,25.3,44.1,97.7,61.6,Matte,Morning,Good,Type_D,Medium,353,Op09,B11,117001.4
PP001422,136.8,0.8,5.1,23.6,48.5,96.1,44.1,Glossy,Morning,Good,Type_A,Medium,178,Op01,B13,37951.2
PP001423,179.8,12.7,12.7,24.0,47.6,,37.6,Glossy,Afternoon,Average,Type_B,High,254,Op07,B20,73357.5
PP001424,110.9,3.4,7.6,20.6,52.9,91.5,19.2,Matte,Afternoon,Good,Type_B,High,15,Op08,B11,49531.9
PP001425,79.1,12.8,7.5,21.8,59.9,94.6,31.4,Glossy,Night,Average,Type_B,Low,10,Op10,B05,19442.9
PP001426,128.2,3.3,8.6,28.1,64.3,90.1,46.5,Glossy,Morning,Good,Type_A,Medium,253,Op08,B02,61310.8
PP001427,134.0,2.3,6.3,18.8,59.2,99.4,19.6,Cardstock,Night,Good,Type_C,High,18,Op04,B04,46037.3
PP001428,106.5,1.1,8.9,28.5,50.5,82.9,18.7,Matte,Morning,Good,Type_A,Medium,142,Op06,B03,54441.7
PP001429,105.4,1.6,10.1,30.8,44.9,87.7,69.0,Standard,Night,Good,Type_B,Medium,193,Op05,B17,51956.7
PP001430,180.0,11.2,15.7,26.2,49.8,61.8,31.2,Standard,Night,Good,Type_A,High,250,Op03,B19,101420.0
PP001431,103.4,2.1,15.0,18.7,59.2,92.9,46.0,Cardstock,Afternoon,Good,Type_D,Low,174,Op05,B11,64236.5
PP001432,83.1,1.0,10.0,25.3,30.2,64.9,21.2,Standard,Night,Good,Type_B,High,365,Op02,B09,42088.8
PP001433,30.0,9.4,11.2,28.2,31.1,96.6,55.3,Cardstock,Morning,Poor,Type_B,Medium,208,Op05,B03,5837.1
PP001434,137.9,0.3,9.1,24.0,65.5,80.8,25.7,Matte,Morning,Good,Type_D,Medium,242,Op09,B08,71539.6
PP001435,152.4,2.6,20.9,23.4,68.2,93.3,47.2,Standard,Morning,Average,Type_A,Low,77,Op04,B12,132839.3
PP001436,74.4,2.4,6.8,31.2,54.0,86.3,56.7,Glossy,Afternoon,Average,Type_A,Low,285,Op02,B07,19460.4
PP001437,130.4,0.9,11.2,25.9,46.8,90.5,22.7,Standard,Night,Average,Type_D,Medium,54,Op06,B18,81728.6
PP001438,101.0,1.0,17.6,22.4,73.8,91.6,37.5,Cardstock,Afternoon,Good,Type_B,High,296,Op04,B07,88439.4
PP001439,114.0,8.3,5.0,18.6,34.9,79.4,28.4,Glossy,Night,Good,Type_B,Low,32,Op04,B03,25429.5
PP001440,93.1,0.4,20.5,20.9,56.9,94.9,98.4,Cardstock,Morning,Average,Type_D,High,72,Op01,B16,74196.2
PP001441,111.6,9.4,9.3,22.5,59.4,95.2,37.1,Standard,Morning,Poor,Type_D,Medium,305,Op05,B06,41532.2
PP001442,139.7,1.1,4.6,18.0,50.0,78.9,22.2,Cardstock,Morning,Good,Type_B,Low,297,Op01,B14,31241.9
PP001443,95.8,2.4,12.4,27.2,39.4,,31.1,Standard,Afternoon,Good,Type_B,Medium,121,Op08,B06,63852.7
PP001444,90.5,2.9,17.5,26.2,30.9,19.9,43.5,Matte,Night,Good,Type_D,Medium,12,Op01,B15,33868.6
PP001445,79.9,3.4,10.3,19.5,61.5,82.7,46.4,Matte,Afternoon,Good,Type_D,Low,120,Op07,B06,34132.1
PP001446,148.1,0.3,11.6,21.0,65.9,87.5,41.4,Standard,Morning,Good,Type_C,Medium,259,Op04,B19,101421.5
PP001447,85.6,5.0,17.9,21.4,45.8,83.8,36.3,Standard,Morning,Good,Type_C,Medium,1,Op05,B09,78891.8
PP001448,132.1,14.4,5.9,20.2,39.9,,54.9,Standard,Afternoon,Average,Type_A,Low,124,Op05,B01,30456.7
PP001449,72.5,6.2,12.0,20.2,45.7,98.8,32.6,Standard,Morning,Average,Type_C,Medium,148,Op05,B03,42907.3
PP001450,44.2,1.4,8.4,22.3,55.5,83.9,44.5,Standard,Night,Good,Type_D,Low,201,Op02,B15,13497.6
PP001451,94.3,2.9,10.3,30.4,51.1,99.4,38.5,Matte,Morning,Poor,Type_A,Medium,258,Op08,B11,44243.7
PP001452,119.7,1.2,14.2,24.5,54.2,97.6,33.5,Matte,Night,Good,Type_B,Medium,92,Op05,B15,96972.2
PP001453,146.9,1.8,16.1,21.1,68.8,92.7,37.2,Matte,Night,Average,Type_A,Medium,76,Op02,B03,130844.9
PP001454,137.7,0.4,9.3,24.4,40.7,62.3,45.2,Glossy,Night,Good,Type_D,High,135,Op09,B11,64643.9
PP001455,122.5,3.4,16.7,21.1,37.0,77.4,15.5,Standard,Afternoon,Good,Type_D,Low,241,Op08,B18,102785.8
PP001456,32.7,4.3,20.4,18.2,65.9,,30.8,Standard,Afternoon,Average,Type_C,Low,301,Op01,B16,16562.9
PP001457,127.6,1.2,19.9,20.4,39.6,84.0,50.3,Matte,Morning,Good,Type_A,Medium,278,Op07,B01,139671.3
PP001458,65.1,0.4,8.1,33.1,58.0,10.5,32.7,Cardstock,Afternoon,Good,Type_B,Medium,238,Op10,B19,8061.8
PP001459,90.0,4.2,8.3,25.3,41.4,76.0,33.4,Cardstock,Night,Good,Type_B,Medium,151,Op08,B19,34840.5
PP001460,169.4,2.7,13.6,26.4,54.8,79.1,33.8,Matte,Morning,Good,Type_B,Medium,35,Op02,B13,116576.4
PP001461,144.3,7.0,13.5,27.1,38.2,32.8,22.1,Standard,Night,Good,Type_D,Low,97,Op02,B18,69459.7
PP001462,77.9,3.3,9.6,28.3,50.0,92.7,28.1,Standard,Night,Good,Type_A,Low,44,Op01,B04,36111.2
PP001463,101.4,1.5,8.2,25.4,69.9,97.2,13.7,Glossy,Morning,Good,Type_D,High,347,Op02,B03,47682.1
PP001464,137.6,0.5,6.5,24.6,61.5,71.1,39.0,Glossy,Morning,Good,Type_A,Medium,126,Op05,B12,50653.5
PP001465,107.8,9.1,10.4,27.0,31.5,93.1,43.6,Matte,Afternoon,Average,Type_A,Medium,143,Op07,B05,53988.3
PP001466,105.6,10.3,9.0,25.2,43.0,91.0,17.0,Standard,Morning,Average,Type_C,Low,152,Op03,B07,43827.1
PP001467,76.7,0.5,9.1,33.2,49.6,72.9,29.7,Standard,Night,Good,Type_D,Low,303,Op07,B09,27189.9
PP001468,129.7,7.9,10.5,21.8,37.5,78.0,33.0,Glossy,Afternoon,Good,Type_A,Medium,45,Op02,B02,71585.6
PP001469,134.0,4.8,7.4,23.1,46.8,86.8,30.1,Matte,Afternoon,Average,Type_B,High,238,Op02,B04,57409.7
PP001470,87.2,1.6,8.7,24.4,44.8,93.7,39.1,Standard,Afternoon,Good,Type_C,Medium,155,Op08,B13,39349.4
PP001471,47.9,0.3,5.6,23.9,48.4,91.9,46.7,Standard,Afternoon,Good,Type_D,Low,7,Op05,B08,10475.7
PP001472,170.3,0.8,17.6,29.5,51.7,78.9,38.3,Matte,Afternoon,Poor,Type_B,Medium,174,Op07,B07,112923.4
PP001473,90.3,0.3,21.0,,58.5,96.3,58.2,Glossy,Morning,Average,Type_B,Medium,286,Op01,B17,74368.1
PP001474,126.0,8.5,11.0,24.1,59.6,98.3,51.3,Matte,Afternoon,Good,Type_A,Low,99,Op05,B02,74762.1
PP001475,85.5,3.4,12.8,28.1,49.6,,39.8,Standard,Afternoon,Good,Type_C,Medium,158,Op10,B07,58594.0
PP001476,89.0,6.7,13.6,21.8,45.8,92.2,31.4,Standard,Night,Good,Type_C,Medium,279,Op07,B12,61980.2
PP001477,143.3,10.2,14.4,,57.7,99.6,89.4,Cardstock,Night,Average,Type_B,Medium,299,Op02,B13,85591.5
PP001478,102.7,1.9,12.0,22.7,58.6,98.1,25.1,Cardstock,Morning,Good,Type_C,Medium,219,Op06,B19,65981.6
PP001479,137.5,4.9,7.1,32.7,39.9,99.2,36.9,Standard,Night,Average,Type_A,Medium,93,Op08,B05,49866.4
PP001480,138.2,9.4,20.0,29.1,56.1,69.5,43.0,Standard,Afternoon,Average,Type_B,Low,246,Op01,B03,106809.9
PP001481,96.5,2.3,19.8,30.2,56.9,94.8,42.1,Standard,Night,Good,Type_C,High,61,Op04,B19,92254.0
PP001482,122.3,3.3,16.3,28.9,49.5,86.9,30.3,Cardstock,Afternoon,Average,Type_A,Medium,296,Op02,B09,97723.8
PP001483,137.6,10.6,8.3,24.0,54.3,75.3,17.3,Standard,Afternoon,Poor,Type_B,High,193,Op04,B10,51494.0
PP001484,152.6,2.2,11.5,21.9,60.0,85.1,14.4,Matte,Night,Good,Type_C,High,98,Op04,B15,105249.0
PP001485,104.5,7.0,12.9,20.7,62.7,76.2,43.9,Standard,Afternoon,Good,Type_C,High,320,Op10,B14,70860.9
PP001486,113.3,0.9,10.8,28.6,43.0,95.9,22.8,Matte,Night,Good,Type_A,High,140,Op05,B05,68953.8
PP001487,83.1,0.3,21.8,21.4,56.8,95.5,71.2,Glossy,Morning,Good,Type_A,Medium,292,Op02,B14,78692.4
PP001488,138.1,9.2,7.4,26.9,42.3,98.1,36.5,Matte,Night,Average,Type_D,Medium,55,Op03,B02,49722.6
PP001489,116.4,10.8,12.3,26.7,40.3,95.2,19.8,Glossy,Night,Poor,Type_B,Medium,82,Op10,B14,51949.0
PP001490,70.6,5.4,10.8,32.7,48.9,79.4,57.9,Cardstock,Morning,Poor,Type_D,Low,52,Op06,B19,19823.4
PP001491,102.0,15.0,14.7,28.0,74.6,78.0,21.5,Standard,Afternoon,Average,Type_B,Medium,69,Op07,B12,54237.3
PP001492,109.6,1.1,9.9,21.6,46.5,85.6,41.3,Standard,Morning,Good,Type_B,Medium,78,Op03,B17,59846.4
PP001493,94.5,8.2,8.9,24.5,44.1,92.6,42.9,Cardstock,Night,Average,Type_B,Medium,12,Op09,B05,35419.2
PP001494,90.3,6.4,13.3,25.2,47.1,88.1,53.8,Matte,Morning,Average,Type_C,Low,320,Op02,B11,49440.8
PP001495,61.2,11.9,5.8,20.1,31.6,97.4,35.9,Standard,Afternoon,Poor,Type_A,High,189,Op09,B05,11176.9
PP001496,116.5,1.5,9.8,16.5,54.6,94.9,25.8,Glossy,Night,Good,Type_C,High,208,Op04,B12,59982.5
PP001497,99.8,0.9,10.0,25.3,54.4,89.4,17.9,Matte,Night,Good,Type_C,High,313,Op09,B06,55492.9
PP001498,142.6,10.1,9.0,20.7,57.9,73.0,34.5,Matte,Afternoon,Poor,Type_A,Medium,217,Op08,B10,50835.7
PP001499,110.1,8.3,13.8,21.9,51.7,95.0,18.7,Standard,Afternoon,Good,Type_A,High,74,Op10,B14,89383.5
PP001500,140.1,4.4,15.0,21.2,,87.3,29.0,Matte,Morning,Average,Type_C,High,53,Op09,B20,117987.6
PP001501,75.4,1.0,5.6,21.8,49.7,88.7,42.8,Glossy,Morning,Average,Type_C,Medium,46,Op10,B05,18195.1
PP001502,125.5,5.3,12.8,25.7,32.8,84.7,28.7,Matte,Afternoon,Good,Type_A,High,197,Op09,B11,88202.9
PP001503,136.7,9.6,11.7,25.2,49.5,93.8,34.4,Glossy,Afternoon,Poor,Type_B,Medium,209,Op09,B12,65222.3
PP001504,137.2,0.0,11.9,20.2,50.5,77.6,31.1,Glossy,Afternoon,Good,Type_D,Medium,275,Op10,B19,90603.1
PP001505,104.8,5.5,11.0,29.1,58.7,,20.7,Standard,Morning,Average,Type_A,High,104,Op05,B06,66018.9
PP001506,85.3,5.9,15.1,24.5,49.5,86.4,15.2,Standard,Morning,Poor,Type_C,Low,67,Op09,B19,49002.1
PP001507,166.8,1.3,18.8,22.1,47.4,76.1,18.3,Standard,Morning,Average,Type_B,Medium,318,Op06,B03,152547.5
PP001508,107.5,0.5,11.5,23.9,52.9,,29.9,Glossy,Night,Average,Type_D,Medium,285,Op03,B17,61607.3
PP001509,75.7,0.8,10.1,28.3,65.5,97.0,28.7,Glossy,Night,Good,Type_A,Low,335,Op10,B19,33623.9
PP001510,107.1,10.6,20.5,19.6,62.4,58.8,20.1,Standard,Night,Average,Type_C,High,272,Op06,B07,78184.7
PP001511,124.3,0.2,12.9,19.2,42.0,79.8,77.0,Standard,Night,Good,Type_C,Medium,136,Op05,B03,80548.2
PP001512,91.2,5.8,16.5,16.9,54.4,98.4,10.0,Glossy,Afternoon,Average,Type_B,High,229,Op01,B19,72430.4
PP001513,127.0,0.4,18.7,29.3,61.9,81.6,32.6,Matte,Night,Poor,Type_A,Medium,31,Op06,B20,98387.1
PP001514,142.6,1.9,10.8,26.4,48.9,87.1,18.8,Glossy,Morning,Average,Type_B,Medium,174,Op02,B12,93364.7
PP001515,112.7,5.4,13.7,20.7,37.2,97.9,45.5,Standard,Afternoon,Good,Type_A,Medium,250,Op02,B02,86334.3
PP001516,146.3,3.1,9.5,22.8,35.1,,42.8,Cardstock,Morning,Good,Type_B,Medium,149,Op01,B15,38754.0
PP001517,110.4,4.1,8.6,28.0,60.9,72.9,89.5,Standard,Night,Good,Type_C,Medium,104,Op10,B16,42880.3
PP001518,99.2,3.1,4.3,21.4,58.5,94.3,29.7,Matte,Afternoon,Good,Type_D,Medium,24,Op03,B01,21733.7
PP001519,164.7,8.0,14.1,22.9,70.5,93.8,27.7,Cardstock,Afternoon,Average,Type_C,High,315,Op10,B11,89318.6
PP001520,134.3,2.0,12.5,25.3,41.8,95.2,20.3,Cardstock,Afternoon,Good,Type_D,Medium,188,Op08,B07,92088.5
PP001521,117.7,0.9,15.1,20.5,54.8,71.7,45.5,Cardstock,Night,Average,Type_D,High,332,Op04,B19,81284.6
PP001522,57.0,3.7,11.8,29.4,50.1,87.4,38.4,Glossy,Afternoon,Good,Type_C,Low,259,Op06,B01,26882.7
PP001523,70.3,0.9,14.8,22.7,51.8,79.8,44.2,Matte,Afternoon,Good,Type_C,Medium,281,Op06,B18,48258.1
PP001524,61.1,1.1,9.0,26.3,77.2,92.4,26.9,Glossy,Morning,Poor,Type_B,High,323,Op01,B13,20540.8
PP001525,112.9,1.5,7.3,22.0,65.2,86.8,23.2,Standard,Morning,Good,Type_B,Low,247,Op06,B18,43860.0
PP001526,113.3,7.5,5.9,21.8,51.4,88.6,34.9,Standard,Night,Poor,Type_B,High,197,Op05,B16,29984.5
PP001527,127.4,3.7,11.7,30.3,58.5,70.7,31.7,Standard,Morning,Poor,Type_A,Low,13,Op06,B17,62813.5
PP001528,147.2,3.1,11.4,27.2,68.4,91.2,20.3,Matte,Morning,Good,Type_A,High,19,Op01,B05,107003.2
PP001529,65.6,12.5,13.4,27.0,66.1,99.4,47.4,Standard,Afternoon,Average,Type_A,Medium,87,Op10,B19,35357.7
PP001530,71.3,1.2,6.6,26.4,43.9,78.0,44.4,Glossy,Night,Good,Type_B,High,321,Op01,B03,21173.1
PP001531,85.0,8.3,7.2,20.7,48.7,60.2,43.0,Standard,Morning,Good,Type_B,High,349,Op04,B01,31120.8
PP001532,128.8,7.9,10.8,26.5,48.9,85.0,22.4,Standard,Morning,Good,Type_A,High,79,Op03,B06,85971.9
PP001533,123.4,10.8,21.0,24.5,55.9,57.9,27.8,Matte,Morning,Good,Type_D,Medium,268,Op05,B04,106180.4
PP001534,81.1,9.1,13.3,24.1,49.0,92.9,74.5,Glossy,Night,Average,Type_C,Medium,115,Op06,B01,40159.6
PP001535,91.8,1.0,12.3,24.1,,64.6,16.9,Cardstock,Afternoon,Average,Type_A,Medium,223,Op09,B05,50676.0
PP001536,126.3,6.8,10.0,24.7,55.7,82.1,44.5,Standard,Night,Poor,Type_B,Medium,305,Op05,B15,58025.9
PP001537,116.4,14.3,9.4,20.6,54.5,,15.0,Matte,Afternoon,Poor,Type_C,Low,326,Op09,B19,24463.1
PP001538,146.6,15.0,4.6,26.5,63.0,81.0,29.7,Glossy,Afternoon,Poor,Type_D,Medium,301,Op04,B17,16693.2
PP001539,88.3,1.7,10.2,23.1,47.8,98.5,62.4,Standard,Night,Good,Type_A,High,130,Op07,B14,45473.3
PP001540,109.8,1.9,5.6,22.7,49.3,88.6,58.0,Matte,Morning,Average,Type_B,High,241,Op08,B12,29530.2
PP001541,82.6,6.1,10.4,26.6,58.7,77.5,33.0,Cardstock,Night,Poor,Type_B,Medium,184,Op04,B15,28340.3
PP001542,150.8,7.4,10.5,25.0,52.7,82.4,30.1,Glossy,Morning,Poor,Type_C,Medium,303,Op02,B16,68877.4
PP001543,146.8,4.2,12.6,24.0,62.2,79.1,28.5,Cardstock,Morning,Average,Type_B,High,181,Op06,B11,99534.0
PP001544,129.7,0.3,9.3,28.0,89.9,82.5,30.8,Glossy,Afternoon,Good,Type_A,Medium,186,Op06,B08,55871.7
PP001545,145.3,4.8,8.4,24.8,37.9,,24.5,Glossy,Afternoon,Poor,Type_A,Medium,320,Op05,B20,55366.9
PP001546,158.2,2.4,10.9,24.0,53.2,89.6,26.6,Standard,Morning,Good,Type_A,Medium,354,Op08,B20,101830.9
PP001547,160.7,2.7,12.2,24.8,54.1,88.3,18.3,Glossy,Morning,Poor,Type_D,High,80,Op02,B04,88150.9
PP001548,168.5,5.0,9.5,25.2,51.6,70.0,57.2,Standard,Afternoon,Good,Type_C,Medium,164,Op09,B20,73730.3
PP001549,91.7,7.2,8.5,27.6,68.4,87.6,31.7,Cardstock,Morning,Average,Type_B,Low,214,Op06,B10,30791.5
PP001550,89.2,4.9,5.8,31.6,58.1,82.4,34.9,Standard,Night,Good,Type_A,Medium,189,Op06,B10,25030.5
PP001551,155.6,1.4,6.9,28.6,57.5,83.0,24.0,Standard,Afternoon,Good,Type_A,Medium,304,Op04,B15,62582.2
PP001552,101.2,13.3,11.1,28.9,41.2,80.2,40.3,Standard,Night,Good,Type_D,Medium,186,Op03,B04,50071.9
PP001553,58.5,2.7,12.9,22.3,44.3,91.1,10.6,Standard,Afternoon,Good,Type_B,Medium,165,Op03,B09,38724.1
PP001554,100.3,0.5,11.4,15.1,37.7,93.3,44.8,Matte,Morning,Good,Type_D,Medium,7,Op03,B20,53059.1
PP001555,147.3,3.9,10.6,23.6,41.9,91.8,59.7,Matte,Afternoon,Good,Type_D,High,142,Op07,B04,91971.6
PP001556,100.0,5.0,5.6,25.0,45.9,84.8,21.3,Cardstock,Night,Poor,Type_D,High,83,Op06,B01,21803.4
PP001557,139.2,4.8,13.8,26.5,55.7,63.1,19.3,Matte,Night,Average,Type_D,High,305,Op06,B07,95517.3
PP001558,124.6,2.1,13.4,25.2,44.6,89.9,48.2,Standard,Night,Average,Type_D,Low,159,Op09,B12,77940.7
PP001559,72.0,0.9,11.9,22.1,58.1,91.9,11.3,Standard,Morning,Good,Type_D,Medium,204,Op05,B02,44637.2
PP001560,129.3,4.1,9.9,31.9,45.9,92.8,43.5,Standard,Night,Good,Type_C,Medium,212,Op10,B05,67692.9
PP001561,115.2,0.7,3.7,22.0,33.1,87.8,26.4,Standard,Afternoon,Good,Type_C,High,346,Op03,B03,23195.3
PP001562,97.4,10.6,13.3,18.4,47.1,88.1,46.1,Glossy,Night,Average,Type_B,Low,274,Op06,B15,45762.3
PP001563,69.3,4.9,16.3,20.0,75.3,99.6,14.1,Glossy,Morning,Poor,Type_A,Medium,296,Op06,B07,42233.5
PP001564,166.0,15.0,10.2,27.0,45.5,92.4,32.7,Glossy,Night,Poor,Type_C,Medium,223,Op05,B07,32294.8
PP001565,85.8,0.1,8.3,31.2,41.7,89.5,22.2,Cardstock,Night,Good,Type_D,High,303,Op04,B16,32767.3
PP001566,49.9,4.3,11.7,20.8,54.1,96.5,45.1,Cardstock,Morning,Good,Type_B,Low,214,Op09,B10,22799.0
PP001567,141.5,13.4,7.4,29.8,52.1,78.6,32.2,Cardstock,Night,Good,Type_A,Medium,94,Op09,B01,46267.9
PP001568,100.7,4.3,8.8,23.3,34.4,91.8,74.6,Matte,Morning,Poor,Type_C,Medium,152,Op05,B20,35144.4
PP001569,152.8,0.1,10.9,27.4,49.5,96.1,30.4,Cardstock,Afternoon,Good,Type_C,Medium,237,Op04,B16,87516.8
PP001570,111.6,0.8,8.0,28.3,59.8,60.0,35.5,Glossy,Morning,Good,Type_C,Medium,327,Op07,B01,44115.0
PP001571,114.4,2.9,13.9,31.3,45.1,76.2,36.4,Standard,Morning,Good,Type_B,Medium,24,Op04,B17,90036.2
PP001572,133.6,11.9,6.6,23.4,,74.4,18.5,Glossy,Afternoon,Good,Type_C,Low,347,Op05,B07,39905.5
PP001573,118.6,0.0,7.8,21.9,53.6,71.5,16.1,Standard,Afternoon,Good,Type_A,High,96,Op09,B04,55697.1
PP001574,118.5,3.5,7.2,19.1,39.7,89.1,32.9,Standard,Afternoon,Good,Type_D,Medium,45,Op10,B19,44370.6
PP001575,149.5,0.3,14.0,17.7,44.7,77.3,22.1,Matte,Afternoon,Good,Type_B,Medium,194,Op05,B19,121504.2
PP001576,86.1,6.2,9.3,30.6,45.4,91.1,39.2,Standard,Morning,Good,Type_C,Medium,280,Op09,B01,40545.4
PP001577,132.7,0.5,12.8,24.7,57.2,97.7,41.2,Cardstock,Night,Average,Type_D,Medium,86,Op07,B12,81121.6
PP001578,124.1,1.6,10.5,20.3,55.6,72.2,48.5,Standard,Night,Good,Type_D,Medium,9,Op05,B15,68613.2
PP001579,63.7,11.9,16.7,17.9,56.8,74.8,28.4,Matte,Afternoon,Poor,Type_C,High,130,Op04,B03,22760.5
PP001580,150.4,15.0,7.5,16.5,51.6,90.9,31.6,Cardstock,Afternoon,Average,Type_B,Medium,66,Op10,B01,38640.5
PP001581,139.5,3.6,9.7,22.7,51.0,89.8,46.1,Standard,Morning,Good,Type_B,Medium,220,Op03,B13,82849.6
PP001582,164.1,8.5,11.6,25.9,48.3,49.9,17.5,Glossy,Afternoon,Good,Type_A,High,210,Op04,B08,79998.3
PP001583,101.1,3.1,13.8,19.5,66.1,80.5,26.5,Cardstock,Morning,Average,Type_A,Low,334,Op04,B20,58615.4
PP001584,79.9,3.1,7.3,25.4,45.9,77.7,23.7,Standard,Morning,Good,Type_B,Medium,39,Op04,B01,31387.7
PP001585,180.0,4.3,11.7,20.3,,,17.5,Matte,Afternoon,Good,Type_D,Medium,349,Op02,B12,77611.8
PP001586,82.5,0.2,7.0,17.0,51.7,91.6,14.0,Matte,Afternoon,Average,Type_A,High,54,Op03,B15,29738.3
PP001587,89.6,11.3,11.9,23.7,73.6,98.0,30.5,Standard,Afternoon,Poor,Type_C,Low,281,Op03,B08,30134.2
PP001588,132.7,4.0,6.4,28.1,70.9,97.1,28.9,Matte,Night,Average,Type_D,High,111,Op01,B05,43132.5
PP001589,101.2,1.5,9.4,18.9,56.8,92.7,41.0,Standard,Night,Good,Type_C,Medium,147,Op03,B01,49543.2
PP001590,128.2,7.2,19.0,25.0,43.3,97.9,28.5,Cardstock,Afternoon,Good,Type_A,High,364,Op03,B01,125331.4
PP001591,72.6,10.4,7.0,19.0,59.2,94.2,18.1,Matte,Night,Poor,Type_C,Low,68,Op02,B15,12992.1
PP001592,60.7,0.2,18.5,19.3,62.2,73.2,44.0,Glossy,Night,Good,Type_A,Medium,239,Op04,B18,43535.4
PP001593,97.5,1.1,7.0,23.5,54.4,94.5,54.7,Cardstock,Afternoon,Good,Type_A,Medium,174,Op01,B11,32426.5
PP001594,136.5,2.6,22.0,22.6,44.8,75.7,32.3,Standard,Afternoon,Average,Type_D,Low,225,Op08,B09,133128.8
PP001595,113.9,1.6,11.1,16.6,61.1,93.3,25.3,Matte,Night,Average,Type_C,High,136,Op04,B12,60927.7
PP001596,153.2,1.2,9.3,26.7,35.2,65.4,64.2,Cardstock,Morning,Average,Type_A,Medium,6,Op04,B16,61746.7
PP001597,106.6,1.4,8.6,25.8,70.9,68.7,35.1,Standard,Night,Average,Type_B,Low,261,Op08,B13,39436.4
PP001598,121.0,8.1,11.6,20.7,55.8,77.3,38.6,Standard,Morning,Good,Type_B,High,148,Op02,B05,79665.4
PP001599,86.0,8.1,11.4,23.2,69.4,79.0,34.2,Glossy,Afternoon,Good,Type_B,Medium,289,Op02,B03,46699.9
PP001600,68.3,0.7,20.6,32.8,63.4,64.5,41.1,Glossy,Afternoon,Good,Type_C,High,187,Op10,B03,54381.2
PP001601,76.2,13.3,20.3,24.6,,52.6,24.9,Matte,Night,Poor,Type_A,Medium,16,Op06,B07,9032.6
PP001602,89.6,5.5,10.1,18.8,31.1,,54.0,Glossy,Afternoon,Poor,Type_A,Medium,69,Op10,B06,33908.9
PP001603,177.8,1.9,8.6,20.2,53.3,,17.3,Standard,Morning,Good,Type_B,High,301,Op01,B19,14622.7
PP001604,73.9,1.7,9.4,22.5,,83.3,38.0,Standard,Afternoon,Good,Type_D,Medium,308,Op07,B12,35200.4
PP001605,86.8,3.3,10.9,30.2,43.9,87.2,17.6,Standard,Night,Good,Type_A,Medium,8,Op08,B04,50056.1
PP001606,158.8,8.4,8.7,33.7,62.6,73.4,37.9,Standard,Morning,Good,Type_D,Medium,187,Op05,B09,66415.2
PP001607,93.7,6.3,11.2,30.1,48.0,72.3,25.3,Matte,Afternoon,Average,Type_C,Medium,343,Op08,B20,46685.4
PP001608,133.8,0.5,15.3,30.9,60.7,88.2,32.7,Standard,Morning,Good,Type_D,Medium,45,Op02,B06,113825.2
PP001609,42.2,2.3,6.3,32.5,51.0,,82.4,Standard,Afternoon,Good,Type_A,Low,35,Op02,B20,7746.8
PP001610,83.9,5.6,13.1,25.0,47.2,91.1,25.2,Glossy,Night,Average,Type_D,High,154,Op01,B20,51117.9
PP001611,131.3,0.6,8.4,28.4,32.0,75.3,27.6,Cardstock,Night,Good,Type_A,Medium,252,Op05,B11,56809.3
PP001612,60.7,5.8,18.7,18.9,44.9,96.7,52.3,Matte,Afternoon,Good,Type_B,Medium,65,Op02,B09,48064.0
PP001613,120.7,2.8,11.2,19.3,50.4,84.8,64.9,Matte,Night,Good,Type_A,High,339,Op08,B16,71113.5
PP001614,116.1,7.6,7.9,22.4,61.8,96.4,23.3,Matte,Morning,Good,Type_C,High,98,Op03,B14,53246.9
PP001615,97.0,4.5,11.6,27.8,53.1,86.5,35.4,Matte,Afternoon,Good,Type_B,Low,124,Op06,B17,52629.8
PP001616,106.2,5.9,18.2,15.1,61.8,81.2,30.7,Standard,Morning,Average,Type_C,Low,151,Op03,B11,72719.4
PP001617,137.5,15.0,6.5,21.8,67.9,83.6,42.3,Standard,Morning,Poor,Type_A,Medium,166,Op05,B10,26141.4
PP001618,113.2,9.5,11.9,24.3,54.8,70.9,38.0,Cardstock,Afternoon,Average,Type_A,Medium,298,Op06,B20,57857.6
PP001619,146.3,9.6,11.5,16.9,55.9,60.5,62.6,Cardstock,Night,Poor,Type_D,Medium,244,Op09,B20,41778.3
PP001620,139.9,0.6,7.4,28.1,35.9,90.5,56.6,Standard,Afternoon,Good,Type_A,Medium,311,Op08,B16,58861.0
PP001621,164.1,10.4,13.8,,,81.7,46.4,Matte,Morning,Average,Type_A,Medium,30,Op06,B17,102981.7
PP001622,101.3,0.3,13.4,21.7,56.2,94.4,28.0,Glossy,Night,Good,Type_C,Medium,113,Op09,B20,69626.1
PP001623,120.3,5.1,16.4,20.3,43.5,77.1,67.1,Cardstock,Afternoon,Average,Type_B,High,303,Op03,B07,92755.4
PP001624,81.1,1.8,8.6,24.6,50.1,81.3,21.2,Matte,Afternoon,Good,Type_C,Medium,309,Op01,B17,34592.9
PP001625,134.7,3.9,9.6,23.9,68.7,76.8,33.1,Matte,Night,Good,Type_C,High,278,Op09,B05,70212.8
PP001626,92.1,1.0,7.1,22.8,41.7,96.1,35.6,Glossy,Night,Good,Type_B,High,285,Op01,B13,33370.8
PP001627,134.6,4.4,13.6,24.6,54.8,15.7,52.1,Matte,Night,Good,Type_B,Low,241,Op07,B04,44143.5
PP001628,105.9,13.5,7.2,21.3,52.3,93.4,67.3,Matte,Morning,Poor,Type_B,Low,100,Op08,B04,16704.1
PP001629,109.4,0.2,6.6,19.8,54.4,93.6,79.7,Glossy,Morning,Good,Type_C,Medium,354,Op10,B17,32783.6
PP001630,122.2,4.4,8.3,15.1,61.7,91.5,52.5,Standard,Afternoon,Good,Type_C,Medium,29,Op06,B03,48779.0
PP001631,91.1,0.5,9.0,25.7,75.5,61.3,38.0,Standard,Night,Good,Type_A,Medium,165,Op06,B10,37385.6
PP001632,93.4,4.9,7.5,20.4,48.9,88.6,32.0,Standard,Morning,Average,Type_B,High,264,Op04,B04,38643.3
PP001633,94.9,0.4,11.8,22.0,57.7,96.2,63.0,Matte,Morning,Average,Type_A,Medium,78,Op04,B02,56438.7
PP001634,97.5,1.4,7.3,26.6,62.0,86.7,24.9,Glossy,Night,Average,Type_B,High,239,Op10,B18,35088.3
PP001635,134.6,1.9,9.9,25.8,37.5,,31.0,Standard,Afternoon,Good,Type_D,Low,144,Op01,B08,70038.1
PP001636,102.3,7.5,18.8,26.6,38.6,95.1,67.2,Standard,Afternoon,Poor,Type_C,Medium,265,Op04,B13,72546.4
PP001637,96.3,5.9,8.9,24.1,47.0,85.2,35.2,Standard,Afternoon,Good,Type_B,Medium,184,Op03,B14,45003.4
PP001638,140.9,1.2,12.7,24.5,56.5,97.1,28.5,Cardstock,Afternoon,Good,Type_C,Medium,135,Op09,B14,101347.6
PP001639,136.7,3.0,4.7,24.1,71.4,65.8,52.2,Cardstock,Afternoon,Good,Type_C,High,3,Op03,B12,28256.6
PP001640,109.6,13.0,21.2,29.2,53.6,97.9,22.7,Standard,Night,Average,Type_C,High,8,Op04,B08,72348.6
PP001641,180.0,0.9,8.6,31.0,58.3,94.0,26.2,Matte,Afternoon,Good,Type_A,Medium,122,Op04,B01,68313.1
PP001642,81.1,1.4,10.3,27.4,61.7,99.9,37.7,Matte,Afternoon,Good,Type_A,Medium,221,Op07,B10,43132.0
PP001643,165.9,4.4,6.6,21.6,42.8,97.3,16.7,Glossy,Morning,Average,Type_C,Low,253,Op09,B16,43230.0
PP001644,122.8,2.6,8.7,26.9,60.5,29.9,27.9,Matte,Night,Good,Type_A,Medium,155,Op08,B02,44929.8
PP001645,146.6,15.0,19.6,28.3,50.0,92.7,38.2,Standard,Afternoon,Poor,Type_C,Medium,265,Op04,B03,64718.9
PP001646,104.9,1.5,10.7,17.1,46.7,83.5,11.5,Standard,Morning,Good,Type_B,Medium,58,Op04,B02,62333.4
PP001647,151.8,3.3,14.0,26.7,65.8,92.1,44.7,Standard,Morning,Average,Type_B,Low,288,Op10,B02,93891.6
PP001648,83.0,6.9,10.7,17.5,67.4,87.7,55.2,Standard,Morning,Poor,Type_C,Medium,74,Op01,B01,32735.0
PP001649,140.0,0.1,11.5,,58.4,93.4,76.8,Standard,Morning,Good,Type_B,Low,246,Op08,B02,79893.5
PP001650,122.8,7.9,9.6,21.0,51.2,64.1,24.3,Matte,Afternoon,Average,Type_A,High,7,Op03,B03,59703.4
PP001651,143.3,6.9,14.5,23.0,61.8,78.2,36.9,Matte,Night,Good,Type_B,Medium,124,Op05,B07,113537.2
PP001652,99.0,1.0,9.5,28.6,49.4,54.9,53.3,Matte,Afternoon,Average,Type_C,Medium,72,Op10,B05,41390.6
PP001653,128.0,13.3,13.3,20.6,60.3,93.9,36.4,Glossy,Morning,Good,Type_B,Medium,316,Op10,B16,86499.4
PP001654,89.5,1.6,8.7,25.0,46.7,91.1,48.8,Matte,Morning,Good,Type_B,Medium,14,Op06,B20,42021.6
PP001655,103.1,5.4,8.2,23.9,57.4,15.9,46.4,Standard,Morning,Good,Type_A,High,159,Op10,B10,28607.0
PP001656,106.6,0.9,8.9,25.3,48.8,92.8,29.3,Matte,Morning,Average,Type_D,High,3,Op03,B10,52009.4
PP001657,95.2,3.7,14.2,31.4,52.8,74.4,31.9,Matte,Morning,Good,Type_D,Medium,143,Op08,B16,67650.9
PP001658,98.8,7.3,10.9,,37.4,91.2,59.6,Glossy,Morning,Average,Type_C,Medium,305,Op03,B08,46378.4
PP001659,75.4,4.5,7.8,27.2,59.0,83.6,31.0,Matte,Night,Average,Type_D,High,82,Op10,B15,26087.4
PP001660,110.5,11.8,12.3,28.5,56.1,89.9,40.0,Matte,Night,Good,Type_D,Medium,354,Op04,B11,61678.3
PP001661,160.9,4.3,12.5,23.1,58.4,72.4,21.6,Glossy,Afternoon,Average,Type_C,Medium,224,Op06,B12,93753.7
PP001662,180.0,5.1,18.0,29.1,63.1,69.8,57.6,Matte,Night,Good,Type_D,Medium,140,Op07,B16,97981.9
PP001663,87.8,1.9,10.2,29.4,48.0,65.3,20.2,Standard,Morning,Good,Type_A,Medium,12,Op09,B11,47964.2
PP001664,90.4,2.8,7.9,28.4,52.8,85.5,55.2,Glossy,Afternoon,Average,Type_A,High,119,Op03,B04,33571.2
PP001665,125.3,6.3,7.6,27.9,66.9,39.1,42.7,Standard,Morning,Good,Type_B,High,71,Op06,B06,45752.7
PP001666,130.6,4.2,19.2,24.3,45.2,97.2,23.7,Matte,Morning,Good,Type_A,Medium,311,Op09,B19,148146.1
PP001667,73.3,2.0,7.5,30.6,48.7,87.2,31.0,Cardstock,Afternoon,Good,Type_B,Medium,3,Op07,B05,24211.8
PP001668,41.0,3.5,11.0,27.5,45.8,91.3,46.3,Glossy,Morning,Average,Type_B,Medium,279,Op02,B11,18009.0
PP001669,122.9,12.2,21.4,30.2,54.1,84.7,28.1,Matte,Morning,Average,Type_C,High,346,Op07,B12,91817.0
PP001670,157.3,2.8,6.5,28.5,76.7,90.5,31.4,Standard,Morning,Good,Type_B,Medium,268,Op01,B17,51588.8
PP001671,160.1,4.2,12.2,23.4,,87.6,27.3,Cardstock,Morning,Good,Type_D,Low,340,Op04,B04,77564.7
PP001672,114.4,0.8,8.4,22.7,43.5,88.0,23.5,Standard,Night,Good,Type_A,High,338,Op06,B04,57413.2
PP001673,159.1,3.6,14.1,25.3,,77.8,41.9,Matte,Afternoon,Good,Type_A,Medium,234,Op10,B11,117391.7
PP001674,109.3,4.8,13.6,21.1,53.8,97.5,30.1,Standard,Morning,Average,Type_C,Medium,268,Op10,B12,79722.1
PP001675,70.1,0.8,15.0,22.9,60.1,81.3,48.3,Cardstock,Afternoon,Good,Type_B,Medium,295,Op03,B06,47401.8
PP001676,110.4,2.7,7.2,19.6,53.8,89.8,29.8,Cardstock,Night,Good,Type_A,High,234,Op10,B07,41525.8
PP001677,147.8,0.7,15.9,,48.1,96.6,48.7,Standard,Night,Good,Type_C,Low,60,Op03,B08,125651.9
PP001678,118.9,1.0,7.1,27.8,49.5,97.7,27.2,Matte,Afternoon,Good,Type_B,Medium,165,Op06,B16,48617.4
PP001679,96.6,1.7,17.7,26.6,57.2,82.1,30.7,Standard,Afternoon,Good,Type_D,Medium,117,Op08,B08,88260.8
PP001680,116.4,1.3,18.8,19.3,36.7,65.2,42.8,Glossy,Morning,Good,Type_C,High,198,Op02,B19,107012.0
PP001681,125.5,4.1,11.3,22.5,56.4,93.0,36.8,Glossy,Morning,Good,Type_C,Low,169,Op07,B12,75819.7
PP001682,119.2,7.0,12.7,19.8,35.7,96.8,44.4,Standard,Afternoon,Good,Type_B,Medium,43,Op04,B05,80715.3
PP001683,124.4,9.9,8.7,15.0,54.1,88.8,13.9,Standard,Morning,Average,Type_B,High,250,Op06,B04,54942.8
PP001684,126.8,1.6,14.3,34.7,,98.2,22.5,Matte,Morning,Good,Type_D,High,257,Op05,B05,104556.6
PP001685,148.9,0.9,11.4,,37.6,67.9,16.5,Standard,Night,Average,Type_D,High,260,Op08,B14,91676.7
PP001686,119.0,2.1,8.2,21.8,53.7,67.7,22.2,Glossy,Night,Good,Type_A,Medium,360,Op03,B05,52383.6
PP001687,109.9,4.1,7.9,21.7,,86.1,53.9,Standard,Morning,Average,Type_D,Medium,180,Op09,B11,40240.6
PP001688,126.2,3.8,6.5,23.7,36.9,88.0,27.2,Matte,Afternoon,Good,Type_B,High,270,Op02,B07,48854.5
PP001689,133.7,3.2,8.0,24.9,65.2,73.8,35.7,Cardstock,Morning,Good,Type_B,Medium,2,Op05,B08,55404.1
PP001690,59.1,5.0,8.2,31.2,61.4,61.1,18.2,Standard,Afternoon,Good,Type_C,Medium,226,Op01,B01,21162.8
PP001691,151.4,0.2,13.1,29.0,,86.9,39.5,Matte,Morning,Average,Type_B,Medium,309,Op06,B17,107288.3
PP001692,169.0,0.1,12.8,20.5,66.6,99.2,16.7,Matte,Morning,Good,Type_B,High,271,Op09,B19,118152.3
PP001693,115.6,2.9,8.9,24.7,53.3,95.0,26.6,Glossy,Morning,Good,Type_B,Medium,116,Op08,B05,60059.8
PP001694,134.4,0.7,17.7,26.6,44.5,80.9,28.2,Cardstock,Afternoon,Good,Type_C,Low,273,Op09,B07,110818.6
PP001695,91.2,7.8,12.2,24.3,44.8,84.2,31.7,Matte,Morning,Average,Type_D,Low,197,Op03,B18,47709.5
PP001696,136.3,1.8,10.3,26.2,46.9,67.4,30.1,Standard,Afternoon,Average,Type_A,Medium,303,Op06,B12,78139.1
PP001697,87.6,4.6,11.1,,56.5,76.4,20.2,Standard,Afternoon,Good,Type_C,Medium,25,Op10,B16,49656.0
PP001698,120.6,4.8,7.2,21.2,74.7,27.7,64.5,Glossy,Morning,Good,Type_D,Low,364,Op07,B14,24663.3
PP001699,133.2,2.0,8.1,30.8,43.6,79.2,47.8,Matte,Night,Good,Type_C,Medium,225,Op10,B06,55731.5
PP001700,89.7,2.4,19.1,24.4,50.8,94.9,38.9,Standard,Morning,Good,Type_B,Medium,110,Op07,B11,89284.6
PP001701,79.4,7.6,21.0,16.4,62.2,90.5,14.1,Cardstock,Afternoon,Average,Type_A,Low,38,Op07,B18,47038.1
PP001702,103.8,0.2,12.3,23.2,58.2,84.8,25.5,Glossy,Night,Good,Type_D,High,224,Op10,B20,64984.3
PP001703,96.8,4.6,8.1,18.2,58.4,36.8,45.0,Glossy,Night,Poor,Type_B,High,346,Op08,B01,21706.2
PP001704,104.5,15.0,19.2,27.2,57.2,64.7,35.2,Standard,Morning,Good,Type_A,Medium,141,Op08,B17,75223.0
PP001705,79.7,11.3,7.5,28.5,35.6,98.4,48.7,Cardstock,Night,Average,Type_C,High,122,Op06,B09,20897.8
PP001706,149.5,4.3,7.5,20.2,48.6,95.2,43.6,Glossy,Afternoon,Good,Type_B,High,331,Op08,B07,67243.8
PP001707,106.2,9.4,8.6,24.1,,74.0,21.6,Matte,Night,Good,Type_C,High,135,Op04,B06,48219.2
PP001708,128.9,12.6,6.8,23.1,60.2,80.9,15.1,Glossy,Afternoon,Poor,Type_B,Low,161,Op10,B06,23166.8
PP001709,62.8,0.3,12.4,30.6,45.8,91.2,15.5,Matte,Morning,Good,Type_A,Medium,79,Op10,B10,40060.9
PP001710,96.0,5.1,9.3,25.1,31.1,87.3,34.6,Cardstock,Afternoon,Poor,Type_C,Medium,297,Op04,B08,32422.5
PP001711,165.8,8.2,12.3,28.0,56.6,97.8,26.5,Matte,Morning,Average,Type_A,Medium,35,Op04,B01,97178.6
PP001712,86.7,5.2,7.7,26.7,34.9,69.2,38.2,Standard,Night,Good,Type_A,High,14,Op09,B20,34239.0
PP001713,123.9,14.4,9.0,27.3,45.5,83.6,28.2,Glossy,Afternoon,Good,Type_C,High,31,Op09,B11,51002.4
PP001714,180.0,4.9,16.6,21.6,57.1,86.8,26.3,Standard,Afternoon,Good,Type_B,High,60,Op09,B15,131483.7
PP001715,114.7,8.5,8.0,25.7,29.0,80.1,35.5,Standard,Afternoon,Average,Type_D,Medium,297,Op08,B18,43578.8
PP001716,162.9,7.2,13.5,29.3,56.6,87.4,25.7,Cardstock,Afternoon,Good,Type_A,Medium,128,Op07,B13,105173.6
PP001717,86.1,2.0,7.6,18.9,61.0,81.4,31.6,Standard,Afternoon,Average,Type_C,Low,251,Op01,B14,28326.7
PP001718,99.5,11.7,12.6,19.6,28.9,,26.3,Glossy,Afternoon,Good,Type_C,High,249,Op10,B10,40686.1
PP001719,112.9,1.8,13.9,24.7,45.4,70.7,47.3,Cardstock,Night,Average,Type_C,High,134,Op10,B08,67675.6
PP001720,97.5,5.1,13.7,31.2,48.1,92.9,22.0,Matte,Night,Average,Type_C,High,63,Op07,B13,63280.0
PP001721,125.7,11.3,6.7,19.9,61.0,67.7,33.3,Cardstock,Afternoon,Good,Type_D,Medium,314,Op04,B20,37117.4
PP001722,57.9,12.2,8.4,24.0,47.4,87.8,47.2,Glossy,Afternoon,Poor,Type_C,Medium,107,Op06,B03,9959.6
PP001723,80.8,3.7,14.5,15.4,40.7,77.0,29.6,Standard,Afternoon,Average,Type_D,Medium,12,Op08,B13,49066.8
PP001724,156.6,1.3,11.5,28.8,56.3,96.7,36.2,Standard,Night,Good,Type_C,Medium,15,Op03,B10,95286.5
PP001725,118.6,3.8,6.7,30.6,53.7,79.5,45.0,Glossy,Night,Average,Type_C,Medium,239,Op10,B09,36902.8
PP001726,130.3,5.7,11.1,26.5,29.9,88.0,21.9,Matte,Night,Average,Type_A,Medium,241,Op05,B06,70239.7
PP001727,168.5,9.5,12.5,22.5,58.1,89.1,24.8,Standard,Afternoon,Poor,Type_A,Low,219,Op10,B14,56158.2
PP001728,58.8,8.0,10.0,28.4,46.1,89.2,28.5,Standard,Morning,Average,Type_B,High,273,Op07,B02,27934.1
PP001729,30.0,4.4,7.1,25.7,59.5,89.9,34.8,Standard,Afternoon,Average,Type_B,Medium,260,Op10,B15,8109.7
PP001730,171.3,1.0,6.6,20.1,50.7,94.0,24.9,Glossy,Morning,Good,Type_D,Medium,348,Op06,B18,56075.7
PP001731,70.8,5.2,15.7,18.6,26.8,69.6,13.8,Cardstock,Morning,Average,Type_A,Low,300,Op01,B16,36411.4
PP001732,117.2,2.5,18.5,19.4,57.0,90.2,20.5,Glossy,Morning,Good,Type_B,Medium,35,Op06,B02,119512.7
PP001733,62.5,1.1,21.4,18.2,68.0,87.9,81.0,Cardstock,Afternoon,Good,Type_B,Medium,222,Op05,B02,44520.3
PP001734,32.7,0.9,8.7,26.3,43.2,79.6,33.0,Standard,Morning,Good,Type_A,Medium,174,Op03,B05,12409.9
PP001735,111.9,0.8,17.5,28.8,62.7,77.8,48.6,Glossy,Morning,Good,Type_C,Low,132,Op08,B03,82958.5
PP001736,129.3,7.6,8.1,,55.0,94.7,32.0,Glossy,Night,Average,Type_D,High,222,Op01,B14,51512.7
PP001737,87.9,7.2,10.2,,49.8,77.9,37.4,Matte,Afternoon,Average,Type_D,Medium,261,Op08,B08,41608.0
PP001738,33.0,0.2,12.6,23.0,71.8,79.0,42.3,Standard,Night,Average,Type_D,High,103,Op03,B17,13227.1
PP001739,124.1,3.5,8.8,,34.3,89.5,30.1,Standard,Night,Average,Type_C,High,224,Op10,B15,59202.0
PP001740,175.0,15.0,12.1,21.6,50.4,73.9,21.3,Glossy,Afternoon,Average,Type_C,High,242,Op08,B01,61206.8
PP001741,58.8,3.4,13.2,28.1,44.4,61.4,24.8,Glossy,Morning,Good,Type_C,High,352,Op03,B09,33317.2
PP001742,138.6,4.8,12.7,23.9,68.7,68.4,35.5,Cardstock,Night,Average,Type_B,Medium,327,Op07,B13,79370.8
PP001743,123.0,1.2,11.4,26.0,61.8,85.9,24.6,Cardstock,Night,Good,Type_D,Low,143,Op06,B10,63188.6
PP001744,54.9,3.2,12.8,21.6,39.0,87.2,85.4,Glossy,Afternoon,Good,Type_A,High,240,Op07,B01,29381.3
PP001745,146.5,10.9,9.8,20.8,40.5,95.5,25.5,Glossy,Night,Average,Type_D,High,317,Op07,B09,71067.8
PP001746,120.1,6.0,13.7,19.4,42.3,95.8,18.4,Glossy,Night,Average,Type_B,Medium,112,Op05,B03,83197.0
PP001747,109.7,4.9,8.6,,70.4,90.5,26.2,Standard,Night,Average,Type_C,High,363,Op07,B13,47814.5
PP001748,155.0,2.0,12.8,17.9,53.1,36.0,23.0,Matte,Night,Good,Type_D,Medium,207,Op08,B15,61338.4
PP001749,115.2,14.9,5.1,27.3,24.8,92.4,24.9,Matte,Night,Good,Type_B,Medium,234,Op03,B02,24955.9
PP001750,155.2,1.8,9.9,25.8,20.6,92.3,38.0,Matte,Morning,Average,Type_C,Medium,115,Op02,B06,71920.5
PP001751,180.0,4.9,15.3,23.1,32.6,94.1,32.2,Standard,Night,Good,Type_B,Medium,138,Op06,B17,109533.0
PP001752,121.2,10.2,9.2,20.6,51.6,91.0,42.6,Glossy,Night,Average,Type_B,High,294,Op10,B20,52031.9
PP001753,128.5,0.8,13.0,,40.7,81.5,23.4,Matte,Afternoon,Average,Type_D,Medium,343,Op05,B16,81550.1
PP001754,96.2,4.1,8.6,21.7,59.1,90.1,20.7,Glossy,Morning,Poor,Type_A,Medium,178,Op05,B20,37933.4
PP001755,163.7,6.6,10.6,17.2,45.7,93.8,23.4,Cardstock,Morning,Good,Type_A,Medium,70,Op08,B02,83106.1
PP001756,75.3,14.3,16.3,26.3,54.1,80.2,73.2,Cardstock,Morning,Good,Type_C,Low,136,Op03,B18,32051.2
PP001757,98.3,1.2,9.8,25.7,44.7,89.6,51.0,Glossy,Night,Good,Type_B,Medium,64,Op04,B05,48314.7
PP001758,113.0,1.8,7.9,25.1,71.6,89.3,14.5,Standard,Night,Average,Type_B,Medium,236,Op10,B07,47140.9
PP001759,109.2,7.8,12.2,15.6,,92.1,28.5,Cardstock,Night,Good,Type_B,Medium,67,Op07,B07,54897.1
PP001760,92.2,3.9,13.5,26.9,57.0,79.8,45.5,Standard,Afternoon,Average,Type_A,Medium,199,Op09,B06,61571.6
PP001761,143.1,1.5,8.5,21.9,65.8,67.3,79.1,Glossy,Morning,Good,Type_C,High,280,Op08,B03,59588.2
PP001762,105.1,1.2,10.4,27.7,,78.4,24.1,Cardstock,Afternoon,Good,Type_C,Medium,59,Op07,B11,52637.9
PP001763,46.1,2.8,12.8,17.9,61.9,71.0,74.3,Standard,Afternoon,Good,Type_A,Low,225,Op05,B09,19725.1
PP001764,152.1,1.5,19.6,25.5,55.1,95.4,37.7,Matte,Morning,Good,Type_C,Medium,19,Op06,B14,157518.1
PP001765,170.4,1.5,10.3,25.0,49.5,65.1,40.7,Glossy,Morning,Good,Type_A,Medium,263,Op09,B12,79650.3
PP001766,97.1,1.4,9.4,27.6,67.6,92.9,85.4,Standard,Morning,Good,Type_A,Medium,110,Op09,B03,46225.6
PP001767,158.4,3.9,19.1,22.0,71.1,82.7,24.5,Standard,Night,Good,Type_C,High,361,Op05,B15,137035.5
PP001768,97.9,4.2,19.7,22.4,61.5,89.1,78.7,Standard,Afternoon,Average,Type_A,Medium,179,Op06,B02,84942.6
PP001769,83.2,4.4,14.0,16.6,57.1,91.0,15.0,Glossy,Morning,Average,Type_C,Medium,280,Op08,B18,52438.6
PP001770,85.5,1.5,8.3,15.0,50.8,90.7,22.3,Standard,Morning,Good,Type_B,High,117,Op08,B17,36631.6
PP001771,167.4,2.4,7.9,16.8,50.8,81.1,23.1,Matte,Morning,Average,Type_B,Medium,309,Op07,B12,63285.5
PP001772,158.8,4.1,5.1,29.6,57.4,99.5,12.6,Cardstock,Afternoon,Good,Type_B,High,140,Op10,B03,42700.4
PP001773,137.2,0.3,14.6,23.6,54.4,96.2,37.2,Glossy,Afternoon,Good,Type_B,Medium,79,Op03,B19,115336.1
PP001774,82.6,4.0,9.6,21.6,43.0,80.1,26.9,Cardstock,Afternoon,Average,Type_A,High,215,Op03,B01,35723.5
PP001775,140.6,7.2,9.9,21.3,58.8,95.0,16.7,Matte,Morning,Average,Type_A,Medium,41,Op08,B16,80675.0
PP001776,80.2,0.0,11.0,15.0,34.0,84.9,25.3,Matte,Morning,Good,Type_D,High,165,Op01,B11,39141.0
PP001777,135.0,2.7,7.8,23.0,50.4,93.9,30.2,Standard,Morning,Good,Type_C,High,13,Op04,B09,65046.9
PP001778,97.5,2.8,7.4,27.6,48.3,90.2,39.4,Matte,Afternoon,Average,Type_C,Medium,83,Op06,B03,35391.9
PP001779,96.8,3.8,11.1,17.7,56.4,98.3,59.1,Matte,Morning,Average,Type_B,High,165,Op05,B14,52690.9
PP001780,98.3,1.4,8.7,27.7,58.9,67.0,31.4,Standard,Morning,Good,Type_D,Low,57,Op04,B08,41081.5
PP001781,48.7,1.4,16.9,30.5,32.9,81.6,11.7,Matte,Morning,Good,Type_A,Medium,45,Op07,B04,35967.1
PP001782,58.8,4.0,11.0,23.2,73.2,79.7,42.2,Matte,Morning,Good,Type_A,Medium,271,Op06,B13,29167.0
PP001783,110.2,8.7,19.2,26.0,53.9,93.4,32.4,Standard,Morning,Average,Type_C,Medium,169,Op05,B02,93182.6
PP001784,80.6,0.9,5.8,23.8,41.6,93.8,65.4,Matte,Afternoon,Poor,Type_A,Medium,283,Op07,B07,17408.4
PP001785,141.3,7.3,20.9,31.0,55.9,85.4,22.9,Glossy,Night,Average,Type_A,Medium,165,Op03,B14,137929.8
PP001786,152.6,7.4,8.8,26.0,54.2,65.5,85.3,Glossy,Morning,Good,Type_A,Medium,76,Op02,B11,62236.5
PP001787,65.1,1.0,7.9,21.9,62.4,79.4,49.7,Matte,Morning,Good,Type_A,Low,89,Op09,B18,22749.3
PP001788,66.8,6.4,20.1,28.9,53.6,91.1,26.6,Matte,Morning,Good,Type_D,High,190,Op04,B16,62315.0
PP001789,109.6,10.2,10.6,,53.1,97.8,29.2,Matte,Afternoon,Average,Type_C,High,253,Op05,B01,56302.4
PP001790,177.2,5.6,16.0,22.0,54.7,88.0,34.9,Glossy,Night,Good,Type_C,Medium,169,Op10,B02,107861.9
PP001791,89.7,2.5,16.7,16.1,55.9,86.8,13.3,Glossy,Night,Good,Type_B,Low,241,Op04,B14,62178.0
PP001792,130.8,2.1,6.8,18.9,64.7,10.5,25.3,Glossy,Afternoon,Good,Type_D,Medium,11,Op06,B15,23463.1
PP001793,61.9,2.7,4.7,23.6,72.1,88.5,37.6,Glossy,Morning,Average,Type_A,Low,14,Op01,B19,10500.8
PP001794,85.6,2.6,13.1,15.6,55.3,,45.4,Matte,Night,Good,Type_A,Low,39,Op08,B14,26150.8
PP001795,130.1,0.7,10.2,22.6,45.9,64.4,32.5,Cardstock,Afternoon,Good,Type_B,Low,194,Op10,B06,62044.1
PP001796,106.8,3.7,6.5,24.0,58.8,76.0,33.4,Matte,Night,Good,Type_A,High,166,Op03,B19,36425.1
PP001797,130.5,15.0,7.8,22.3,45.8,82.6,41.8,Standard,Morning,Average,Type_A,High,62,Op02,B06,45967.1
PP001798,118.4,2.7,8.0,18.4,67.2,90.3,27.3,Glossy,Night,Good,Type_C,Medium,335,Op02,B14,46189.2
PP001799,113.9,0.2,5.9,27.9,44.3,72.0,27.0,Matte,Afternoon,Poor,Type_D,High,7,Op06,B04,29554.0
PP001800,113.2,7.8,8.3,23.0,38.9,52.1,29.0,Cardstock,Afternoon,Poor,Type_C,Medium,92,Op09,B15,31496.9
PP001801,158.2,1.0,8.6,24.7,20.0,99.2,51.6,Cardstock,Afternoon,Good,Type_A,High,209,Op04,B17,62458.5
PP001802,112.2,0.7,8.4,24.5,51.2,100.0,29.1,Matte,Afternoon,Good,Type_B,High,263,Op03,B19,55502.6
PP001803,141.8,2.5,3.9,16.7,,,52.0,Cardstock,Afternoon,Average,Type_B,High,216,Op09,B20,22420.2
PP001804,105.7,1.4,14.8,,44.9,60.9,81.8,Standard,Morning,Good,Type_C,Medium,50,Op08,B09,71044.2
PP001805,117.1,15.0,6.9,24.6,48.0,99.3,53.8,Matte,Night,Good,Type_D,Medium,175,Op06,B11,32533.0
PP001806,79.8,0.8,11.3,,50.3,79.0,49.5,Cardstock,Morning,Good,Type_C,High,273,Op06,B05,41159.4
PP001807,46.9,3.2,20.9,25.4,43.2,82.0,20.4,Standard,Night,Good,Type_D,High,323,Op02,B07,39100.9
PP001808,100.4,8.4,7.7,31.0,42.4,97.1,12.8,Matte,Night,Average,Type_D,Medium,305,Op01,B05,36670.2
PP001809,117.1,3.0,13.0,18.3,41.2,71.3,21.0,Cardstock,Night,Good,Type_A,High,36,Op04,B16,77834.3
PP001810,98.6,0.7,9.4,27.1,56.6,98.4,41.3,Standard,Morning,Good,Type_B,Medium,98,Op06,B04,54112.3
PP001811,131.2,2.5,9.0,27.8,82.7,94.0,23.7,Glossy,Afternoon,Good,Type_B,High,17,Op10,B13,60823.0
PP001812,88.2,15.0,14.9,18.3,43.4,80.2,22.4,Matte,Morning,Poor,Type_C,Medium,152,Op03,B15,24839.3
PP001813,69.2,2.7,13.5,28.0,56.0,92.4,28.2,Standard,Morning,Good,Type_A,Medium,335,Op09,B03,51029.6
PP001814,66.5,1.4,12.9,27.1,37.1,90.0,31.6,Matte,Afternoon,Good,Type_D,Medium,300,Op03,B06,40114.6
PP001815,134.6,0.2,17.0,18.2,46.3,85.8,24.1,Standard,Morning,Average,Type_A,Medium,314,Op02,B12,132199.7
PP001816,87.1,4.4,7.2,25.9,66.2,90.8,22.5,Standard,Afternoon,Good,Type_D,Medium,191,Op04,B09,31780.2
PP001817,113.7,2.0,7.6,31.4,34.6,92.2,21.6,Standard,Morning,Good,Type_C,High,342,Op07,B08,52188.1
PP001818,68.2,6.1,13.9,23.5,45.3,92.0,59.4,Standard,Night,Average,Type_C,Medium,17,Op04,B05,39837.0
PP001819,85.5,8.8,8.8,18.3,47.2,65.2,14.4,Matte,Morning,Good,Type_C,High,317,Op08,B11,37489.4
PP001820,112.5,8.8,7.7,19.3,68.4,96.8,32.4,Cardstock,Afternoon,Good,Type_B,Medium,127,Op05,B01,42726.9
PP001821,147.6,0.9,8.6,25.7,61.0,86.5,34.8,Standard,Night,Average,Type_C,Medium,70,Op05,B11,68795.8
PP001822,78.8,2.1,20.0,21.6,50.1,97.2,23.6,Standard,Night,Good,Type_A,Medium,99,Op02,B10,76491.8
PP001823,66.4,10.4,9.1,22.1,65.6,81.6,39.6,Glossy,Afternoon,Good,Type_B,Low,266,Op09,B15,23024.4
PP001824,112.4,4.5,7.3,17.3,45.2,97.2,36.1,Matte,Night,Good,Type_C,Medium,176,Op05,B01,39887.7
PP001825,117.6,15.0,12.4,29.8,63.2,87.3,26.3,Glossy,Morning,Poor,Type_B,Medium,148,Op07,B07,35241.0
PP001826,98.8,1.6,10.5,23.7,41.3,71.6,54.3,Glossy,Afternoon,Good,Type_B,Medium,228,Op04,B11,51126.4
PP001827,151.6,3.7,7.4,31.9,49.3,67.9,48.2,Glossy,Night,Average,Type_D,Low,162,Op05,B09,38632.3
PP001828,57.6,4.7,13.6,21.1,55.0,34.3,26.9,Glossy,Night,Average,Type_B,High,331,Op01,B18,22565.7
PP001829,86.2,11.7,9.8,21.7,42.6,86.6,65.8,Matte,Morning,Poor,Type_C,High,42,Op06,B16,26279.3
PP001830,112.5,11.8,4.8,21.7,60.3,80.9,29.0,Matte,Afternoon,Poor,Type_C,High,154,Op04,B20,18526.4
PP001831,84.4,9.3,5.3,,53.2,82.2,63.7,Cardstock,Morning,Good,Type_B,Medium,23,Op05,B17,17429.3
PP001832,123.2,1.5,5.6,19.9,52.8,99.3,46.7,Glossy,Afternoon,Good,Type_A,Medium,76,Op04,B15,37497.2
PP001833,112.6,8.7,10.8,24.9,43.6,91.9,45.8,Standard,Afternoon,Poor,Type_A,Low,63,Op09,B11,44766.7
PP001834,104.4,1.3,19.0,26.0,37.1,88.5,23.2,Standard,Morning,Good,Type_D,Medium,211,Op03,B16,103084.5
PP001835,180.0,0.2,10.3,21.8,69.9,96.6,39.3,Standard,Afternoon,Good,Type_A,Medium,123,Op04,B06,80730.3
PP001836,80.7,4.6,16.9,29.2,74.5,58.0,39.5,Glossy,Night,Poor,Type_A,High,23,Op03,B16,42332.6
PP001837,104.0,3.7,11.5,23.0,54.8,91.1,44.3,Standard,Afternoon,Good,Type_D,Low,155,Op02,B15,60898.9
PP001838,128.1,0.9,6.6,28.5,49.8,87.0,42.8,Glossy,Afternoon,Good,Type_C,Medium,47,Op05,B08,42757.4
PP001839,88.3,15.0,10.3,25.0,58.2,84.3,61.8,Standard,Morning,Average,Type_B,Low,137,Op03,B17,29950.1
PP001840,116.7,3.3,13.0,15.6,53.5,88.6,52.5,Standard,Afternoon,Good,Type_A,High,88,Op06,B17,82128.4
PP001841,139.8,3.4,15.7,29.5,50.1,98.1,51.6,Standard,Morning,Good,Type_A,Medium,125,Op05,B18,135393.7
PP001842,119.3,9.4,19.5,28.9,47.1,95.5,29.3,Matte,Afternoon,Good,Type_A,Medium,363,Op02,B16,113079.3
PP001843,136.2,2.9,7.9,24.2,47.0,66.9,43.4,Standard,Afternoon,Good,Type_A,Medium,337,Op04,B07,59686.9
PP001844,100.4,8.4,6.9,34.6,48.0,97.6,64.6,Matte,Night,Average,Type_A,High,62,Op03,B11,27895.9
PP001845,104.1,0.7,8.0,22.2,43.9,92.2,31.3,Matte,Night,Good,Type_C,Medium,205,Op06,B15,45363.1
PP001846,174.0,8.3,21.5,26.4,57.0,86.7,48.1,Standard,Morning,Average,Type_D,Medium,221,Op10,B19,125507.4
PP001847,127.6,5.5,6.2,30.9,52.6,97.8,37.4,Standard,Afternoon,Good,Type_C,Low,77,Op07,B09,38387.3
PP001848,143.4,10.6,7.2,30.8,,93.2,59.0,Standard,Afternoon,Poor,Type_C,Medium,260,Op04,B04,39838.5
PP001849,91.6,15.0,8.2,22.3,42.0,66.4,31.0,Standard,Night,Poor,Type_C,Low,263,Op04,B14,11138.5
PP001850,105.5,5.8,17.8,21.0,51.3,79.9,28.4,Standard,Afternoon,Poor,Type_D,Low,114,Op07,B14,69320.3
PP001851,149.8,9.7,12.3,21.0,35.0,82.5,30.0,Matte,Afternoon,Poor,Type_D,Low,277,Op10,B15,63090.4
PP001852,115.5,15.0,9.1,23.6,30.7,95.7,70.6,Matte,Morning,Good,Type_A,Medium,101,Op09,B16,44695.6
PP001853,72.8,4.0,11.1,20.1,62.5,85.4,62.4,Glossy,Morning,Average,Type_A,Medium,272,Op07,B13,35719.9
PP001854,83.8,1.3,16.4,20.6,62.3,86.0,24.7,Standard,Night,Average,Type_C,Low,141,Op08,B17,57042.6
PP001855,110.4,1.9,13.4,18.4,32.1,94.2,14.6,Matte,Afternoon,Good,Type_B,Medium,304,Op06,B17,82567.1
PP001856,162.8,3.7,7.3,19.5,63.6,80.8,30.2,Matte,Afternoon,Average,Type_D,Medium,310,Op05,B08,53865.9
PP001857,129.7,6.3,8.8,20.9,58.2,93.2,20.7,Cardstock,Night,Good,Type_C,Medium,128,Op06,B13,58910.7
PP001858,88.2,0.2,7.8,,40.8,89.5,36.8,Matte,Morning,Good,Type_A,Medium,98,Op07,B11,36364.4
PP001859,112.1,4.2,10.6,19.3,57.6,91.2,23.0,Standard,Afternoon,Good,Type_C,Medium,254,Op07,B13,67338.6
PP001860,114.8,1.0,17.9,19.2,46.0,89.9,34.1,Standard,Afternoon,Good,Type_B,Medium,262,Op03,B12,112716.6
PP001861,59.2,5.9,11.6,18.9,35.7,85.2,22.6,Standard,Morning,Average,Type_A,High,81,Op08,B04,32392.2
PP001862,111.7,2.4,15.9,17.3,52.8,74.7,52.1,Glossy,Morning,Average,Type_A,Low,101,Op09,B19,72917.1
PP001863,101.6,3.9,10.9,25.6,43.4,74.8,39.9,Standard,Afternoon,Good,Type_C,High,125,Op06,B03,59835.4
PP001864,108.0,7.9,9.6,21.3,59.0,88.9,83.5,Glossy,Morning,Good,Type_A,High,78,Op10,B06,50032.2
PP001865,84.2,4.6,7.2,19.0,50.1,78.6,54.4,Cardstock,Night,Good,Type_C,Medium,255,Op05,B14,24890.0
PP001866,124.8,2.5,8.2,28.6,35.7,96.9,36.6,Matte,Morning,Good,Type_B,Medium,284,Op10,B12,58268.2
PP001867,99.6,1.4,5.2,23.5,63.7,70.6,44.0,Cardstock,Morning,Good,Type_B,High,59,Op07,B11,23649.4
PP001868,88.1,9.2,7.2,22.1,44.1,30.5,43.0,Standard,Night,Good,Type_B,High,163,Op05,B01,23402.0
PP001869,172.1,3.4,7.4,24.6,49.6,89.7,52.7,Standard,Morning,Good,Type_C,Medium,168,Op06,B20,60822.4
PP001870,100.9,0.5,6.9,27.4,49.6,93.8,83.6,Cardstock,Morning,Good,Type_D,Medium,306,Op02,B20,29327.3
PP001871,69.1,4.6,15.3,19.9,55.5,90.2,29.2,Standard,Night,Average,Type_B,Low,251,Op02,B05,41711.8
PP001872,151.9,0.9,13.6,28.7,65.7,95.1,46.1,Cardstock,Night,Good,Type_D,High,299,Op02,B15,101370.4
PP001873,158.0,1.7,9.6,31.9,34.8,90.6,24.1,Matte,Morning,Good,Type_C,Medium,270,Op04,B18,81841.2
PP001874,82.0,3.2,10.4,23.9,57.0,77.2,34.5,Standard,Morning,Good,Type_C,High,167,Op09,B13,45185.8
PP001875,99.0,10.6,20.2,29.6,49.2,91.7,29.2,Matte,Afternoon,Average,Type_A,High,103,Op08,B06,82223.5
PP001876,107.1,2.3,6.4,31.7,60.9,57.5,30.3,Matte,Afternoon,Good,Type_A,Medium,22,Op09,B09,33744.5
PP001877,99.9,8.1,23.7,24.9,43.1,93.3,17.4,Glossy,Afternoon,Average,Type_C,Medium,337,Op08,B18,82189.8
PP001878,68.4,4.1,8.2,26.4,37.8,82.2,14.5,Standard,Night,Average,Type_B,Medium,98,Op02,B11,25673.1
PP001879,78.2,7.7,5.6,19.9,50.8,69.3,46.3,Glossy,Night,Good,Type_B,High,223,Op05,B15,18293.2
PP001880,180.0,5.1,20.6,21.2,51.4,90.1,37.4,Matte,Morning,Average,Type_C,High,167,Op02,B12,136930.1
PP001881,93.2,4.0,17.0,27.5,76.2,72.0,23.6,Cardstock,Afternoon,Poor,Type_D,Medium,92,Op07,B19,47227.4
PP001882,95.6,2.3,11.7,,38.8,79.2,39.0,Glossy,Night,Average,Type_D,Medium,46,Op08,B20,48006.1
PP001883,137.4,5.6,8.0,23.5,20.6,94.5,75.0,Standard,Afternoon,Average,Type_A,Medium,210,Op05,B17,50935.3
PP001884,97.2,3.7,6.6,29.0,33.2,90.7,31.0,Glossy,Night,Average,Type_D,Medium,41,Op10,B05,28965.4
PP001885,91.1,2.4,8.8,23.9,64.6,64.3,57.4,Glossy,Night,Average,Type_A,High,349,Op01,B19,35308.4
PP001886,79.0,15.0,9.0,25.7,39.3,90.3,33.6,Glossy,Night,Average,Type_C,Low,116,Op01,B02,19177.7
PP001887,129.5,15.0,6.7,30.1,27.3,81.2,21.7,Glossy,Night,Poor,Type_D,Low,8,Op09,B02,13165.0
PP001888,119.0,4.4,7.3,32.1,49.6,77.2,62.9,Standard,Morning,Good,Type_C,Low,111,Op02,B06,39064.4
PP001889,148.3,2.8,8.3,26.2,62.1,73.2,28.3,Standard,Afternoon,Good,Type_C,Medium,319,Op07,B06,70444.0
PP001890,98.8,5.1,10.0,29.1,74.9,85.7,22.2,Standard,Night,Poor,Type_D,Low,309,Op06,B05,33295.2
PP001891,154.1,0.7,8.2,25.1,61.5,98.1,40.6,Matte,Afternoon,Average,Type_C,High,179,Op02,B03,67618.0
PP001892,117.3,2.1,7.1,,49.5,86.0,14.7,Cardstock,Afternoon,Good,Type_D,Medium,350,Op03,B02,39918.8
PP001893,95.5,2.7,7.8,28.6,63.9,80.1,42.5,Matte,Morning,Good,Type_A,High,329,Op10,B20,40439.6
PP001894,127.1,8.7,9.4,23.2,64.1,91.3,12.2,Glossy,Afternoon,Good,Type_A,Medium,281,Op10,B10,65846.0
PP001895,123.6,15.0,13.4,23.0,61.3,78.8,36.0,Standard,Afternoon,Poor,Type_B,High,292,Op01,B06,48722.0
PP001896,121.3,14.1,8.4,17.4,81.4,97.7,63.8,Glossy,Night,Poor,Type_C,Low,93,Op08,B11,10884.9
PP001897,88.4,1.8,22.7,27.3,72.0,74.0,20.8,Matte,Afternoon,Good,Type_D,Medium,322,Op04,B17,76797.9
PP001898,109.3,15.0,7.7,17.2,60.9,83.3,29.1,Standard,Night,Poor,Type_D,Low,215,Op02,B03,13089.0
PP001899,106.3,0.9,11.7,21.1,36.4,83.4,19.3,Cardstock,Afternoon,Good,Type_A,Medium,56,Op04,B03,62482.0
PP001900,136.0,0.7,20.6,21.4,35.8,87.6,29.0,Matte,Afternoon,Good,Type_A,Medium,61,Op07,B06,148242.3
PP001901,153.6,0.6,15.3,26.0,51.4,93.2,14.3,Matte,Afternoon,Good,Type_C,High,185,Op05,B09,137021.8
PP001902,139.2,1.5,14.3,17.5,44.6,,23.3,Standard,Afternoon,Good,Type_B,High,155,Op01,B09,123667.6
PP001903,136.5,12.2,10.7,22.9,47.6,68.7,22.4,Standard,Afternoon,Average,Type_D,High,345,Op01,B12,70046.0
PP001904,147.9,1.0,20.9,24.6,59.7,73.1,39.7,Glossy,Night,Good,Type_D,Medium,73,Op03,B16,147287.5
PP001905,152.0,7.4,6.7,22.1,32.6,88.5,29.6,Cardstock,Morning,Good,Type_C,Low,90,Op06,B08,40397.1
PP001906,100.2,2.7,13.1,23.9,53.6,89.1,20.1,Cardstock,Night,Good,Type_D,High,214,Op07,B10,63869.3
PP001907,75.3,2.8,20.3,23.5,,67.8,23.3,Cardstock,Night,Poor,Type_D,Low,32,Op02,B04,31061.8
PP001908,117.8,15.0,13.2,31.9,84.6,80.8,33.3,Standard,Morning,Average,Type_B,Medium,87,Op01,B17,51803.4
PP001909,160.9,15.0,7.2,24.0,42.8,88.0,54.9,Matte,Afternoon,Average,Type_A,Medium,67,Op01,B18,43532.3
PP001910,72.5,0.8,16.5,26.2,65.2,93.6,40.1,Glossy,Morning,Good,Type_B,Low,41,Op02,B19,52403.3
PP001911,82.0,1.5,7.6,26.0,68.0,90.7,45.9,Matte,Afternoon,Good,Type_A,Medium,22,Op09,B04,30417.8
PP001912,114.6,15.0,17.8,22.6,56.6,91.7,15.1,Glossy,Afternoon,Good,Type_D,Medium,295,Op04,B16,80032.6
PP001913,95.0,6.5,7.9,26.0,35.5,93.9,27.7,Standard,Morning,Good,Type_A,Medium,281,Op04,B13,41732.1
PP001914,144.5,2.3,9.5,37.0,,91.9,52.8,Standard,Night,Good,Type_D,Medium,283,Op09,B15,60608.6
PP001915,115.2,15.0,16.4,24.6,54.1,95.5,40.7,Standard,Afternoon,Good,Type_C,Medium,89,Op08,B19,82227.1
PP001916,139.7,15.0,9.6,29.2,31.3,87.3,23.7,Standard,Morning,Average,Type_C,High,325,Op05,B17,60545.9
PP001917,122.3,0.7,9.0,15.0,49.8,97.3,34.6,Standard,Night,Good,Type_D,Medium,69,Op09,B20,56793.7
PP001918,125.7,10.0,11.4,26.0,63.0,71.8,50.0,Glossy,Morning,Poor,Type_D,High,287,Op06,B01,47932.7
PP001919,75.1,3.4,8.5,25.0,74.5,94.6,26.5,Cardstock,Morning,Good,Type_D,Low,289,Op07,B13,25810.3
PP001920,92.1,4.8,12.5,27.6,46.0,87.6,13.1,Standard,Morning,Poor,Type_C,High,158,Op10,B19,55729.2
PP001921,49.9,7.7,10.3,25.2,40.1,97.0,54.4,Glossy,Morning,Poor,Type_A,Medium,169,Op01,B14,17342.2
PP001922,88.1,10.1,12.8,34.1,57.8,71.7,40.3,Standard,Night,Average,Type_B,Low,170,Op09,B09,38974.1
PP001923,95.2,5.5,10.4,20.0,55.9,25.5,41.3,Glossy,Night,Average,Type_B,Low,49,Op01,B09,24270.0
PP001924,123.7,6.2,14.0,22.4,40.9,74.4,31.3,Standard,Morning,Average,Type_C,Low,272,Op10,B04,84131.2
PP001925,75.9,1.3,9.2,19.3,43.6,10.0,47.3,Standard,Morning,Good,Type_B,Medium,216,Op10,B14,17268.5
PP001926,169.6,2.4,15.6,20.0,47.3,91.0,28.1,Standard,Morning,Good,Type_C,Medium,264,Op09,B20,140946.1
PP001927,151.8,0.2,12.8,,54.7,90.5,16.4,Matte,Afternoon,Good,Type_B,High,137,Op03,B18,111763.5
PP001928,80.2,0.5,13.0,19.6,54.3,61.8,49.5,Standard,Morning,Average,Type_A,Medium,106,Op10,B09,48918.6
PP001929,54.0,1.2,12.4,,62.5,85.0,63.7,Standard,Morning,Good,Type_D,Low,70,Op10,B02,26910.6
PP001930,61.6,3.4,10.9,26.9,59.8,91.2,39.1,Standard,Afternoon,Good,Type_A,Medium,298,Op05,B13,33835.9
PP001931,122.7,5.9,8.9,19.5,28.8,83.8,13.8,Glossy,Night,Average,Type_C,Low,283,Op08,B15,48125.0
PP001932,73.3,0.8,11.3,25.5,31.3,69.7,18.1,Matte,Afternoon,Good,Type_A,High,138,Op02,B07,41055.0
PP001933,103.5,6.6,14.0,,,79.0,31.3,Cardstock,Afternoon,Good,Type_C,Low,308,Op04,B10,54594.3
PP001934,130.8,3.8,8.0,24.8,65.2,74.9,31.7,Cardstock,Afternoon,Good,Type_C,Medium,299,Op07,B03,53518.2
PP001935,125.4,0.6,11.5,20.6,51.1,81.5,32.9,Cardstock,Night,Good,Type_C,Medium,91,Op07,B16,72986.6
PP001936,136.4,7.0,8.3,25.1,47.7,,49.2,Standard,Morning,Good,Type_B,Low,197,Op02,B17,60148.5
PP001937,71.7,1.5,9.7,26.5,,93.6,16.7,Glossy,Night,Good,Type_C,Medium,334,Op01,B05,32136.2
PP001938,134.0,2.2,11.2,22.1,43.5,79.6,65.6,Standard,Afternoon,Good,Type_B,Medium,350,Op08,B09,84291.6
PP001939,135.0,1.2,7.9,21.8,59.2,85.2,67.4,Glossy,Afternoon,Average,Type_A,High,125,Op05,B20,54467.5
PP001940,143.3,13.9,14.2,23.6,51.5,72.7,59.8,Standard,Morning,Average,Type_B,Medium,5,Op09,B18,94594.7
PP001941,139.4,3.3,6.9,29.4,65.5,93.7,23.7,Glossy,Night,Good,Type_D,Medium,254,Op10,B15,50958.6
PP001942,72.2,7.4,11.3,27.9,58.6,87.8,38.4,Matte,Night,Average,Type_A,Medium,269,Op06,B13,36235.9
PP001943,34.9,2.9,19.8,15.0,45.0,85.8,49.3,Glossy,Morning,Good,Type_B,Low,195,Op04,B15,17546.0
PP001944,124.7,2.4,11.9,20.2,50.4,70.5,26.9,Glossy,Morning,Good,Type_A,High,61,Op06,B06,87143.6
PP001945,164.1,9.6,14.1,22.3,38.4,9.6,44.1,Glossy,Morning,Poor,Type_C,High,70,Op03,B05,6653.2
PP001946,88.4,3.2,8.8,23.0,51.2,94.3,70.5,Cardstock,Night,Poor,Type_A,Medium,316,Op06,B06,27203.8
PP001947,88.0,15.0,7.2,23.2,,97.1,53.6,Glossy,Night,Average,Type_B,Low,27,Op06,B01,16205.4
PP001948,118.6,2.2,19.4,23.3,63.8,98.3,35.5,Matte,Night,Good,Type_B,High,307,Op07,B10,121777.3
PP001949,147.7,0.2,8.8,24.2,48.5,77.3,27.8,Standard,Morning,Average,Type_A,Low,348,Op03,B10,72693.4
PP001950,136.6,3.5,9.2,22.3,45.2,35.1,42.2,Standard,Afternoon,Good,Type_D,High,179,Op02,B14,58377.4
PP001951,75.3,0.8,5.9,19.8,41.0,85.6,18.6,Matte,Afternoon,Poor,Type_B,Medium,40,Op07,B15,17791.7
PP001952,99.2,12.3,6.2,26.1,39.4,82.8,19.4,Standard,Afternoon,Average,Type_A,Medium,269,Op08,B01,27416.6
PP001953,95.1,11.5,7.2,25.0,49.8,53.6,39.7,Glossy,Morning,Good,Type_C,Medium,138,Op10,B01,30382.2
PP001954,131.5,10.9,12.5,28.7,55.3,82.4,40.7,Cardstock,Night,Poor,Type_A,High,46,Op01,B09,55630.8
PP001955,137.3,2.7,11.3,22.7,61.2,96.9,24.3,Cardstock,Morning,Good,Type_B,Low,298,Op09,B05,77465.7
PP001956,85.0,0.4,9.5,19.8,50.3,21.5,21.1,Matte,Morning,Good,Type_C,Medium,306,Op02,B11,24909.8
PP001957,87.3,8.1,11.9,24.1,50.1,92.4,36.8,Cardstock,Morning,Good,Type_B,Medium,353,Op08,B01,50978.8
PP001958,122.4,0.9,6.8,33.4,56.6,81.3,31.6,Standard,Morning,Good,Type_D,High,351,Op09,B12,45951.5
PP001959,106.3,15.0,8.2,29.7,23.0,68.4,30.2,Standard,Afternoon,Poor,Type_B,Medium,147,Op10,B04,17176.4
PP001960,88.6,15.0,7.6,24.0,62.5,92.3,49.7,Matte,Afternoon,Poor,Type_D,Low,57,Op06,B09,10779.0
PP001961,98.8,12.1,7.2,23.1,46.7,41.3,25.5,Standard,Night,Good,Type_A,Medium,233,Op10,B12,28232.6
PP001962,132.6,9.6,7.9,24.4,53.9,91.0,26.1,Glossy,Afternoon,Average,Type_A,Medium,95,Op10,B14,54598.0
PP001963,102.0,6.4,7.3,18.3,46.2,80.4,15.9,Standard,Night,Good,Type_A,Low,168,Op06,B19,37277.5
PP001964,109.4,8.4,8.3,26.0,55.4,95.5,44.5,Glossy,Afternoon,Average,Type_B,High,318,Op07,B14,45658.0
PP001965,88.5,0.5,12.2,22.5,59.1,,71.2,Glossy,Morning,Good,Type_A,Low,227,Op09,B03,35006.3
PP001966,132.3,1.2,9.8,,34.8,87.5,34.9,Standard,Night,Good,Type_A,High,325,Op10,B14,75883.4
PP001967,96.7,0.5,7.7,20.1,65.4,96.6,19.8,Cardstock,Morning,Good,Type_A,High,175,Op06,B04,39461.1
PP001968,121.7,7.3,7.4,19.4,34.6,97.8,20.1,Matte,Morning,Good,Type_A,Medium,212,Op09,B05,49957.6
PP001969,118.8,14.4,11.8,27.3,66.4,,27.1,Glossy,Night,Average,Type_C,Medium,44,Op04,B03,36856.1
PP001970,100.9,6.4,13.6,21.0,56.6,99.7,41.9,Glossy,Morning,Average,Type_D,Medium,266,Op06,B01,67254.8
PP001971,86.6,2.3,6.7,28.2,63.3,65.7,34.0,Matte,Afternoon,Good,Type_A,Medium,212,Op02,B18,27206.7
PP001972,110.9,3.4,15.6,23.7,48.7,69.0,20.6,Matte,Afternoon,Good,Type_B,High,168,Op08,B18,95784.5
PP001973,103.5,4.2,7.4,22.4,58.9,84.0,30.9,Glossy,Night,Average,Type_A,Medium,344,Op02,B15,37160.0
PP001974,145.8,3.3,13.9,33.4,32.3,97.8,55.3,Matte,Afternoon,Good,Type_A,Medium,8,Op08,B13,108107.1
PP001975,86.2,5.3,7.8,22.0,48.7,82.9,15.6,Cardstock,Afternoon,Good,Type_A,High,355,Op02,B12,34471.4
PP001976,137.6,9.7,9.2,27.8,38.6,64.1,32.1,Standard,Morning,Poor,Type_A,Low,129,Op09,B18,44212.9
PP001977,152.1,1.8,7.8,18.8,54.3,91.3,24.0,Matte,Morning,Good,Type_B,Medium,101,Op06,B19,67782.6
PP001978,134.5,9.6,10.2,26.7,31.7,89.4,64.7,Glossy,Night,Good,Type_B,Medium,285,Op04,B13,66526.1
PP001979,137.3,12.8,16.6,23.8,43.1,78.6,30.4,Cardstock,Afternoon,Average,Type_B,Low,82,Op02,B20,76809.2
PP001980,105.5,0.7,11.6,23.4,49.4,55.5,32.0,Standard,Night,Poor,Type_A,Low,346,Op01,B01,45752.4
PP001981,128.1,6.8,10.6,23.2,53.5,68.1,57.2,Standard,Night,Average,Type_D,High,269,Op03,B13,66375.3
PP001982,128.4,9.5,6.9,29.4,58.4,97.3,43.0,Standard,Night,Good,Type_C,Medium,304,Op07,B02,47032.1
PP001983,62.3,5.3,16.7,26.0,60.2,91.1,70.6,Glossy,Night,Poor,Type_C,High,109,Op01,B20,32950.6
PP001984,103.5,12.2,8.9,23.6,51.3,94.3,30.5,Standard,Night,Average,Type_B,Medium,237,Op08,B07,41864.8
PP001985,75.3,5.7,7.7,30.4,55.7,82.4,41.0,Matte,Night,Average,Type_C,Medium,192,Op04,B14,23427.5
PP001986,54.5,0.9,9.7,25.0,60.0,90.0,38.7,Matte,Night,Good,Type_B,Medium,136,Op10,B01,23593.6
PP001987,113.4,1.2,8.2,21.3,35.3,85.1,43.6,Standard,Morning,Good,Type_B,High,183,Op07,B10,55769.9
PP001988,128.2,1.7,19.0,37.4,40.9,62.4,10.0,Standard,Night,Average,Type_B,High,361,Op09,B05,109198.3
PP001989,93.0,2.7,8.0,29.1,41.5,94.8,33.3,Cardstock,Afternoon,Good,Type_B,High,138,Op05,B01,38962.8
PP001990,130.8,6.5,9.6,21.1,50.0,91.7,107.4,Standard,Morning,Average,Type_B,High,210,Op09,B04,58131.5
PP001991,132.6,9.9,10.6,20.9,60.4,89.2,29.8,Standard,Night,Average,Type_A,Medium,44,Op03,B03,70454.6
PP001992,117.5,1.2,12.4,19.8,73.0,33.3,41.9,Glossy,Night,Good,Type_B,Low,62,Op03,B12,44866.9
PP001993,98.6,0.4,10.4,31.8,49.3,77.4,27.3,Glossy,Afternoon,Average,Type_B,Medium,224,Op05,B01,48380.7
PP001994,136.1,2.3,11.2,25.2,27.2,83.0,31.7,Matte,Afternoon,Average,Type_A,Medium,279,Op08,B06,82799.1
PP001995,171.0,9.9,6.4,20.3,66.0,92.9,46.5,Glossy,Morning,Average,Type_D,High,126,Op05,B10,44835.9
PP001996,49.1,0.3,10.5,32.7,26.1,93.0,27.8,Standard,Morning,Good,Type_C,Low,321,Op07,B06,19353.2
PP001997,138.0,4.2,8.1,,38.6,93.4,13.9,Matte,Night,Average,Type_D,High,168,Op08,B05,61028.9
PP001998,77.8,1.0,11.0,27.0,72.6,91.9,86.8,Cardstock,Morning,Good,Type_B,High,98,Op08,B08,35988.1
PP001999,141.8,15.0,11.4,26.0,24.1,85.3,53.9,Matte,Morning,Average,Type_B,Medium,150,Op02,B01,66627.7
PP002000,146.6,7.7,19.8,20.7,47.1,77.9,37.1,Matte,Morning,Average,Type_D,Medium,297,Op05,B05,143882.5
PP002001,101.9,0.6,7.5,26.1,32.7,75.6,18.0,Cardstock,Afternoon,Good,Type_D,Medium,299,Op05,B16,35972.5
PP002002,101.0,13.3,14.8,23.6,35.9,67.7,21.5,Standard,Afternoon,Poor,Type_C,Low,77,Op07,B07,29175.0
PP002003,114.3,4.3,4.5,19.6,29.8,94.5,31.4,Standard,Morning,Average,Type_A,Medium,210,Op10,B06,26302.1
PP002004,118.8,4.3,11.4,26.2,45.2,83.8,37.9,Matte,Afternoon,Good,Type_A,High,77,Op09,B15,75503.8
PP002005,108.5,5.2,7.8,22.9,73.3,59.8,32.6,Cardstock,Afternoon,Poor,Type_D,Medium,108,Op09,B12,27503.4
PP002006,151.4,2.5,10.7,23.2,,94.8,27.2,Cardstock,Afternoon,Average,Type_B,Medium,257,Op03,B10,81609.4
PP002007,64.8,15.0,9.1,,53.8,98.2,31.0,Cardstock,Afternoon,Average,Type_D,Medium,355,Op03,B02,16972.5
PP002008,98.9,15.0,21.5,26.0,48.8,56.1,64.0,Standard,Morning,Poor,Type_A,Medium,20,Op02,B16,16148.4
PP002009,135.8,3.9,7.6,30.4,49.1,85.4,27.8,Matte,Afternoon,Average,Type_D,High,48,Op03,B10,56765.1
PP002010,105.8,0.8,10.8,25.0,57.4,78.5,44.1,Glossy,Afternoon,Average,Type_A,High,102,Op01,B13,56380.4
PP002011,107.0,13.2,7.7,19.6,45.8,92.5,34.6,Standard,Afternoon,Average,Type_C,Medium,168,Op06,B14,35474.0
PP002012,105.3,15.0,19.1,23.1,24.8,26.3,30.3,Standard,Afternoon,Average,Type_C,Medium,112,Op07,B17,30386.8
PP002013,145.4,1.5,21.8,29.8,53.1,89.0,15.2,Standard,Morning,Average,Type_C,Low,97,Op10,B10,148415.9
PP002014,137.2,1.1,11.9,18.8,45.5,89.0,39.3,Standard,Night,Good,Type_D,Medium,145,Op05,B07,89114.6
PP002015,72.6,1.9,11.4,33.5,61.6,66.5,28.7,Glossy,Night,Good,Type_C,Low,183,Op02,B08,29905.2
PP002016,78.6,3.6,8.3,25.6,27.1,85.5,24.9,Standard,Night,Good,Type_C,Medium,159,Op04,B01,31561.2
PP002017,101.7,0.1,21.0,28.2,29.0,75.6,32.5,Matte,Night,Good,Type_D,Medium,191,Op02,B14,87220.4
PP002018,110.6,1.2,20.8,,56.7,24.4,29.5,Standard,Afternoon,Good,Type_C,Medium,353,Op06,B14,62336.4
PP002019,144.0,4.8,10.5,22.3,65.2,97.5,17.6,Glossy,Morning,Good,Type_C,Medium,85,Op03,B12,86543.1
PP002020,111.3,7.3,5.4,20.4,53.1,86.3,11.3,Standard,Night,Good,Type_A,High,61,Op02,B15,34597.9
PP002021,157.3,1.4,8.8,26.6,48.5,98.3,45.0,Standard,Night,Good,Type_A,High,293,Op05,B20,80427.0
PP002022,174.7,3.6,10.6,22.9,42.3,90.6,37.6,Cardstock,Afternoon,Good,Type_D,Low,175,Op07,B02,47357.8
PP002023,87.2,6.6,12.3,,44.3,74.4,32.9,Standard,Morning,Poor,Type_B,Low,356,Op05,B02,33572.4
PP002024,120.5,1.1,8.7,26.0,59.1,91.9,51.0,Standard,Morning,Good,Type_C,High,173,Op07,B12,63258.6
PP002025,148.0,5.6,12.3,21.3,44.8,89.6,37.0,Standard,Morning,Good,Type_D,High,47,Op02,B15,114165.6
PP002026,122.6,15.0,6.4,21.3,48.7,93.2,17.1,Matte,Afternoon,Good,Type_B,Medium,65,Op10,B15,38181.7
PP002027,126.2,2.9,14.7,29.1,63.6,83.0,29.1,Standard,Night,Good,Type_A,Medium,185,Op05,B17,101838.4
PP002028,100.5,3.3,7.3,21.4,62.4,94.6,92.0,Matte,Morning,Average,Type_D,High,101,Op05,B13,30752.0
PP002029,97.5,1.8,9.9,31.6,41.2,82.9,43.6,Standard,Morning,Good,Type_D,Medium,111,Op04,B08,49135.8
PP002030,121.8,1.9,9.2,21.5,30.6,81.5,63.6,Standard,Afternoon,Average,Type_C,Medium,74,Op01,B20,54358.1
PP002031,147.1,1.1,17.1,,,93.1,16.6,Matte,Morning,Average,Type_C,Low,88,Op02,B02,122517.9
PP002032,81.6,4.9,11.7,19.3,39.8,90.3,50.2,Glossy,Morning,Average,Type_B,Medium,155,Op06,B07,43049.0
PP002033,110.7,5.0,7.2,21.4,26.7,91.1,29.3,Matte,Night,Average,Type_A,Medium,157,Op06,B14,37531.1
PP002034,172.9,0.7,8.6,23.6,38.7,83.0,33.7,Matte,Morning,Poor,Type_A,Medium,351,Op01,B06,59192.7
PP002035,109.1,5.0,10.2,22.6,68.0,83.9,33.1,Matte,Afternoon,Average,Type_B,Medium,345,Op06,B05,54241.4
PP002036,120.7,0.3,18.5,31.5,58.6,84.4,86.5,Glossy,Night,Good,Type_C,Medium,244,Op01,B06,105231.7
PP002037,140.9,4.5,12.8,24.9,46.6,93.5,24.4,Standard,Night,Average,Type_B,Medium,341,Op07,B10,104557.6
PP002038,133.7,0.8,10.5,19.0,59.1,86.9,27.1,Glossy,Night,Good,Type_D,Medium,243,Op02,B05,76088.9
PP002039,110.4,13.8,10.8,28.1,59.4,86.8,65.7,Glossy,Afternoon,Average,Type_B,Low,207,Op02,B20,38152.4
PP002040,108.4,2.9,9.1,20.1,67.3,67.7,35.2,Standard,Morning,Good,Type_D,Medium,147,Op05,B14,49805.8
PP002041,164.2,9.9,12.4,16.0,,80.6,50.7,Matte,Morning,Average,Type_A,Medium,61,Op09,B02,83270.4
PP002042,85.2,0.4,12.0,25.4,39.1,93.2,22.9,Standard,Morning,Good,Type_B,High,291,Op02,B16,58648.5
PP002043,72.1,2.9,15.3,22.0,55.3,82.6,40.6,Standard,Morning,Good,Type_D,High,138,Op08,B03,57667.0
PP002044,151.1,4.7,12.8,20.9,36.2,80.0,24.8,Standard,Morning,Good,Type_B,Medium,286,Op09,B01,111097.1
PP002045,155.9,6.8,7.5,28.2,52.7,95.5,40.0,Glossy,Afternoon,Average,Type_B,Medium,325,Op06,B05,55132.4
PP002046,84.6,2.5,11.4,28.7,49.8,74.5,27.4,Glossy,Night,Good,Type_A,Low,269,Op06,B16,41996.1
PP002047,143.7,0.6,16.0,20.5,42.8,82.9,16.2,Standard,Night,Average,Type_D,Medium,1,Op07,B08,126596.5
PP002048,127.3,15.0,11.7,24.6,32.8,77.4,46.8,Cardstock,Afternoon,Poor,Type_B,Medium,166,Op06,B09,29835.2
PP002049,112.2,0.4,18.0,26.4,61.9,52.9,29.8,Glossy,Night,Average,Type_B,Medium,359,Op01,B01,84474.6
PP002050,119.4,11.6,12.2,24.7,30.3,11.9,26.3,Standard,Night,Poor,Type_A,Medium,301,Op08,B04,12104.0
PP002051,175.1,3.1,10.2,26.6,59.2,73.9,36.4,Glossy,Night,Good,Type_C,High,217,Op07,B19,80315.5
PP002052,140.0,13.6,15.7,29.6,45.0,98.4,49.1,Glossy,Afternoon,Good,Type_C,Medium,94,Op02,B12,106489.0
PP002053,135.1,3.8,10.2,32.9,,91.5,35.0,Glossy,Morning,Average,Type_A,High,222,Op05,B02,78830.2
PP002054,133.0,5.0,9.4,15.0,50.8,92.5,32.9,Glossy,Afternoon,Average,Type_C,Low,316,Op03,B06,51554.5
PP002055,97.3,6.6,7.3,34.6,27.5,90.3,36.9,Matte,Night,Average,Type_B,High,16,Op10,B04,30857.8
PP002056,106.2,6.3,6.2,30.1,35.3,92.2,54.7,Standard,Night,Good,Type_A,Medium,327,Op04,B16,31195.1
PP002057,111.8,6.8,11.7,22.1,53.3,86.9,18.1,Standard,Night,Average,Type_C,Medium,252,Op09,B18,65962.4
PP002058,88.3,15.0,16.7,24.8,40.2,82.3,21.3,Standard,Morning,Poor,Type_A,Medium,318,Op09,B11,31998.8
PP002059,133.4,4.3,11.1,31.5,37.4,85.3,10.0,Cardstock,Afternoon,Good,Type_B,Medium,194,Op05,B19,79440.3
PP002060,153.2,0.8,12.5,21.6,63.9,,34.5,Glossy,Night,Good,Type_A,Medium,66,Op08,B14,98231.5
PP002061,113.4,0.1,14.0,20.3,45.2,94.3,28.9,Standard,Afternoon,Good,Type_A,High,315,Op08,B20,93805.7
PP002062,90.2,0.0,8.8,15.0,59.1,93.9,17.1,Standard,Afternoon,Good,Type_B,Low,99,Op02,B06,38090.5
PP002063,91.2,6.1,9.0,19.0,62.2,,20.6,Matte,Morning,Good,Type_C,Medium,16,Op01,B05,42213.4
PP002064,167.5,6.2,15.9,29.5,56.5,89.1,66.5,Standard,Afternoon,Good,Type_D,Low,113,Op03,B08,96595.7
PP002065,97.7,15.0,15.2,23.2,63.7,83.3,43.4,Standard,Afternoon,Good,Type_A,Low,182,Op02,B17,56731.4
PP002066,77.4,3.0,11.3,17.3,46.3,92.1,15.4,Standard,Night,Good,Type_A,Medium,39,Op05,B10,42977.3
PP002067,68.8,3.9,12.2,29.4,41.2,82.8,20.5,Glossy,Morning,Good,Type_C,Medium,199,Op02,B11,40044.3
PP002068,101.3,5.6,9.5,26.7,42.2,60.8,22.3,Glossy,Morning,Poor,Type_A,Low,350,Op03,B03,35424.5
PP002069,155.3,3.0,9.8,17.6,61.0,89.8,53.2,Glossy,Night,Average,Type_B,High,39,Op08,B15,69546.3
PP002070,156.5,2.9,14.9,25.6,43.8,79.4,34.5,Standard,Afternoon,Good,Type_D,Medium,52,Op02,B18,124223.1
PP002071,135.4,15.0,9.7,20.1,27.5,79.9,41.9,Glossy,Morning,Poor,Type_D,Medium,329,Op04,B06,30136.2
PP002072,92.8,3.4,10.5,22.8,52.7,83.5,51.1,Matte,Morning,Good,Type_C,Medium,172,Op02,B13,49771.3
PP002073,142.9,0.5,10.1,27.1,47.6,80.9,36.3,Standard,Afternoon,Good,Type_D,Low,73,Op01,B11,76603.4
PP002074,110.3,0.1,10.5,17.2,47.4,,26.4,Cardstock,Night,Average,Type_D,Low,351,Op08,B05,44536.5
PP002075,136.1,0.9,17.0,,66.4,83.8,31.8,Matte,Morning,Average,Type_B,Low,148,Op10,B11,113637.0
PP002076,180.0,1.3,10.8,24.9,46.8,74.7,41.4,Cardstock,Morning,Good,Type_A,High,106,Op09,B03,74785.6
PP002077,109.5,14.8,11.7,23.1,51.5,91.1,25.1,Cardstock,Afternoon,Average,Type_D,Medium,22,Op06,B07,47645.5
PP002078,73.1,0.3,14.1,25.9,52.8,,33.8,Standard,Morning,Good,Type_A,Low,207,Op01,B01,51885.3
PP002079,177.9,0.9,7.3,22.1,65.1,95.5,62.7,Glossy,Afternoon,Good,Type_A,Medium,42,Op04,B16,50468.1
PP002080,111.7,2.4,13.2,26.2,50.7,85.9,28.0,Matte,Night,Good,Type_C,High,75,Op01,B16,81982.2
PP002081,111.1,1.5,7.4,22.6,36.9,72.6,33.8,Matte,Morning,Good,Type_D,High,226,Op06,B20,44526.8
PP002082,64.5,4.0,11.7,32.8,58.6,71.8,47.4,Cardstock,Afternoon,Good,Type_C,Medium,144,Op03,B08,28348.5
PP002083,141.0,12.0,9.2,24.8,50.3,69.5,35.1,Glossy,Night,Poor,Type_B,Medium,137,Op04,B20,44721.0
PP002084,150.9,15.0,7.8,24.3,49.7,72.0,55.0,Glossy,Night,Average,Type_D,Low,5,Op03,B18,28442.5
PP002085,125.4,2.4,7.6,23.4,52.0,85.9,44.9,Standard,Night,Average,Type_D,Medium,100,Op06,B14,48388.2
PP002086,152.3,2.8,12.2,22.8,45.4,74.1,53.1,Standard,Morning,Good,Type_A,Medium,139,Op09,B19,104115.9
PP002087,104.7,5.6,19.2,,59.6,67.8,43.2,Standard,Night,Average,Type_C,Medium,67,Op01,B07,81003.5
PP002088,160.6,0.4,10.1,19.6,42.0,21.2,35.2,Glossy,Morning,Good,Type_A,Medium,130,Op05,B01,44038.6
PP002089,142.3,11.3,15.5,,51.1,63.9,22.1,Matte,Afternoon,Poor,Type_A,High,151,Op05,B01,74142.8
PP002090,174.0,1.8,11.2,24.8,45.4,96.0,53.4,Matte,Night,Good,Type_A,Medium,115,Op05,B02,88848.9
PP002091,64.1,9.5,9.7,30.5,41.5,72.3,26.2,Standard,Morning,Average,Type_D,High,169,Op05,B10,25997.0
PP002092,77.5,10.5,12.3,25.5,55.6,64.4,34.3,Matte,Night,Average,Type_A,High,105,Op07,B18,40396.8
PP002093,146.1,1.0,9.1,16.4,44.1,92.1,90.0,Standard,Afternoon,Poor,Type_A,Medium,42,Op01,B20,56571.0
PP002094,129.7,8.7,10.0,24.2,37.7,84.1,23.6,Glossy,Afternoon,Good,Type_A,High,343,Op02,B11,75593.8
PP002095,88.3,0.4,8.4,21.3,30.4,86.2,39.0,Standard,Night,Good,Type_D,High,201,Op07,B05,37009.2
PP002096,120.8,1.9,12.9,26.5,63.3,91.8,79.9,Matte,Morning,Good,Type_B,Low,213,Op08,B13,76392.2
PP002097,147.6,9.8,14.6,24.4,43.8,89.8,27.1,Matte,Afternoon,Average,Type_B,Medium,325,Op08,B06,114023.8
PP002098,154.4,1.6,8.9,24.6,44.5,97.3,44.6,Standard,Morning,Average,Type_A,Medium,117,Op02,B06,76045.9
PP002099,126.5,7.0,13.2,27.2,56.4,41.1,23.3,Standard,Night,Average,Type_B,Medium,272,Op08,B20,70737.1
PP002100,121.1,5.1,12.7,26.4,49.0,,45.3,Standard,Afternoon,Average,Type_A,Medium,126,Op04,B04,82907.2
PP002101,133.2,3.9,11.1,18.7,33.9,75.4,22.9,Standard,Afternoon,Good,Type_C,Medium,129,Op04,B06,83813.6
PP002102,116.6,0.5,8.9,17.8,47.2,74.3,30.8,Cardstock,Morning,Average,Type_B,Medium,333,Op07,B01,48121.1
PP002103,179.3,10.8,8.1,29.9,24.7,78.7,39.0,Standard,Morning,Poor,Type_C,Medium,88,Op10,B10,30992.7
PP002104,104.5,13.2,20.1,29.3,48.7,90.6,26.2,Glossy,Morning,Average,Type_B,High,191,Op01,B18,71439.3
PP002105,118.7,5.6,6.3,25.7,41.8,88.6,22.7,Glossy,Morning,Good,Type_D,Medium,204,Op02,B01,41918.5
PP002106,112.1,0.3,8.8,20.0,68.5,81.0,65.3,Matte,Afternoon,Good,Type_C,Medium,96,Op09,B11,48166.5
PP002107,167.8,6.0,10.2,15.7,46.3,84.3,24.4,Glossy,Night,Average,Type_D,Medium,108,Op08,B12,65304.7
PP002108,101.1,5.9,7.7,27.5,29.7,94.7,31.3,Standard,Afternoon,Average,Type_C,Medium,205,Op09,B06,39013.9
PP002109,146.4,0.7,12.9,29.0,45.1,94.1,47.8,Cardstock,Night,Good,Type_D,Medium,177,Op09,B08,97989.1
PP002110,116.3,1.2,16.0,23.2,,91.6,37.4,Matte,Night,Good,Type_A,High,266,Op05,B13,107686.6
PP002111,103.5,3.2,7.6,16.7,43.5,23.4,31.4,Standard,Morning,Good,Type_A,Medium,205,Op01,B06,26608.5
PP002112,51.2,3.7,4.0,25.8,58.8,91.8,27.3,Standard,Afternoon,Good,Type_B,Low,308,Op05,B06,8492.5
PP002113,116.0,2.4,11.0,24.1,49.1,93.4,19.0,Standard,Morning,Good,Type_A,Low,354,Op05,B01,72454.2
PP002114,171.6,2.8,12.6,19.4,63.9,,36.4,Glossy,Night,Good,Type_D,Low,67,Op03,B01,29026.0
PP002115,95.6,6.5,8.4,24.9,39.3,81.2,54.0,Glossy,Afternoon,Good,Type_A,High,251,Op05,B08,39983.7
PP002116,30.0,1.8,8.3,23.8,30.7,84.4,72.5,Standard,Afternoon,Good,Type_B,Low,79,Op08,B03,8042.7
PP002117,127.2,2.9,11.1,16.1,55.7,87.4,57.2,Cardstock,Afternoon,Good,Type_A,Medium,247,Op02,B08,68678.0
PP002118,79.2,5.9,7.7,,46.4,63.6,38.5,Cardstock,Night,Average,Type_A,High,337,Op10,B12,24431.9
PP002119,60.5,0.8,12.5,26.6,69.2,96.4,58.0,Cardstock,Afternoon,Poor,Type_B,High,159,Op04,B05,26100.3
PP002120,100.5,8.7,15.0,23.8,38.6,84.3,14.6,Matte,Morning,Average,Type_C,High,188,Op03,B18,72928.5
PP002121,74.2,5.3,11.3,19.6,68.5,89.6,29.7,Cardstock,Morning,Average,Type_B,Medium,1,Op08,B01,35813.4
PP002122,150.5,7.3,6.7,23.6,52.4,91.1,38.8,Standard,Night,Good,Type_B,Medium,135,Op06,B12,55500.0
PP002123,123.5,12.8,11.0,27.5,,84.1,38.1,Matte,Morning,Poor,Type_B,Medium,293,Op05,B12,43127.2
PP002124,136.4,2.6,11.6,25.9,51.5,92.8,18.1,Standard,Morning,Average,Type_D,Medium,124,Op01,B07,93386.4
PP002125,96.2,1.8,12.3,25.5,63.7,65.5,14.2,Cardstock,Afternoon,Good,Type_B,Medium,224,Op05,B17,55420.7
PP002126,113.1,1.7,7.2,18.2,29.3,65.5,23.9,Standard,Afternoon,Good,Type_C,Medium,359,Op08,B18,41281.8
PP002127,98.3,0.9,13.5,30.4,65.6,94.3,29.8,Glossy,Morning,Average,Type_D,Medium,54,Op03,B04,61950.8
PP002128,124.4,0.2,9.6,28.1,49.8,97.2,37.7,Matte,Morning,Average,Type_C,High,307,Op10,B16,65560.3
PP002129,44.0,10.8,6.7,18.7,60.6,73.0,30.2,Standard,Night,Good,Type_A,Medium,148,Op04,B09,10680.8
PP002130,114.2,8.0,12.7,17.0,54.2,74.3,18.2,Standard,Afternoon,Average,Type_A,Low,38,Op03,B05,62891.3
PP002131,148.2,4.8,9.2,25.5,72.4,93.0,64.9,Standard,Afternoon,Good,Type_C,Medium,164,Op02,B16,74900.2
PP002132,169.6,7.5,5.2,24.6,59.6,85.4,24.5,Standard,Morning,Average,Type_A,Medium,112,Op01,B04,44386.0
PP002133,141.7,0.9,12.0,22.7,62.4,97.9,42.6,Standard,Night,Good,Type_C,Medium,341,Op10,B16,100462.7
PP002134,119.7,9.6,11.5,33.6,61.5,95.5,51.0,Standard,Morning,Poor,Type_C,Medium,269,Op03,B13,50276.8
PP002135,60.5,15.0,20.6,28.9,55.0,79.1,15.6,Standard,Night,Average,Type_D,Medium,235,Op08,B08,22396.7
PP002136,119.8,5.5,5.3,21.0,69.8,91.9,54.8,Standard,Afternoon,Average,Type_B,Low,301,Op05,B19,27436.9
PP002137,52.1,15.0,13.4,33.1,46.7,97.9,50.9,Matte,Night,Good,Type_A,Low,244,Op05,B12,18583.5
PP002138,86.2,7.6,7.0,21.2,61.1,73.1,41.4,Matte,Morning,Good,Type_A,Low,237,Op08,B09,25707.6
PP002139,108.2,1.8,6.7,24.5,58.8,80.4,48.1,Standard,Morning,Good,Type_C,Medium,108,Op10,B09,39128.4
PP002140,106.0,3.6,11.5,16.6,60.6,98.0,17.3,Standard,Night,Good,Type_C,Medium,282,Op06,B05,60553.8
PP002141,143.1,1.4,11.1,19.8,51.3,62.9,53.9,Matte,Morning,Good,Type_B,Medium,251,Op06,B09,87969.2
PP002142,105.8,6.2,10.8,28.5,38.9,93.6,24.8,Cardstock,Morning,Good,Type_D,High,322,Op01,B08,59921.3
PP002143,74.4,6.5,11.7,23.4,41.2,98.7,22.0,Standard,Night,Poor,Type_A,High,101,Op06,B19,37675.2
PP002144,99.2,0.8,20.8,22.1,55.7,94.7,43.4,Standard,Morning,Good,Type_B,Low,15,Op03,B19,99235.7
PP002145,90.4,15.0,20.6,23.4,47.7,82.3,19.1,Matte,Morning,Poor,Type_C,High,206,Op01,B17,22232.6
PP002146,149.4,1.0,20.6,32.0,55.8,77.7,32.7,Glossy,Afternoon,Good,Type_A,Low,146,Op10,B14,150282.4
PP002147,67.6,15.0,8.4,17.2,,93.2,26.8,Matte,Morning,Poor,Type_A,High,357,Op10,B02,9915.7
PP002148,98.9,7.0,11.5,33.2,39.8,73.9,23.0,Standard,Night,Poor,Type_B,Medium,130,Op06,B04,43200.2
PP002149,143.9,5.5,10.5,15.0,44.0,80.2,44.1,Glossy,Morning,Poor,Type_A,Medium,88,Op06,B20,64072.1
PP002150,87.1,2.0,8.6,29.3,56.0,99.8,41.5,Matte,Afternoon,Good,Type_B,High,144,Op04,B11,39900.2
PP002151,126.8,6.4,7.3,28.2,58.9,91.6,38.6,Matte,Morning,Good,Type_A,Medium,365,Op03,B05,52489.0
PP002152,115.5,1.7,10.3,26.5,28.4,76.2,41.5,Standard,Afternoon,Good,Type_D,Low,77,Op09,B14,56348.9
PP002153,103.7,9.4,10.1,28.5,46.2,85.9,25.5,Standard,Night,Average,Type_C,High,59,Op02,B18,49166.3
PP002154,58.3,1.6,7.9,25.6,54.5,91.5,18.1,Standard,Morning,Good,Type_A,Medium,4,Op02,B09,24070.7
PP002155,115.6,1.9,13.0,22.2,53.1,,44.0,Standard,Morning,Good,Type_A,Medium,324,Op04,B15,90947.1
PP002156,98.0,1.7,6.5,25.4,51.3,83.2,53.1,Glossy,Morning,Good,Type_A,Low,202,Op05,B11,28862.3
PP002157,123.6,0.3,16.8,20.9,20.2,64.0,54.3,Glossy,Morning,Good,Type_D,High,352,Op03,B13,99599.0
PP002158,68.0,11.2,10.7,33.6,,98.1,42.6,Matte,Morning,Poor,Type_B,Medium,231,Op08,B06,20874.9
PP002159,131.4,5.2,11.4,18.4,52.6,91.1,59.6,Matte,Night,Average,Type_A,High,362,Op08,B12,76986.8
PP002160,135.7,1.4,7.2,26.7,57.3,90.8,14.9,Cardstock,Night,Good,Type_A,Medium,70,Op03,B08,55631.7
PP002161,159.5,0.7,11.6,23.3,47.3,97.5,16.2,Standard,Morning,Good,Type_A,High,246,Op05,B03,116790.5
PP002162,99.2,4.7,4.2,21.1,42.5,92.0,30.5,Cardstock,Night,Good,Type_B,High,195,Op02,B15,19592.9
PP002163,92.4,15.0,10.9,23.6,,35.1,16.8,Standard,Morning,Average,Type_A,Low,46,Op09,B12,20740.0
PP002164,143.6,7.9,10.9,,50.8,75.1,68.4,Matte,Morning,Good,Type_A,Medium,134,Op10,B07,82580.9
PP002165,81.2,1.6,11.8,17.5,28.8,85.5,19.1,Standard,Night,Poor,Type_C,Medium,228,Op05,B16,33559.2
PP002166,87.2,1.1,21.1,26.3,58.6,79.9,21.7,Cardstock,Morning,Average,Type_A,Medium,43,Op07,B12,75095.7
PP002167,104.8,6.5,18.5,21.8,47.4,98.0,49.8,Cardstock,Morning,Average,Type_D,High,37,Op02,B13,86603.7
PP002168,78.4,1.5,5.8,15.0,47.2,98.9,28.1,Matte,Morning,Good,Type_A,Medium,259,Op09,B19,21869.4
PP002169,160.8,1.8,14.1,27.4,56.1,,65.9,Standard,Afternoon,Average,Type_D,Medium,281,Op02,B03,104088.6
PP002170,145.5,6.7,13.1,19.6,49.7,88.1,12.3,Cardstock,Morning,Average,Type_C,Low,56,Op07,B06,91030.8
PP002171,45.2,1.7,13.6,21.6,47.3,10.4,27.3,Glossy,Night,Good,Type_B,Medium,238,Op09,B06,6914.7
PP002172,46.2,13.0,7.1,25.8,48.2,93.9,27.0,Standard,Night,Average,Type_D,High,17,Op02,B01,11099.4
PP002173,94.1,8.1,8.8,30.4,49.8,90.4,23.3,Matte,Morning,Average,Type_A,Medium,179,Op04,B08,41142.6
PP002174,130.9,0.5,8.7,30.4,63.4,82.2,69.0,Standard,Morning,Average,Type_B,Medium,193,Op07,B18,58135.9
PP002175,136.7,4.4,17.8,23.2,,68.4,18.0,Glossy,Night,Good,Type_C,Medium,53,Op03,B11,117851.5
PP002176,160.1,11.1,8.0,24.7,57.1,58.2,58.3,Standard,Night,Poor,Type_C,High,322,Op01,B07,34062.2
PP002177,124.0,6.6,10.0,33.1,42.8,96.7,27.4,Matte,Morning,Good,Type_C,High,208,Op03,B19,70703.4
PP002178,80.7,2.7,7.3,18.0,57.7,84.5,42.5,Matte,Morning,Good,Type_C,Medium,69,Op06,B01,27655.0
PP002179,128.4,0.4,8.4,26.4,62.2,75.0,17.7,Cardstock,Night,Good,Type_A,Medium,13,Op01,B07,58441.2
PP002180,77.9,8.5,16.2,23.3,44.3,80.1,38.3,Glossy,Night,Average,Type_D,Medium,49,Op05,B11,45686.7
PP002181,88.2,1.5,13.4,18.8,,90.3,20.8,Glossy,Night,Good,Type_B,Low,224,Op01,B20,53919.8
PP002182,63.5,4.8,10.2,23.6,45.1,90.6,37.1,Glossy,Night,Poor,Type_B,Low,364,Op05,B15,20229.4
PP002183,86.1,0.3,7.6,22.7,46.7,55.9,45.0,Standard,Afternoon,Good,Type_C,Medium,22,Op07,B13,29700.3
PP002184,95.0,3.7,7.5,18.6,53.6,58.8,17.3,Standard,Night,Good,Type_A,High,24,Op09,B02,37834.0
PP002185,96.6,15.0,14.5,24.2,57.6,82.2,28.5,Standard,Night,Average,Type_B,Medium,78,Op06,B09,52875.2
PP002186,171.6,15.0,13.3,21.5,35.9,74.6,19.2,Glossy,Night,Poor,Type_C,Low,340,Op07,B04,5714.1
PP002187,118.1,1.2,8.0,31.3,43.4,91.6,41.5,Glossy,Afternoon,Average,Type_C,Low,62,Op10,B17,43601.8
PP002188,126.1,2.7,10.0,27.8,50.5,82.8,32.0,Standard,Morning,Average,Type_C,Medium,356,Op06,B14,70025.3
PP002189,120.0,6.8,6.4,27.3,48.6,63.6,24.3,Cardstock,Afternoon,Good,Type_A,Medium,302,Op07,B07,37854.8
PP002190,165.7,7.3,20.8,23.0,52.5,90.5,27.2,Glossy,Afternoon,Good,Type_B,Medium,233,Op02,B18,152716.0
PP002191,84.6,3.6,15.1,20.8,74.7,,40.5,Matte,Afternoon,Good,Type_A,Medium,247,Op06,B08,62183.6
PP002192,139.0,8.4,10.5,27.4,54.5,85.3,30.2,Glossy,Morning,Poor,Type_A,Medium,47,Op05,B03,60942.6
PP002193,87.6,11.0,11.3,22.1,64.7,88.1,34.2,Cardstock,Afternoon,Good,Type_C,Medium,51,Op10,B02,43258.2
PP002194,110.6,1.1,7.6,21.7,,70.7,26.8,Cardstock,Afternoon,Good,Type_A,Medium,137,Op04,B10,40328.2
PP002195,130.8,13.4,7.9,15.4,31.7,48.3,33.0,Standard,Night,Average,Type_B,High,306,Op03,B19,32228.8
PP002196,71.8,2.4,20.0,25.4,61.4,,40.4,Glossy,Night,Average,Type_D,Low,1,Op04,B09,48955.3
PP002197,102.6,0.2,7.9,33.2,70.2,74.0,38.7,Glossy,Afternoon,Good,Type_C,Medium,336,Op04,B07,33514.9
PP002198,115.2,5.8,6.4,29.2,49.2,96.0,40.3,Standard,Morning,Average,Type_D,Low,202,Op02,B02,33436.0
PP002199,131.1,13.5,8.2,21.3,34.1,92.1,26.5,Matte,Afternoon,Good,Type_B,Medium,285,Op06,B12,54706.3
PP002200,107.8,6.1,5.4,27.9,54.0,68.6,51.0,Cardstock,Night,Average,Type_A,High,13,Op08,B14,23558.6
PP002201,180.0,8.7,11.0,20.3,44.3,88.5,31.8,Cardstock,Afternoon,Good,Type_A,Medium,285,Op05,B06,75259.4
PP002202,175.2,15.0,10.5,,43.6,93.2,27.7,Standard,Afternoon,Poor,Type_C,High,301,Op06,B12,37317.7
PP002203,44.5,4.2,7.0,26.1,32.0,76.5,18.8,Cardstock,Afternoon,Average,Type_B,Low,254,Op01,B18,10083.2
PP002204,118.8,5.6,12.1,29.3,72.6,92.0,23.8,Glossy,Night,Average,Type_C,Low,266,Op10,B08,59039.7
PP002205,132.7,0.1,13.3,18.5,56.2,79.1,34.3,Matte,Morning,Poor,Type_A,Medium,123,Op09,B12,83641.0
PP002206,125.9,6.6,18.9,25.4,52.5,84.2,57.1,Glossy,Night,Average,Type_A,Medium,343,Op08,B19,111629.0
PP002207,159.5,4.6,8.0,23.6,56.1,70.1,53.7,Standard,Night,Good,Type_A,Medium,358,Op03,B01,64658.9
PP002208,30.0,5.3,14.6,22.1,27.3,92.3,23.5,Standard,Night,Average,Type_B,Low,70,Op09,B19,12752.4
PP002209,80.6,8.8,14.6,23.8,39.7,93.6,27.0,Glossy,Night,Average,Type_A,Low,252,Op04,B04,43414.3
PP002210,164.4,2.5,19.7,18.7,60.0,79.2,41.8,Matte,Night,Poor,Type_C,Low,96,Op05,B05,80649.8
PP002211,153.9,3.1,12.6,,48.5,97.8,19.3,Standard,Afternoon,Average,Type_A,Medium,79,Op08,B16,114126.6
PP002212,180.0,3.8,11.6,29.4,56.0,94.1,55.0,Glossy,Afternoon,Good,Type_A,Medium,265,Op10,B12,85661.0
PP002213,168.0,4.5,8.1,21.0,39.8,43.7,14.7,Matte,Morning,Good,Type_C,Low,168,Op01,B18,40830.9
PP002214,73.9,1.3,10.4,19.1,55.6,87.4,32.2,Matte,Morning,Average,Type_B,High,97,Op05,B03,37082.2
PP002215,148.1,3.9,9.1,24.5,50.9,95.1,22.9,Glossy,Morning,Good,Type_A,Low,6,Op10,B19,78209.3
PP002216,106.0,1.3,19.4,22.3,57.7,81.6,38.7,Glossy,Afternoon,Good,Type_A,Medium,95,Op07,B06,103713.4
PP002217,121.7,7.7,11.8,25.6,53.3,78.8,31.3,Glossy,Morning,Poor,Type_C,Medium,303,Op04,B01,61165.1
PP002218,116.8,4.5,8.1,24.2,64.7,85.2,19.8,Standard,Morning,Average,Type_C,Low,248,Op07,B07,47060.8
PP002219,100.1,0.3,11.7,17.7,49.3,97.3,62.0,Cardstock,Afternoon,Average,Type_D,Medium,263,Op08,B13,47760.1
PP002220,98.9,1.2,10.6,22.8,50.2,96.1,29.9,Matte,Night,Good,Type_B,High,55,Op05,B17,57260.6
PP002221,139.8,2.4,11.1,22.2,50.7,96.9,27.5,Standard,Night,Good,Type_B,Low,351,Op05,B01,84977.5
PP002222,97.6,8.6,13.6,28.5,62.6,81.9,31.0,Matte,Morning,Average,Type_D,Medium,43,Op05,B13,58489.0
PP002223,121.9,4.4,12.4,,41.4,65.5,28.6,Glossy,Night,Good,Type_B,Low,26,Op07,B07,70516.6
PP002224,130.5,6.0,11.5,21.7,37.4,78.7,28.3,Standard,Afternoon,Average,Type_C,High,322,Op05,B01,79459.1
PP002225,97.9,0.4,12.7,16.6,46.9,83.8,33.1,Glossy,Afternoon,Good,Type_A,Medium,58,Op04,B07,59291.3
PP002226,105.9,1.2,20.5,32.7,49.1,98.9,58.3,Matte,Night,Good,Type_B,Medium,287,Op03,B07,99676.5
PP002227,151.8,4.1,6.9,28.4,52.1,57.4,20.0,Standard,Afternoon,Average,Type_D,High,161,Op05,B04,47097.7
PP002228,60.6,1.0,12.0,24.6,45.9,84.2,21.6,Matte,Afternoon,Average,Type_D,Medium,72,Op07,B14,32416.6
PP002229,93.5,0.7,18.1,21.6,46.5,43.2,37.0,Cardstock,Night,Good,Type_D,High,88,Op04,B14,58304.6
PP002230,72.2,2.8,8.1,22.0,61.3,33.7,40.8,Matte,Night,Good,Type_A,Low,14,Op01,B17,18013.3
PP002231,121.9,1.9,11.4,19.2,60.9,63.3,20.2,Cardstock,Night,Good,Type_D,High,300,Op01,B01,67029.3
PP002232,180.0,0.6,14.8,28.4,27.6,88.7,22.3,Matte,Afternoon,Good,Type_D,Low,58,Op09,B13,55686.1
PP002233,75.7,1.7,8.7,,68.4,86.5,37.5,Matte,Night,Good,Type_B,High,222,Op05,B15,31380.4
PP002234,154.3,8.0,10.1,27.9,37.0,,28.1,Matte,Afternoon,Good,Type_C,Medium,248,Op07,B14,80308.7
PP002235,160.5,9.4,9.7,23.5,51.4,97.9,54.6,Glossy,Night,Average,Type_C,Medium,292,Op06,B15,66120.6
PP002236,46.6,2.0,6.0,,68.0,88.1,91.4,Glossy,Morning,Average,Type_B,High,163,Op05,B08,8052.2
PP002237,72.1,2.1,7.1,22.0,60.9,96.9,83.9,Matte,Morning,Good,Type_B,Medium,350,Op10,B01,21796.3
PP002238,114.3,2.8,19.7,25.6,53.0,78.0,38.7,Standard,Afternoon,Good,Type_D,Medium,35,Op03,B07,113249.6
PP002239,83.4,8.1,13.7,23.1,62.5,93.0,41.6,Standard,Night,Average,Type_A,Medium,295,Op05,B05,52267.0
PP002240,123.9,4.1,9.2,20.5,37.0,90.8,43.1,Standard,Morning,Average,Type_A,High,21,Op02,B01,67705.0
PP002241,158.7,4.5,12.3,,58.0,91.9,51.5,Matte,Afternoon,Good,Type_B,Medium,258,Op02,B16,100703.2
PP002242,137.5,2.0,19.0,27.5,55.8,85.8,29.7,Cardstock,Morning,Good,Type_D,High,56,Op01,B04,139348.7
PP002243,108.7,3.2,8.4,24.9,66.3,89.9,40.6,Cardstock,Morning,Average,Type_B,Low,77,Op06,B10,38305.9
PP002244,133.2,3.4,16.4,30.7,51.1,27.6,26.1,Standard,Morning,Average,Type_B,High,168,Op03,B01,94741.5
PP002245,126.3,0.7,11.2,31.8,44.1,,17.8,Glossy,Morning,Good,Type_C,High,9,Op09,B02,85159.8
PP002246,74.4,3.3,11.7,31.2,75.7,72.3,40.8,Standard,Afternoon,Average,Type_D,Medium,303,Op07,B10,34565.5
PP002247,95.7,11.5,9.1,20.7,60.4,98.7,55.7,Glossy,Night,Good,Type_C,High,148,Op07,B08,38226.0
PP002248,130.0,1.3,7.9,18.6,53.7,92.2,23.1,Standard,Afternoon,Good,Type_A,Medium,132,Op05,B07,60755.3
PP002249,112.8,9.2,10.4,22.4,52.9,93.4,20.0,Standard,Morning,Good,Type_A,High,125,Op01,B08,70422.4
PP002250,125.3,2.6,7.4,31.7,58.3,75.1,24.0,Glossy,Afternoon,Good,Type_B,High,210,Op08,B03,51554.2
PP002251,143.5,1.5,7.3,29.3,51.5,70.0,35.7,Matte,Morning,Good,Type_B,High,163,Op04,B01,60106.1
PP002252,37.6,8.3,8.7,27.1,56.7,93.2,17.5,Matte,Afternoon,Good,Type_D,Low,79,Op03,B10,12610.7
PP002253,162.4,6.9,14.3,22.5,43.3,44.7,22.2,Standard,Night,Average,Type_B,High,42,Op02,B19,79938.5
PP002254,54.0,15.0,11.4,28.3,48.7,82.3,15.7,Matte,Morning,Good,Type_C,Medium,65,Op07,B12,21839.5
PP002255,115.4,6.5,12.2,24.9,76.1,9.5,47.3,Standard,Afternoon,Poor,Type_A,Medium,84,Op07,B06,21202.6
PP002256,119.9,2.4,12.9,31.7,31.4,87.3,18.1,Cardstock,Morning,Good,Type_A,Medium,319,Op02,B08,76762.8
PP002257,110.3,4.4,10.5,20.2,51.0,94.0,51.1,Cardstock,Night,Average,Type_B,Medium,309,Op09,B06,52757.3
PP002258,121.0,6.8,13.6,22.4,34.0,98.5,25.7,Matte,Night,Good,Type_B,High,124,Op02,B06,89994.3
PP002259,97.0,15.0,20.1,34.6,60.2,89.6,54.5,Glossy,Afternoon,Good,Type_A,High,235,Op06,B12,55012.9
PP002260,91.6,1.0,14.0,24.6,69.1,68.3,31.8,Glossy,Night,Good,Type_C,Medium,311,Op09,B01,54394.6
PP002261,111.6,1.8,8.3,27.6,40.8,86.5,47.2,Matte,Afternoon,Average,Type_D,Low,331,Op10,B10,42358.7
PP002262,120.5,0.5,16.6,21.7,46.6,89.3,22.5,Glossy,Night,Good,Type_B,Low,192,Op10,B09,98768.7
PP002263,92.9,2.0,10.1,26.3,49.0,92.9,33.7,Standard,Morning,Good,Type_A,High,121,Op01,B12,54876.0
PP002264,125.1,13.0,13.1,24.2,58.1,77.2,38.9,Standard,Afternoon,Average,Type_B,Low,222,Op06,B19,67257.5
PP002265,87.2,2.7,17.0,19.9,63.9,,39.5,Standard,Morning,Good,Type_B,Medium,106,Op05,B14,69622.2
PP002266,96.0,3.8,11.0,33.3,46.3,68.6,26.1,Standard,Afternoon,Good,Type_A,High,141,Op04,B05,55364.0
PP002267,107.1,6.7,9.3,17.3,58.1,77.0,52.6,Matte,Afternoon,Good,Type_B,Medium,301,Op05,B15,47106.6
PP002268,129.0,13.5,21.0,26.5,53.7,89.4,37.5,Cardstock,Morning,Poor,Type_B,Low,261,Op09,B06,26857.4
PP002269,104.8,2.8,10.0,19.8,46.9,62.9,37.2,Cardstock,Morning,Good,Type_C,High,44,Op06,B08,48919.5
PP002270,127.2,3.6,9.0,23.2,42.9,91.9,69.2,Standard,Morning,Good,Type_D,Low,146,Op06,B11,56247.5
PP002271,166.3,13.4,14.0,26.1,68.8,20.8,26.0,Glossy,Night,Good,Type_A,Medium,272,Op09,B02,30452.5
PP002272,99.4,2.2,16.0,21.8,68.1,64.1,17.5,Cardstock,Morning,Good,Type_A,Medium,89,Op06,B14,76111.7
PP002273,156.3,10.1,10.7,23.3,59.5,62.9,14.8,Glossy,Morning,Good,Type_C,Medium,364,Op10,B10,81365.3
PP002274,72.3,1.6,12.1,23.1,55.1,76.8,62.0,Cardstock,Morning,Poor,Type_C,High,210,Op06,B09,30785.2
PP002275,135.3,8.2,12.0,28.3,24.5,95.8,71.1,Standard,Afternoon,Good,Type_C,Medium,48,Op02,B16,83878.0
PP002276,108.4,2.2,9.9,31.8,57.7,87.7,37.3,Cardstock,Morning,Good,Type_D,Medium,16,Op05,B13,50557.5
PP002277,180.0,4.4,8.1,24.3,60.7,88.9,17.4,Matte,Night,Good,Type_D,Medium,107,Op06,B09,57551.8
PP002278,98.3,0.0,13.3,23.8,36.5,93.7,27.2,Standard,Night,Good,Type_B,Low,135,Op09,B09,64720.5
PP002279,87.9,0.8,8.8,24.6,47.9,57.9,13.1,Standard,Night,Average,Type_C,Medium,316,Op03,B07,37286.8
PP002280,148.3,6.0,15.4,26.3,76.7,85.7,34.0,Standard,Night,Good,Type_B,Medium,38,Op03,B04,121592.1
PP002281,127.7,0.8,11.6,22.8,58.4,57.3,12.1,Matte,Afternoon,Average,Type_D,Low,239,Op08,B08,66840.9
PP002282,117.0,13.9,7.5,26.2,44.5,,29.1,Cardstock,Morning,Average,Type_A,Low,228,Op06,B04,27446.9
PP002283,37.2,0.2,8.1,15.0,66.1,77.7,15.7,Matte,Afternoon,Good,Type_A,High,104,Op01,B14,11839.0
PP002284,127.1,3.7,15.5,23.6,50.3,89.7,37.5,Glossy,Morning,Good,Type_D,Medium,63,Op01,B18,110170.1
PP002285,111.0,15.0,11.9,19.8,64.6,75.3,34.8,Standard,Night,Poor,Type_A,Medium,206,Op08,B03,30153.5
PP002286,117.1,5.6,10.2,28.7,58.8,84.1,38.3,Standard,Afternoon,Good,Type_D,High,255,Op08,B05,68077.9
PP002287,89.4,6.8,8.2,26.2,51.9,97.0,34.9,Matte,Morning,Average,Type_C,Medium,71,Op05,B09,36031.9
PP002288,156.1,15.0,11.1,22.3,47.9,94.2,21.8,Standard,Morning,Good,Type_D,Medium,315,Op02,B04,81365.3
PP002289,113.8,3.1,9.1,28.6,48.9,76.9,23.5,Glossy,Morning,Average,Type_B,High,53,Op07,B11,55479.9
PP002290,106.4,7.3,21.1,16.3,49.1,76.6,59.1,Standard,Night,Poor,Type_B,High,145,Op10,B01,73865.3
PP002291,64.3,1.7,10.6,24.8,47.1,88.4,41.2,Cardstock,Morning,Average,Type_C,Low,266,Op01,B17,24983.7
PP002292,107.8,1.5,6.8,20.7,43.4,97.4,20.5,Standard,Afternoon,Average,Type_D,Medium,341,Op04,B12,39659.7
PP002293,79.1,0.2,7.2,32.2,59.7,85.5,75.7,Standard,Afternoon,Poor,Type_A,Medium,362,Op04,B18,20682.7
PP002294,157.8,15.0,10.3,28.3,37.3,28.4,55.1,Glossy,Afternoon,Poor,Type_B,Low,176,Op10,B08,4050.3
PP002295,122.0,0.7,8.9,21.6,76.6,83.4,18.8,Standard,Afternoon,Average,Type_C,Medium,296,Op10,B11,57642.6
PP002296,94.7,1.4,6.9,27.3,45.4,95.5,27.5,Matte,Afternoon,Good,Type_C,High,194,Op04,B02,35189.5
PP002297,108.2,9.5,11.0,20.1,41.4,91.9,10.0,Glossy,Morning,Good,Type_B,Medium,85,Op01,B15,69148.9
PP002298,160.4,1.8,7.5,20.9,38.9,99.1,47.9,Glossy,Night,Good,Type_B,Medium,67,Op01,B01,57983.6
PP002299,118.5,3.9,16.3,31.9,71.9,81.0,29.9,Standard,Afternoon,Average,Type_D,Medium,123,Op09,B04,93538.9
PP002300,113.5,3.8,7.1,22.3,53.2,76.7,18.5,Glossy,Afternoon,Average,Type_B,Medium,17,Op03,B08,42882.7
PP002301,173.4,0.9,9.7,22.3,57.6,29.7,33.3,Matte,Afternoon,Good,Type_B,Medium,170,Op01,B16,33731.7
PP002302,125.8,5.1,4.9,24.6,58.3,43.9,28.2,Cardstock,Morning,Average,Type_A,Medium,64,Op01,B06,25200.6
PP002303,142.9,6.9,17.7,17.8,53.9,86.8,89.4,Cardstock,Morning,Poor,Type_B,Medium,129,Op06,B09,90086.2
PP002304,102.7,2.1,22.4,23.9,57.7,75.6,29.3,Cardstock,Afternoon,Good,Type_A,Medium,319,Op04,B15,98001.0
PP002305,101.8,2.5,12.1,,53.6,94.7,51.5,Cardstock,Night,Good,Type_C,Medium,179,Op05,B16,57615.8
PP002306,140.9,0.6,14.1,28.5,63.4,84.7,24.7,Standard,Night,Good,Type_C,Low,333,Op09,B13,105620.8
PP002307,112.4,7.8,8.7,16.4,33.2,99.9,18.1,Glossy,Morning,Average,Type_A,Medium,227,Op06,B07,48189.6
PP002308,125.4,14.8,7.1,29.5,57.2,86.9,23.8,Matte,Afternoon,Average,Type_B,Medium,344,Op07,B10,37777.4
PP002309,111.9,0.1,10.7,25.8,50.7,94.5,37.1,Standard,Afternoon,Good,Type_D,Low,239,Op09,B02,63077.2
PP002310,113.9,4.0,6.3,28.4,54.0,95.0,26.5,Standard,Night,Good,Type_B,Low,77,Op09,B18,35965.8
PP002311,109.7,3.3,15.4,34.7,50.2,86.9,58.2,Matte,Afternoon,Good,Type_A,High,145,Op01,B12,88835.4
PP002312,71.9,6.8,20.4,21.9,38.9,85.0,119.7,Glossy,Afternoon,Poor,Type_B,Medium,306,Op04,B04,36525.3
PP002313,155.7,0.9,11.2,32.0,48.9,,49.9,Matte,Night,Good,Type_A,Low,193,Op02,B11,73338.3
PP002314,94.8,5.3,12.1,26.0,69.1,77.3,39.6,Standard,Afternoon,Average,Type_B,Medium,305,Op03,B09,55342.3
PP002315,75.6,0.2,12.7,29.0,58.8,70.7,60.3,Matte,Afternoon,Good,Type_A,High,151,Op08,B03,45275.8
PP002316,116.5,15.0,5.5,23.6,53.8,93.5,38.8,Glossy,Afternoon,Average,Type_C,High,306,Op04,B10,25658.6
PP002317,92.9,2.3,11.2,18.7,33.6,90.8,13.8,Standard,Morning,Good,Type_C,Medium,36,Op04,B07,54423.0
PP002318,154.3,1.4,5.8,30.4,,89.4,33.7,Glossy,Night,Good,Type_B,Medium,172,Op07,B09,45853.3
PP002319,134.4,11.5,17.3,26.1,55.0,65.4,43.9,Cardstock,Afternoon,Good,Type_C,Medium,50,Op08,B02,94377.6
PP002320,95.2,3.3,18.7,31.4,68.3,95.9,34.5,Standard,Night,Good,Type_A,Medium,121,Op08,B03,85959.7
PP002321,85.6,1.4,11.8,27.2,56.0,84.1,46.9,Matte,Night,Average,Type_A,Medium,336,Op01,B02,47091.0
PP002322,134.5,4.8,19.2,30.7,50.0,87.7,13.9,Standard,Afternoon,Good,Type_A,High,97,Op09,B12,145697.0
PP002323,91.7,0.6,20.3,34.2,73.2,8.0,30.9,Glossy,Morning,Average,Type_A,High,196,Op03,B15,16789.2
PP002324,70.1,1.9,14.0,25.2,50.1,88.5,40.3,Matte,Afternoon,Average,Type_D,Medium,285,Op08,B14,42484.9
PP002325,60.8,2.9,10.9,32.4,52.2,60.0,88.7,Glossy,Afternoon,Good,Type_C,Medium,270,Op08,B17,23418.0
PP002326,136.5,15.0,22.6,24.2,,97.7,34.2,Standard,Afternoon,Poor,Type_C,Medium,320,Op05,B10,39007.6
PP002327,64.0,7.6,11.0,31.4,63.0,74.3,29.1,Standard,Morning,Average,Type_A,High,30,Op06,B05,32875.8
PP002328,76.2,1.8,15.0,21.0,41.0,77.4,21.1,Standard,Night,Average,Type_A,Medium,225,Op04,B14,54841.6
PP002329,136.0,1.5,20.4,23.9,36.4,69.7,18.1,Glossy,Night,Good,Type_C,High,351,Op02,B05,135501.1
PP002330,139.6,15.0,15.0,22.5,35.0,57.6,42.0,Cardstock,Morning,Poor,Type_A,Low,157,Op08,B03,32932.4
PP002331,76.4,1.3,11.4,31.1,62.5,91.7,33.0,Standard,Afternoon,Good,Type_B,Low,359,Op05,B09,41279.5
PP002332,94.3,1.3,14.1,22.2,44.2,86.8,30.4,Matte,Afternoon,Good,Type_A,Medium,194,Op07,B01,70217.3
PP002333,145.0,3.1,12.4,23.6,53.6,96.0,40.8,Matte,Morning,Good,Type_B,Medium,155,Op05,B11,104702.5
PP002334,120.6,5.0,11.2,27.6,54.1,81.7,37.4,Matte,Afternoon,Good,Type_C,High,297,Op05,B05,74496.1
PP002335,99.0,1.2,13.2,22.4,56.5,86.5,21.3,Cardstock,Night,Good,Type_B,Medium,117,Op10,B05,62942.3
PP002336,117.6,13.8,6.7,22.6,40.1,96.3,43.4,Standard,Morning,Poor,Type_C,Medium,174,Op07,B19,22849.9
PP002337,127.2,3.2,8.7,27.2,41.2,91.1,26.7,Glossy,Morning,Good,Type_C,Low,190,Op10,B12,57692.6
PP002338,78.6,0.8,10.6,26.2,41.9,86.0,24.1,Cardstock,Afternoon,Good,Type_A,Medium,279,Op08,B03,39381.3
PP002339,81.3,1.8,10.5,22.9,55.2,85.6,12.5,Cardstock,Night,Average,Type_C,Medium,23,Op07,B18,37829.8
PP002340,149.5,10.7,8.5,26.7,53.1,92.5,26.9,Cardstock,Afternoon,Poor,Type_A,Low,84,Op07,B13,45304.1
PP002341,170.0,12.8,8.0,,66.5,79.1,20.6,Matte,Morning,Average,Type_C,Medium,197,Op10,B03,52739.3
PP002342,142.8,2.4,15.8,21.9,60.0,93.4,38.6,Standard,Night,Average,Type_A,Low,294,Op03,B14,116226.7
PP002343,107.9,14.3,7.9,28.1,56.7,99.8,31.7,Standard,Morning,Poor,Type_C,Low,15,Op04,B19,19792.3
PP002344,92.1,3.1,9.1,21.3,35.1,85.8,39.2,Standard,Afternoon,Good,Type_A,Medium,60,Op09,B04,44181.8
PP002345,115.8,12.8,8.2,15.6,27.7,88.8,32.5,Glossy,Afternoon,Average,Type_C,Medium,318,Op07,B17,33339.7
PP002346,147.6,5.9,15.9,22.5,86.5,92.1,68.1,Matte,Night,Good,Type_A,Medium,272,Op07,B07,107119.3
PP002347,154.2,2.3,9.8,24.7,,98.8,28.9,Matte,Night,Good,Type_C,Medium,126,Op10,B04,82348.0
PP002348,113.7,1.6,8.3,26.1,44.8,84.5,29.5,Glossy,Afternoon,Good,Type_D,Low,105,Op07,B08,47314.4
PP002349,126.8,13.3,7.9,18.5,38.3,78.9,58.1,Standard,Night,Average,Type_C,Medium,145,Op02,B04,40270.7
PP002350,67.8,2.5,9.3,15.0,54.6,89.1,22.3,Matte,Night,Average,Type_D,High,251,Op06,B12,25711.5
PP002351,109.6,15.0,6.1,15.1,52.8,82.5,47.3,Standard,Morning,Poor,Type_C,Medium,228,Op03,B12,13431.0
PP002352,160.7,1.3,9.8,24.7,50.8,,20.0,Matte,Afternoon,Good,Type_B,Medium,168,Op02,B10,86714.5
PP002353,109.5,3.4,17.2,28.2,20.0,92.0,50.1,Glossy,Afternoon,Good,Type_C,Low,37,Op01,B16,81566.7
PP002354,128.6,11.5,6.2,,,80.4,64.1,Standard,Morning,Average,Type_B,Medium,309,Op06,B19,31886.9
PP002355,142.7,1.1,6.6,28.9,44.4,72.7,27.5,Glossy,Afternoon,Good,Type_B,Medium,31,Op06,B18,52795.0
PP002356,140.2,0.0,9.1,23.5,52.5,97.0,38.9,Cardstock,Night,Good,Type_D,High,184,Op05,B04,65493.3
PP002357,117.1,10.9,7.3,23.8,36.0,99.2,40.6,Cardstock,Night,Average,Type_B,Medium,313,Op10,B05,34811.3
PP002358,96.1,2.1,7.9,17.0,36.0,62.4,52.8,Standard,Morning,Good,Type_B,Medium,286,Op06,B07,34860.5
PP002359,44.8,1.1,5.3,28.3,45.5,93.6,47.3,Standard,Afternoon,Average,Type_A,Low,247,Op04,B14,8543.6
PP002360,76.9,2.9,8.0,19.5,68.7,80.3,60.4,Standard,Morning,Good,Type_B,High,87,Op10,B17,29510.0
PP002361,104.1,0.0,9.0,25.2,37.7,34.8,37.2,Glossy,Morning,Average,Type_B,High,124,Op08,B11,37331.1
PP002362,136.9,14.4,15.1,28.5,39.0,73.4,28.3,Matte,Night,Average,Type_A,Medium,62,Op09,B11,81334.8
PP002363,120.5,10.9,8.4,25.6,42.9,71.9,20.9,Cardstock,Morning,Poor,Type_B,High,136,Op08,B11,37329.4
PP002364,150.6,6.5,10.4,27.2,63.4,97.1,25.5,Glossy,Morning,Good,Type_D,Low,312,Op01,B18,70266.4
PP002365,75.0,4.0,13.8,,51.8,94.2,53.4,Standard,Morning,Average,Type_A,Medium,280,Op01,B07,49584.3
PP002366,57.2,5.3,17.4,,50.0,93.7,57.7,Standard,Afternoon,Average,Type_C,High,83,Op02,B10,40802.9
PP002367,133.2,5.0,11.3,21.5,35.3,96.4,35.3,Glossy,Morning,Poor,Type_C,Medium,103,Op01,B10,69414.7
PP002368,170.9,5.2,9.4,29.1,56.1,79.3,20.7,Cardstock,Morning,Good,Type_C,High,364,Op01,B20,74451.2
PP002369,120.3,3.9,6.7,15.3,58.1,82.0,52.1,Standard,Afternoon,Good,Type_A,High,114,Op06,B17,41086.2
PP002370,96.5,1.9,10.2,24.2,41.9,93.8,24.2,Matte,Afternoon,Good,Type_A,Low,324,Op02,B11,49961.5
PP002371,142.3,4.1,11.2,19.7,44.9,,25.4,Standard,Afternoon,Average,Type_D,Low,326,Op09,B08,75336.8
PP002372,159.0,14.1,15.7,22.9,58.2,80.7,17.2,Matte,Morning,Good,Type_D,Medium,200,Op01,B07,108544.3
PP002373,75.2,0.9,8.8,27.5,73.7,82.9,25.7,Glossy,Morning,Good,Type_C,Low,362,Op03,B07,28626.8
PP002374,103.1,0.0,6.9,23.9,57.8,98.0,48.7,Cardstock,Night,Good,Type_A,Medium,30,Op01,B03,34099.2
PP002375,146.2,6.1,10.1,28.0,51.4,94.7,29.0,Standard,Morning,Average,Type_D,Medium,68,Op02,B09,83761.1
PP002376,121.9,2.4,7.5,26.8,56.5,93.8,10.0,Glossy,Morning,Good,Type_D,Medium,158,Op01,B17,50691.8
PP002377,88.6,1.8,13.9,27.8,58.5,94.7,79.9,Matte,Night,Good,Type_A,Medium,212,Op05,B07,60954.5
PP002378,104.6,2.3,20.3,24.0,54.0,93.6,39.1,Glossy,Afternoon,Good,Type_B,Low,176,Op01,B13,99078.3
PP002379,85.9,0.7,9.1,24.3,85.3,81.2,16.7,Glossy,Night,Good,Type_D,Medium,22,Op06,B05,31826.1
PP002380,67.5,12.0,11.9,27.3,48.3,82.8,26.5,Standard,Night,Good,Type_A,High,97,Op10,B03,36577.6
PP002381,124.1,1.5,5.2,15.9,59.8,79.6,38.6,Standard,Morning,Good,Type_B,Medium,216,Op06,B12,32731.5
PP002382,72.7,0.4,7.6,19.9,58.6,96.7,14.4,Glossy,Afternoon,Good,Type_B,High,297,Op08,B14,28890.4
PP002383,110.2,4.2,15.1,22.9,47.0,91.2,32.2,Standard,Afternoon,Good,Type_A,High,100,Op08,B16,99510.6
PP002384,84.1,1.8,7.2,30.4,61.4,88.8,37.6,Cardstock,Afternoon,Good,Type_C,Medium,156,Op06,B11,27376.1
PP002385,127.7,15.0,8.3,26.3,47.7,60.3,25.8,Cardstock,Night,Poor,Type_C,Low,301,Op09,B14,14465.3
PP002386,102.5,9.1,12.2,27.1,52.6,91.3,27.7,Standard,Morning,Average,Type_D,High,217,Op01,B08,65646.7
PP002387,105.5,5.0,7.0,18.4,50.3,77.6,26.7,Standard,Night,Good,Type_B,Low,127,Op09,B19,35638.3
PP002388,64.5,6.6,10.4,27.1,33.9,93.7,19.3,Matte,Night,Average,Type_B,Medium,133,Op05,B15,29730.5
PP002389,121.1,8.8,8.7,26.2,60.6,44.8,17.3,Cardstock,Morning,Average,Type_A,Low,144,Op04,B13,38602.8
PP002390,99.6,3.4,12.4,31.9,,95.5,40.3,Matte,Afternoon,Good,Type_B,Medium,276,Op01,B05,64649.1
PP002391,88.0,3.7,19.8,20.1,50.6,60.4,47.7,Matte,Afternoon,Poor,Type_D,Medium,235,Op06,B15,58283.0
PP002392,126.8,0.0,10.2,25.6,47.2,50.7,61.4,Cardstock,Night,Good,Type_A,Medium,284,Op02,B20,54569.5
PP002393,142.2,2.7,11.7,19.3,,,61.1,Cardstock,Night,Good,Type_B,Medium,202,Op08,B05,76016.9
PP002394,167.0,4.7,18.8,25.4,43.3,81.9,18.5,Standard,Morning,Average,Type_C,High,145,Op09,B05,153839.5
PP002395,119.4,6.2,10.0,23.3,51.3,93.0,27.1,Glossy,Afternoon,Average,Type_A,Medium,15,Op02,B19,63351.6
PP002396,120.7,2.9,15.1,30.2,51.3,76.0,28.0,Matte,Morning,Good,Type_A,Medium,224,Op07,B05,104328.5
PP002397,83.4,1.1,6.4,20.7,46.6,89.3,14.2,Standard,Morning,Good,Type_C,Medium,203,Op04,B06,29754.3
PP002398,91.9,6.9,7.3,24.6,43.2,98.8,45.6,Standard,Night,Average,Type_A,Low,237,Op02,B16,28262.7
PP002399,150.5,11.1,8.6,26.5,31.8,89.9,29.9,Glossy,Afternoon,Average,Type_A,Low,319,Op10,B18,48760.4
PP002400,99.2,5.6,7.9,20.9,46.2,63.4,31.8,Cardstock,Afternoon,Good,Type_D,Low,131,Op06,B18,33144.4
PP002401,171.3,1.8,9.0,19.1,59.3,78.0,24.8,Standard,Morning,Good,Type_A,Low,165,Op10,B16,52562.1
PP002402,74.3,1.3,16.5,25.9,80.4,90.2,26.1,Standard,Night,Good,Type_D,Medium,125,Op10,B08,54638.5
PP002403,108.9,3.1,13.9,19.0,42.6,63.0,23.7,Standard,Morning,Good,Type_B,High,362,Op07,B10,85536.5
PP002404,108.0,1.6,11.4,15.6,77.5,92.3,20.3,Cardstock,Morning,Good,Type_C,Low,246,Op01,B18,47107.2
PP002405,92.8,1.9,7.6,27.6,64.4,94.1,50.2,Cardstock,Morning,Good,Type_A,Medium,72,Op08,B20,34055.4
PP002406,104.5,14.3,7.8,25.6,66.1,79.2,41.5,Standard,Afternoon,Poor,Type_D,Medium,119,Op07,B14,19359.1
PP002407,108.2,12.2,13.3,21.7,57.0,95.0,39.2,Matte,Afternoon,Average,Type_D,Medium,280,Op01,B11,62608.6
PP002408,119.7,15.0,11.6,21.4,48.2,76.5,53.8,Standard,Morning,Poor,Type_B,Medium,258,Op02,B01,37244.4
PP002409,111.6,1.8,6.5,25.1,,97.1,31.3,Matte,Morning,Good,Type_B,Medium,135,Op08,B10,41279.3
PP002410,147.5,3.1,17.6,17.1,59.3,55.0,14.1,Standard,Morning,Good,Type_C,High,34,Op08,B17,137580.0
PP002411,180.0,1.9,16.2,22.4,58.1,96.4,89.7,Glossy,Night,Good,Type_C,Low,159,Op08,B09,57093.6
PP002412,138.2,8.6,7.2,26.9,,95.0,14.8,Standard,Afternoon,Poor,Type_C,Medium,120,Op01,B14,44654.0
PP002413,127.2,10.9,18.4,24.6,,85.2,50.1,Standard,Morning,Good,Type_A,High,300,Op04,B08,122471.1
PP002414,83.0,1.6,14.6,28.6,47.2,42.4,26.7,Standard,Morning,Good,Type_B,High,47,Op08,B11,55362.7
PP002415,97.2,5.2,13.0,23.1,47.6,66.1,19.0,Matte,Morning,Average,Type_C,Medium,353,Op05,B14,61008.1
PP002416,60.5,0.4,6.2,22.5,61.4,92.6,36.8,Cardstock,Night,Good,Type_A,High,68,Op03,B10,16160.5
PP002417,130.2,1.4,6.1,25.3,47.2,92.3,25.7,Glossy,Morning,Good,Type_A,Medium,155,Op01,B08,44868.7
PP002418,67.5,4.9,10.0,22.1,51.2,97.1,27.7,Cardstock,Afternoon,Average,Type_B,Medium,233,Op10,B12,29295.3
PP002419,136.6,2.9,10.5,19.7,22.5,86.7,26.9,Standard,Afternoon,Average,Type_B,Low,9,Op08,B12,70387.0
PP002420,90.7,0.8,19.6,32.5,63.8,,39.9,Standard,Morning,Average,Type_D,Medium,301,Op03,B12,76084.4
PP002421,126.3,8.7,17.3,32.2,44.2,49.7,31.2,Glossy,Morning,Average,Type_D,Medium,50,Op05,B11,79321.3
PP002422,131.5,2.6,10.9,30.2,68.0,85.3,18.1,Cardstock,Afternoon,Good,Type_A,Low,201,Op06,B13,71354.6
PP002423,54.7,4.9,12.9,31.5,71.6,,32.0,Matte,Night,Good,Type_C,Low,317,Op10,B16,23566.1
PP002424,89.6,5.4,7.0,18.8,,96.9,38.9,Cardstock,Night,Good,Type_C,Medium,116,Op10,B02,28053.1
PP002425,126.4,0.8,7.6,22.1,64.9,88.5,24.4,Matte,Morning,Good,Type_A,High,46,Op07,B11,57732.0
PP002426,130.3,2.9,10.8,23.1,52.9,79.8,29.8,Standard,Morning,Good,Type_C,Medium,119,Op02,B04,87154.1
PP002427,140.6,2.6,7.2,21.6,50.9,94.4,37.3,Matte,Afternoon,Good,Type_C,Low,90,Op01,B10,54500.6
PP002428,104.0,2.3,11.6,21.5,64.7,93.5,30.8,Standard,Night,Good,Type_D,Low,114,Op03,B06,58316.1
PP002429,112.0,5.6,11.0,29.7,41.4,73.4,45.8,Glossy,Night,Good,Type_B,Medium,265,Op05,B03,59148.6
PP002430,172.1,1.4,12.1,27.4,43.9,82.4,65.2,Standard,Morning,Good,Type_A,High,35,Op10,B06,106430.7
PP002431,121.4,0.4,13.1,26.9,41.2,72.3,36.7,Glossy,Afternoon,Good,Type_C,Low,106,Op01,B18,75106.8
PP002432,141.3,5.8,13.3,22.5,46.1,69.5,16.8,Cardstock,Afternoon,Average,Type_C,High,334,Op03,B07,92825.0
PP002433,106.6,1.3,10.8,16.3,56.5,92.0,19.0,Glossy,Afternoon,Average,Type_A,Medium,276,Op06,B05,56163.3
PP002434,66.9,11.6,13.7,16.7,50.2,62.2,26.3,Cardstock,Afternoon,Poor,Type_A,High,152,Op04,B04,18415.6
PP002435,129.9,0.5,12.1,25.9,46.3,94.8,56.2,Cardstock,Night,Good,Type_B,Low,359,Op03,B11,74195.9
PP002436,132.5,0.1,11.9,23.2,65.5,99.8,29.8,Cardstock,Night,Average,Type_A,Low,276,Op01,B08,73904.8
PP002437,145.2,8.4,6.3,18.4,59.4,72.8,42.6,Standard,Afternoon,Poor,Type_B,High,230,Op01,B13,38585.2
PP002438,86.2,3.4,8.3,29.5,62.1,99.2,83.8,Glossy,Morning,Average,Type_C,Medium,354,Op09,B18,29066.0
PP002439,92.4,3.0,8.9,27.6,58.8,56.9,19.9,Cardstock,Night,Average,Type_D,Medium,348,Op03,B03,32254.9
PP002440,45.9,1.9,14.9,21.7,48.9,,30.0,Matte,Morning,Good,Type_B,Medium,228,Op10,B17,31636.3
PP002441,132.9,1.8,15.4,29.0,50.7,69.1,25.4,Glossy,Night,Good,Type_B,Medium,341,Op07,B01,103893.8
PP002442,141.0,5.1,7.1,24.9,67.3,97.8,14.9,Cardstock,Night,Good,Type_D,Low,336,Op08,B16,47064.4
PP002443,93.5,3.2,7.7,19.1,49.2,92.7,18.3,Standard,Afternoon,Poor,Type_C,Medium,343,Op06,B02,31779.2
PP002444,100.9,2.4,11.3,26.7,,75.3,37.8,Matte,Night,Average,Type_B,High,221,Op06,B18,58846.6
PP002445,108.1,5.9,15.9,23.9,55.6,86.1,67.7,Cardstock,Morning,Good,Type_B,Medium,209,Op04,B01,78557.3
PP002446,165.9,1.0,14.8,28.1,49.2,72.7,43.6,Standard,Night,Good,Type_C,Low,347,Op10,B17,94140.6
PP002447,144.0,0.5,16.0,28.0,47.7,91.1,26.6,Standard,Morning,Good,Type_B,Medium,135,Op05,B11,143506.9
PP002448,151.5,5.3,11.2,,57.1,84.9,21.5,Standard,Night,Good,Type_A,Low,323,Op03,B15,79659.2
PP002449,110.3,15.0,16.9,21.9,75.8,92.4,34.5,Glossy,Afternoon,Poor,Type_A,High,285,Op05,B03,36262.4
PP002450,100.8,5.5,11.9,19.9,60.2,83.8,29.1,Standard,Afternoon,Good,Type_A,Low,296,Op06,B02,57021.9
PP002451,150.2,5.9,13.7,,65.5,82.9,63.5,Glossy,Night,Poor,Type_B,Medium,180,Op08,B06,71494.4
PP002452,61.9,3.0,11.2,29.0,61.5,81.4,18.6,Standard,Night,Good,Type_D,Low,125,Op04,B20,28351.1
PP002453,131.4,1.5,10.2,17.3,47.1,90.8,59.0,Matte,Morning,Good,Type_A,High,127,Op05,B18,74222.5
PP002454,73.4,1.4,11.1,,49.0,94.2,29.9,Glossy,Morning,Average,Type_B,Medium,158,Op10,B19,37592.1
PP002455,140.1,6.3,13.0,21.9,54.2,93.8,35.6,Cardstock,Afternoon,Good,Type_D,Medium,5,Op03,B20,93989.7
PP002456,131.2,2.7,9.0,26.0,43.1,89.5,45.3,Standard,Morning,Average,Type_B,Medium,222,Op03,B02,68459.8
PP002457,86.6,15.0,9.2,23.8,46.2,88.0,15.8,Matte,Night,Average,Type_C,Medium,59,Op03,B02,27695.8
PP002458,122.0,1.9,13.8,27.8,75.3,96.1,17.7,Standard,Night,Average,Type_A,Medium,152,Op09,B15,85960.1
PP002459,78.7,2.1,8.4,16.9,35.9,78.5,34.3,Cardstock,Morning,Good,Type_B,Medium,358,Op10,B12,29014.6
PP002460,81.4,0.5,6.4,,54.2,90.8,54.4,Glossy,Morning,Good,Type_D,High,43,Op07,B07,24490.3
PP002461,102.3,2.3,10.2,23.8,55.9,15.4,27.1,Glossy,Morning,Good,Type_D,Medium,197,Op10,B16,29945.4
PP002462,90.6,2.6,12.5,24.6,45.6,92.0,41.2,Cardstock,Morning,Good,Type_D,Medium,168,Op10,B12,54097.2
PP002463,146.5,0.7,8.2,22.1,75.0,90.1,11.4,Glossy,Morning,Good,Type_B,Medium,326,Op02,B17,69569.7
PP002464,180.0,12.3,6.5,21.0,61.5,93.0,23.9,Matte,Morning,Poor,Type_D,Medium,12,Op01,B05,20672.2
PP002465,115.0,6.5,8.9,35.1,45.9,99.6,18.5,Standard,Afternoon,Good,Type_B,Medium,351,Op07,B15,55825.9
PP002466,114.7,1.9,8.8,27.0,,84.2,35.5,Glossy,Afternoon,Good,Type_D,Medium,127,Op09,B14,55255.8
PP002467,138.7,13.3,8.4,21.8,65.8,89.8,35.8,Matte,Night,Poor,Type_C,Low,243,Op03,B07,28239.3
PP002468,104.6,0.3,6.6,24.7,58.7,18.2,35.1,Cardstock,Afternoon,Good,Type_B,Medium,52,Op08,B10,18828.3
PP002469,129.2,1.4,10.0,,54.8,83.4,67.7,Standard,Afternoon,Good,Type_A,Medium,223,Op01,B17,66475.9
PP002470,54.6,4.1,11.2,21.5,59.1,93.1,38.4,Matte,Morning,Average,Type_A,Medium,70,Op04,B01,27750.7
PP002471,92.5,0.9,12.7,30.3,55.4,,47.1,Cardstock,Afternoon,Good,Type_C,Low,295,Op02,B02,36237.8
PP002472,65.3,4.5,9.9,27.6,53.8,93.5,17.9,Cardstock,Morning,Average,Type_A,Medium,301,Op03,B11,28797.2
PP002473,53.5,4.0,11.3,32.0,42.7,68.7,48.7,Matte,Afternoon,Average,Type_A,Medium,324,Op02,B19,23868.6
PP002474,145.0,3.3,7.6,28.9,28.3,30.7,33.4,Cardstock,Afternoon,Good,Type_C,High,139,Op09,B07,44353.9
PP002475,104.9,4.9,13.0,20.6,52.9,92.9,25.4,Standard,Morning,Average,Type_A,Medium,282,Op05,B07,76885.6
PP002476,164.8,1.0,13.6,21.4,47.4,98.0,21.4,Glossy,Morning,Good,Type_D,Medium,277,Op02,B19,118516.1
PP002477,162.7,14.9,9.7,19.9,56.6,85.4,11.3,Cardstock,Afternoon,Average,Type_B,High,289,Op05,B18,58217.2
PP002478,112.5,1.8,10.2,,58.5,97.9,48.6,Glossy,Afternoon,Good,Type_A,High,99,Op09,B04,62334.1
PP002479,101.2,14.1,13.1,27.9,66.5,90.4,22.7,Standard,Morning,Poor,Type_D,Medium,80,Op03,B01,35123.7
PP002480,90.4,0.5,16.7,22.3,,92.4,38.4,Matte,Morning,Good,Type_D,High,79,Op06,B19,80154.3
PP002481,36.4,2.7,5.6,31.0,50.3,88.8,28.5,Standard,Afternoon,Good,Type_B,Medium,94,Op10,B14,8415.3
PP002482,97.4,1.6,6.4,22.5,52.4,71.0,42.1,Matte,Morning,Good,Type_C,Medium,148,Op08,B11,31417.7
PP002483,105.8,5.5,11.9,20.8,75.6,85.4,31.8,Matte,Afternoon,Average,Type_A,Medium,62,Op06,B04,60954.1
PP002484,93.0,4.5,8.7,27.1,72.7,76.7,28.9,Glossy,Morning,Good,Type_A,Medium,57,Op04,B15,38699.1
PP002485,83.4,5.8,10.7,18.4,77.5,89.4,51.3,Standard,Morning,Good,Type_B,Medium,202,Op05,B19,42249.3
PP002486,111.7,5.1,13.1,30.5,61.9,93.8,33.5,Glossy,Morning,Poor,Type_C,Medium,298,Op02,B03,61242.8
PP002487,102.6,0.4,9.4,24.5,45.8,,18.6,Cardstock,Morning,Good,Type_C,High,279,Op08,B13,52738.9
PP002488,118.8,5.6,7.9,20.8,47.3,67.6,32.8,Standard,Night,Average,Type_A,Low,177,Op09,B17,42974.1
PP002489,82.9,10.7,16.7,,34.6,,29.7,Matte,Night,Average,Type_C,Medium,233,Op01,B01,31278.6
PP002490,174.6,7.5,13.8,,55.0,86.7,41.4,Cardstock,Afternoon,Average,Type_B,Medium,146,Op06,B16,86877.1
PP002491,131.7,2.1,7.6,22.9,41.6,91.0,19.6,Glossy,Afternoon,Good,Type_B,Medium,200,Op08,B11,58587.7
PP002492,109.2,1.3,11.1,21.6,,62.9,23.9,Standard,Night,Good,Type_A,High,247,Op02,B01,66888.8
PP002493,89.3,4.1,8.0,,70.7,68.8,31.5,Matte,Morning,Average,Type_B,Low,196,Op06,B06,25005.4
PP002494,83.4,3.5,7.3,32.1,,83.9,43.5,Standard,Afternoon,Average,Type_C,Medium,195,Op09,B13,27752.7
PP002495,139.6,1.2,10.0,23.4,65.6,92.8,42.6,Cardstock,Morning,Good,Type_C,High,2,Op01,B01,75380.5
PP002496,101.2,2.6,5.8,28.0,54.7,96.2,29.5,Glossy,Morning,Good,Type_B,Medium,127,Op10,B16,31115.5
PP002497,115.9,0.4,21.8,21.8,53.7,20.9,32.9,Glossy,Night,Good,Type_A,Medium,141,Op08,B17,59241.0
PP002498,127.5,1.7,6.3,34.3,41.3,,42.4,Standard,Afternoon,Good,Type_A,Medium,356,Op03,B08,43554.6
PP002499,97.0,1.0,11.1,27.1,48.8,89.0,23.0,Standard,Afternoon,Good,Type_B,Medium,130,Op06,B15,60846.1
PP002500,122.5,1.4,11.3,20.1,39.4,79.1,41.6,Standard,Afternoon,Average,Type_A,High,100,Op10,B12,76994.9
PP002501,54.9,12.9,6.8,28.0,41.0,88.0,51.8,Standard,Afternoon,Poor,Type_B,High,260,Op06,B17,8629.6
PP002502,83.5,0.5,10.0,26.2,46.2,91.2,51.3,Standard,Morning,Average,Type_B,Low,26,Op09,B12,39217.9
PP002503,52.5,15.0,8.8,22.7,42.8,93.1,82.8,Standard,Morning,Poor,Type_A,High,49,Op03,B03,9038.5
PP002504,101.2,3.8,8.4,21.1,51.1,87.7,25.8,Matte,Night,Average,Type_A,High,10,Op04,B13,44878.8
PP002505,100.7,0.1,8.7,,36.1,79.0,42.1,Standard,Night,Good,Type_D,High,168,Op02,B19,45219.3
PP002506,170.3,11.5,13.4,27.2,61.8,77.0,38.3,Matte,Afternoon,Good,Type_A,High,92,Op07,B09,109772.4
PP002507,89.1,4.9,21.2,16.6,48.4,92.5,28.8,Standard,Morning,Good,Type_A,Medium,215,Op04,B20,92050.6
PP002508,118.7,0.6,10.9,26.3,52.4,89.8,20.0,Standard,Morning,Average,Type_D,High,228,Op03,B06,75044.3
PP002509,127.4,5.7,9.2,17.4,46.0,90.1,20.6,Standard,Afternoon,Good,Type_B,High,359,Op04,B15,70541.4
PP002510,158.6,1.5,7.4,16.3,55.8,54.5,19.8,Matte,Morning,Good,Type_A,Medium,338,Op01,B19,50133.6
PP002511,128.5,5.8,14.7,22.4,58.3,75.5,21.7,Cardstock,Night,Good,Type_D,Low,9,Op01,B04,84281.4
PP002512,137.7,4.4,6.9,22.5,38.1,85.5,16.8,Standard,Afternoon,Average,Type_D,Medium,334,Op02,B02,53650.6
PP002513,171.1,14.4,8.0,22.1,62.0,79.5,40.4,Matte,Morning,Poor,Type_D,Medium,209,Op07,B13,26914.6
PP002514,60.4,1.4,6.0,24.9,60.6,54.0,51.3,Glossy,Afternoon,Good,Type_A,Low,306,Op02,B01,12672.7
PP002515,95.4,6.7,16.1,18.3,72.8,98.2,39.7,Standard,Morning,Average,Type_C,High,338,Op07,B08,73932.2
PP002516,101.8,15.0,13.6,,43.3,96.6,21.0,Glossy,Morning,Good,Type_B,Medium,72,Op01,B19,62474.2
PP002517,111.7,5.5,10.8,31.2,,,61.3,Glossy,Afternoon,Good,Type_B,High,207,Op03,B20,59923.5
PP002518,93.5,4.2,6.1,29.3,44.1,82.3,32.7,Matte,Night,Poor,Type_B,Medium,204,Op07,B09,22026.7
PP002519,147.9,1.3,20.4,26.4,74.7,,70.6,Glossy,Afternoon,Good,Type_C,Medium,104,Op07,B04,141400.2
PP002520,93.9,12.4,12.5,,,86.8,77.0,Matte,Afternoon,Average,Type_A,Medium,312,Op03,B10,46844.0
PP002521,92.9,0.6,12.0,,53.1,78.3,24.0,Glossy,Afternoon,Good,Type_D,Medium,55,Op03,B06,56057.6
PP002522,128.4,0.9,9.0,16.9,66.9,97.8,30.7,Standard,Afternoon,Good,Type_D,Medium,14,Op02,B19,64084.2
PP002523,90.0,1.4,7.3,18.2,57.1,73.9,29.5,Cardstock,Night,Average,Type_D,Low,248,Op04,B08,24262.2
PP002524,80.1,0.7,6.0,24.5,51.7,87.1,29.4,Standard,Morning,Average,Type_D,Medium,142,Op08,B14,22875.3
PP002525,71.9,0.9,7.1,27.3,68.4,94.3,41.2,Standard,Morning,Good,Type_A,Medium,27,Op05,B01,25906.5
PP002526,109.3,4.8,9.9,20.9,54.9,70.5,34.6,Glossy,Night,Average,Type_D,Medium,49,Op06,B03,49589.2
PP002527,146.0,1.6,15.4,24.6,68.1,88.5,42.4,Matte,Night,Good,Type_A,Medium,321,Op04,B07,120896.9
PP002528,138.8,4.8,9.7,24.6,57.4,77.4,111.1,Matte,Night,Average,Type_A,Medium,111,Op08,B01,58694.3
PP002529,127.7,6.0,9.0,24.9,38.4,68.9,25.7,Standard,Afternoon,Good,Type_C,Low,345,Op09,B09,55131.7
PP002530,117.1,3.1,7.7,25.4,55.8,79.8,23.8,Matte,Afternoon,Good,Type_A,Medium,100,Op04,B13,52085.6
PP002531,95.6,15.0,18.6,30.7,66.1,84.5,29.4,Standard,Afternoon,Average,Type_C,Low,10,Op07,B05,44767.8
PP002532,110.3,1.0,8.5,30.3,51.1,54.5,41.6,Standard,Afternoon,Good,Type_A,High,21,Op07,B15,50430.2
PP002533,74.3,8.9,16.7,21.6,61.2,91.1,33.9,Glossy,Night,Poor,Type_C,Low,55,Op01,B05,26794.2
PP002534,118.4,8.1,14.1,20.3,58.1,70.4,34.7,Standard,Morning,Average,Type_B,Medium,167,Op04,B08,85294.0
PP002535,145.3,0.1,12.6,22.9,57.2,11.2,77.6,Glossy,Afternoon,Average,Type_A,Medium,174,Op03,B15,48088.2
PP002536,61.5,5.9,10.3,19.7,40.7,94.0,23.3,Matte,Afternoon,Average,Type_C,High,21,Op01,B01,28472.1
PP002537,155.5,0.9,7.3,16.1,69.5,77.5,26.6,Matte,Afternoon,Average,Type_A,Medium,218,Op08,B14,52926.5
PP002538,44.4,4.9,16.2,30.6,51.4,95.5,34.0,Glossy,Morning,Average,Type_B,Medium,124,Op04,B16,27804.0
PP002539,88.6,2.6,13.0,30.4,40.4,98.0,53.0,Glossy,Afternoon,Good,Type_B,Low,105,Op10,B09,51883.6
PP002540,78.9,4.7,8.4,26.7,35.5,91.4,46.6,Glossy,Morning,Average,Type_D,Medium,238,Op09,B10,28804.4
PP002541,90.3,8.0,8.9,23.5,52.6,86.3,37.9,Standard,Night,Average,Type_B,High,64,Op02,B11,38985.7
PP002542,101.9,6.4,6.5,,55.9,95.1,18.1,Standard,Afternoon,Good,Type_B,Low,167,Op04,B19,31683.8
PP002543,153.3,0.5,12.2,25.8,54.8,34.7,20.0,Standard,Night,Good,Type_D,High,18,Op09,B15,72623.4
PP002544,81.1,2.3,8.1,17.4,39.8,88.2,25.0,Standard,Afternoon,Good,Type_C,High,237,Op05,B11,33490.9
PP002545,83.7,0.8,20.6,22.6,66.8,78.1,25.4,Standard,Night,Good,Type_A,High,349,Op04,B10,81085.3
PP002546,89.4,0.5,10.8,27.7,34.5,74.3,27.9,Standard,Morning,Good,Type_B,Low,203,Op07,B08,45608.6
PP002547,95.5,0.4,10.0,,41.5,93.6,21.3,Standard,Night,Poor,Type_B,Medium,221,Op10,B15,37474.0
PP002548,92.6,7.2,8.8,28.8,43.3,77.9,11.1,Glossy,Night,Good,Type_D,Medium,178,Op06,B20,37867.1
PP002549,70.5,2.3,14.7,18.2,65.2,94.3,67.0,Matte,Night,Average,Type_C,Low,288,Op05,B19,35341.7
PP002550,121.1,14.4,21.3,26.5,47.1,,28.9,Standard,Morning,Poor,Type_B,Medium,102,Op02,B11,44570.7
PP002551,108.7,0.2,16.1,23.4,40.0,97.3,43.4,Standard,Morning,Average,Type_D,High,37,Op05,B07,95684.0
PP002552,144.7,4.1,9.1,23.5,48.4,84.3,31.3,Standard,Morning,Good,Type_A,Medium,313,Op09,B15,82738.0
PP002553,152.4,3.5,13.4,26.5,34.2,71.1,30.4,Glossy,Morning,Good,Type_A,High,99,Op02,B19,112951.9
PP002554,63.2,6.0,6.7,26.7,44.0,95.6,22.9,Matte,Afternoon,Average,Type_A,Medium,288,Op05,B16,18923.4
PP002555,163.3,7.8,7.6,25.9,34.6,85.3,22.4,Matte,Afternoon,Average,Type_B,Medium,302,Op02,B17,60251.9
PP002556,129.4,0.0,10.9,22.8,63.1,74.6,34.7,Glossy,Afternoon,Good,Type_B,Medium,272,Op08,B11,74509.3
PP002557,153.5,3.3,9.9,19.7,52.9,80.6,48.9,Cardstock,Afternoon,Good,Type_A,Low,206,Op07,B07,62186.7
PP002558,110.1,0.3,8.4,,32.7,78.8,24.8,Cardstock,Night,Good,Type_A,Medium,258,Op02,B13,44750.1
PP002559,133.7,0.3,8.8,22.7,58.8,94.6,37.6,Standard,Morning,Poor,Type_D,Low,187,Op08,B06,54255.0
PP002560,131.0,6.2,8.9,20.1,66.2,86.7,35.2,Matte,Night,Average,Type_C,High,9,Op04,B17,57925.5
PP002561,156.0,5.6,11.4,30.4,66.5,86.7,19.2,Cardstock,Morning,Good,Type_B,Medium,99,Op06,B03,87523.2
PP002562,93.6,1.3,11.8,25.1,53.3,89.2,11.6,Matte,Afternoon,Poor,Type_A,High,355,Op10,B01,55171.9
PP002563,93.9,7.9,16.2,25.8,71.3,72.9,43.3,Glossy,Night,Average,Type_D,Medium,285,Op07,B02,56772.1
PP002564,105.1,15.0,19.5,24.0,59.3,86.0,18.1,Cardstock,Morning,Poor,Type_C,Medium,175,Op07,B10,28161.5
PP002565,156.5,6.0,7.3,22.3,76.0,86.5,13.1,Glossy,Night,Average,Type_C,High,351,Op07,B02,51102.4
PP002566,162.1,4.1,7.2,19.7,57.2,90.6,53.1,Matte,Night,Good,Type_C,Medium,174,Op09,B12,55353.0
PP002567,77.7,3.1,10.4,25.3,50.9,91.7,12.2,Standard,Afternoon,Good,Type_C,Low,262,Op10,B09,40257.4
PP002568,130.6,11.1,14.9,28.7,30.0,80.9,37.0,Glossy,Morning,Average,Type_D,Low,204,Op04,B09,77775.1
PP002569,112.5,6.2,11.9,25.0,51.4,82.8,16.0,Matte,Afternoon,Good,Type_B,High,266,Op01,B11,77529.3
PP002570,106.1,3.9,13.7,25.5,63.1,99.0,37.6,Standard,Morning,Good,Type_B,High,356,Op09,B14,86494.1
PP002571,130.9,6.2,12.7,22.4,60.9,76.6,16.3,Glossy,Night,Poor,Type_A,Medium,237,Op10,B08,70736.4
PP002572,173.2,1.9,21.1,24.7,51.0,90.8,47.6,Matte,Night,Average,Type_A,High,108,Op07,B05,150516.7
PP002573,132.7,2.5,6.6,24.4,45.9,85.9,11.8,Cardstock,Night,Good,Type_C,Medium,83,Op04,B15,47428.6
PP002574,99.3,4.1,11.8,21.9,67.3,93.1,21.7,Matte,Night,Average,Type_A,Medium,92,Op05,B07,56230.7
PP002575,93.9,4.2,8.7,35.0,38.7,91.7,31.4,Glossy,Afternoon,Average,Type_B,Medium,315,Op03,B04,36643.3
PP002576,130.2,0.8,6.2,27.3,59.2,98.3,15.2,Matte,Morning,Average,Type_A,High,134,Op10,B02,49870.2
PP002577,122.5,15.0,15.8,23.5,,76.1,46.6,Matte,Night,Poor,Type_A,Medium,120,Op08,B11,44796.7
PP002578,150.5,0.6,12.7,21.7,46.9,81.7,35.3,Matte,Morning,Good,Type_C,Medium,157,Op04,B11,105507.6
PP002579,159.1,5.7,12.8,23.4,,97.7,40.4,Matte,Night,Good,Type_A,Low,45,Op08,B02,82595.8
PP002580,122.5,10.5,14.4,20.3,60.7,,25.0,Matte,Morning,Poor,Type_B,High,17,Op04,B06,76454.3
PP002581,134.0,2.3,17.6,21.8,72.7,83.2,17.6,Cardstock,Morning,Good,Type_B,Low,349,Op04,B19,111036.8
PP002582,168.1,15.0,9.0,27.3,36.6,73.4,49.1,Matte,Night,Good,Type_D,Medium,227,Op07,B19,52019.3
PP002583,156.2,8.2,9.2,20.5,60.1,82.1,19.8,Matte,Afternoon,Average,Type_A,High,43,Op01,B20,75321.6
PP002584,85.9,8.6,9.3,27.9,,87.2,37.1,Standard,Morning,Good,Type_A,Medium,53,Op08,B13,42100.0
PP002585,69.0,4.5,15.2,,49.8,94.2,33.7,Matte,Morning,Good,Type_B,High,176,Op01,B19,52738.4
PP002586,71.1,12.6,12.2,,50.6,,23.5,Matte,Morning,Average,Type_C,High,278,Op02,B10,33431.2
PP002587,58.6,6.9,15.2,30.1,67.4,82.4,36.4,Glossy,Afternoon,Average,Type_A,High,66,Op01,B04,36375.6
PP002588,127.2,4.7,11.6,30.4,41.3,76.4,30.9,Matte,Morning,Average,Type_C,Medium,71,Op09,B18,75225.0
PP002589,74.7,5.0,8.5,30.2,69.1,,43.6,Glossy,Morning,Average,Type_B,Medium,114,Op07,B12,27478.8
PP002590,136.5,13.4,9.6,27.3,39.9,73.4,25.4,Standard,Night,Poor,Type_B,Medium,177,Op02,B07,37626.6
PP002591,88.4,15.0,16.2,24.2,45.9,80.5,41.4,Standard,Morning,Average,Type_B,Low,161,Op02,B14,42804.1
PP002592,145.2,6.3,8.7,24.8,48.3,78.0,51.8,Glossy,Night,Average,Type_A,Low,255,Op09,B02,57616.7
PP002593,134.9,4.9,8.3,33.4,48.3,86.6,76.9,Standard,Night,Good,Type_B,Medium,19,Op01,B12,55166.0
PP002594,119.7,4.1,6.0,26.2,58.7,87.8,27.9,Standard,Morning,Average,Type_C,High,72,Op03,B20,41498.0
PP002595,129.0,5.0,12.2,29.5,58.2,75.9,30.6,Cardstock,Afternoon,Good,Type_B,Low,71,Op03,B01,74687.2
PP002596,73.2,0.1,9.8,22.6,61.2,80.8,29.3,Standard,Afternoon,Average,Type_C,Low,6,Op01,B15,30540.3
PP002597,35.4,5.7,9.8,21.0,56.8,84.2,44.4,Matte,Night,Poor,Type_B,High,268,Op01,B01,10458.0
PP002598,96.5,6.2,8.2,20.0,56.2,92.8,28.4,Standard,Night,Average,Type_C,Medium,352,Op02,B13,39263.0
PP002599,128.1,5.3,6.0,24.3,52.2,91.3,42.1,Standard,Night,Good,Type_B,Low,113,Op10,B12,39079.6
PP002600,72.0,3.4,12.0,,63.4,85.4,26.7,Standard,Afternoon,Good,Type_B,High,278,Op06,B01,42486.9
PP002601,134.6,3.7,14.0,28.7,51.8,72.7,51.5,Standard,Morning,Good,Type_D,Low,46,Op02,B12,95483.2
PP002602,132.8,5.1,12.3,28.1,42.4,72.3,13.6,Standard,Morning,Good,Type_C,Medium,19,Op03,B14,89946.9
PP002603,117.4,1.5,19.0,30.4,64.4,70.3,46.9,Standard,Night,Average,Type_B,High,136,Op04,B14,105355.3
PP002604,121.9,8.1,12.3,22.7,78.0,87.3,43.2,Glossy,Morning,Average,Type_C,Medium,63,Op05,B03,68155.9
PP002605,110.6,14.9,10.5,20.4,67.7,51.6,20.4,Glossy,Night,Average,Type_C,High,43,Op01,B04,37413.1
PP002606,118.1,1.2,12.6,20.8,,94.4,52.5,Matte,Morning,Average,Type_A,Medium,224,Op05,B14,80464.3
PP002607,72.8,4.3,12.1,22.9,45.1,85.5,29.7,Matte,Afternoon,Good,Type_B,Medium,332,Op03,B04,44339.7
PP002608,147.2,2.1,10.6,18.8,46.0,38.9,24.3,Standard,Night,Good,Type_C,Medium,297,Op06,B05,72218.0
PP002609,124.4,10.6,13.8,21.6,50.0,,16.3,Glossy,Afternoon,Good,Type_B,Medium,204,Op09,B02,88640.0
PP002610,130.6,0.9,6.7,22.0,48.0,36.2,21.8,Glossy,Afternoon,Average,Type_A,Medium,80,Op05,B15,39363.2
PP002611,89.4,0.8,13.3,31.7,64.5,93.4,20.9,Cardstock,Morning,Good,Type_C,Medium,339,Op06,B16,57195.0
PP002612,65.7,10.6,10.2,30.1,49.9,73.0,19.2,Glossy,Morning,Poor,Type_A,Low,319,Op07,B18,16559.6
PP002613,152.8,0.7,9.6,17.1,51.6,79.3,33.2,Matte,Afternoon,Good,Type_B,High,216,Op10,B03,79514.5
PP002614,66.1,5.6,7.5,24.3,53.5,70.3,79.2,Glossy,Afternoon,Average,Type_D,High,166,Op10,B18,17981.1
PP002615,102.7,1.9,9.2,26.8,41.8,69.0,56.0,Cardstock,Morning,Average,Type_C,Medium,313,Op02,B16,41225.8
PP002616,109.7,4.3,11.0,,,6.4,26.2,Matte,Night,Good,Type_C,Low,261,Op01,B13,16662.4
PP002617,121.3,2.3,8.7,25.8,60.0,94.5,20.8,Standard,Morning,Average,Type_C,Medium,23,Op06,B11,60511.7
PP002618,123.8,8.0,10.8,25.7,50.2,89.1,25.8,Matte,Afternoon,Good,Type_C,High,77,Op02,B18,75762.2
PP002619,112.7,1.8,20.9,26.2,44.6,90.1,18.6,Standard,Afternoon,Good,Type_A,Low,221,Op05,B10,117480.7
PP002620,67.4,0.5,13.8,28.3,43.3,88.2,81.2,Glossy,Morning,Good,Type_A,Medium,58,Op10,B15,41659.8
PP002621,104.5,1.0,8.8,22.7,37.6,64.6,10.5,Matte,Night,Average,Type_C,High,301,Op03,B14,47017.9
PP002622,110.4,0.6,6.3,29.1,54.9,,14.4,Standard,Night,Good,Type_B,Medium,22,Op02,B03,29285.0
PP002623,130.5,2.4,11.6,20.3,62.7,90.9,30.4,Matte,Night,Average,Type_A,Medium,338,Op04,B08,83228.8
PP002624,120.9,3.2,7.9,27.6,56.6,66.0,39.7,Standard,Morning,Good,Type_C,Low,191,Op01,B15,47181.8
PP002625,149.6,3.6,10.4,26.4,63.8,68.5,34.6,Glossy,Afternoon,Good,Type_B,Medium,236,Op08,B05,86245.3
PP002626,140.2,3.5,5.1,17.9,51.1,76.8,34.1,Standard,Morning,Average,Type_A,Medium,119,Op01,B05,38334.7
PP002627,72.5,2.3,7.7,29.9,37.0,86.8,75.1,Standard,Morning,Good,Type_B,High,211,Op08,B06,25901.2
PP002628,115.5,1.8,11.6,,56.3,80.3,28.5,Cardstock,Morning,Average,Type_A,Medium,25,Op04,B09,60977.2
PP002629,127.5,4.6,7.6,27.0,59.2,99.1,28.1,Standard,Night,Good,Type_C,Medium,99,Op08,B04,55395.9
PP002630,97.1,0.3,9.8,29.1,31.8,86.5,24.0,Standard,Night,Good,Type_B,High,86,Op10,B09,51537.3
PP002631,161.7,7.6,13.5,19.5,37.7,84.4,16.5,Matte,Afternoon,Average,Type_D,High,8,Op05,B18,102719.8
PP002632,95.7,5.3,10.1,15.3,55.4,97.5,19.9,Glossy,Afternoon,Good,Type_D,High,328,Op10,B06,45198.5
PP002633,72.0,5.7,13.2,18.6,38.9,80.0,68.4,Matte,Night,Poor,Type_C,Medium,336,Op02,B18,28768.1
PP002634,56.5,2.4,10.1,34.3,49.1,93.6,58.5,Standard,Afternoon,Average,Type_D,Low,142,Op03,B01,19832.6
PP002635,98.4,10.5,8.9,23.7,47.1,81.1,17.7,Matte,Afternoon,Average,Type_D,Medium,19,Op05,B09,39354.8
PP002636,98.6,1.1,7.9,,49.4,62.7,40.2,Matte,Afternoon,Good,Type_D,Low,337,Op02,B04,34247.5
PP002637,101.4,0.5,9.7,26.3,68.0,31.2,77.9,Cardstock,Morning,Average,Type_C,Low,188,Op10,B15,24716.8
PP002638,42.7,7.3,21.1,24.9,50.5,78.2,36.6,Matte,Afternoon,Good,Type_C,Medium,63,Op04,B03,30249.8
PP002639,114.0,2.2,7.7,26.1,64.8,,39.7,Glossy,Night,Good,Type_C,Medium,37,Op01,B10,44777.8
PP002640,150.5,4.5,12.8,26.2,45.6,88.9,29.4,Cardstock,Morning,Average,Type_A,High,288,Op05,B04,102351.1
PP002641,93.1,2.8,6.8,26.7,35.4,82.2,41.7,Matte,Afternoon,Good,Type_B,Medium,263,Op06,B12,32185.2
PP002642,133.2,3.2,16.8,22.7,54.9,89.6,72.4,Standard,Morning,Average,Type_C,High,271,Op07,B18,128716.6
PP002643,94.1,5.5,9.9,24.7,86.3,11.1,35.3,Standard,Afternoon,Average,Type_C,High,172,Op05,B01,15217.2
PP002644,87.6,5.2,13.0,27.8,45.9,96.6,32.7,Cardstock,Afternoon,Poor,Type_C,Medium,9,Op10,B13,41936.7
PP002645,157.2,6.8,13.0,21.7,27.5,75.7,14.6,Standard,Morning,Good,Type_D,High,116,Op03,B08,104743.2
PP002646,137.4,5.3,19.1,16.4,48.8,,45.7,Cardstock,Afternoon,Poor,Type_A,Medium,298,Op05,B03,95273.3
PP002647,142.7,1.6,12.5,25.5,54.5,72.5,40.2,Glossy,Morning,Good,Type_C,High,325,Op05,B14,102970.1
PP002648,180.0,9.9,19.6,16.1,66.1,79.3,21.1,Matte,Night,Average,Type_C,Medium,339,Op05,B06,68990.7
PP002649,114.7,8.8,11.9,27.8,36.4,86.4,29.9,Glossy,Morning,Average,Type_A,Medium,304,Op02,B16,68663.9
PP002650,114.2,0.5,11.7,22.9,56.8,97.0,32.6,Cardstock,Night,Good,Type_A,Low,182,Op01,B09,63197.6
PP002651,119.4,15.0,12.2,23.9,55.6,73.8,39.3,Cardstock,Afternoon,Poor,Type_B,Medium,338,Op02,B10,29312.4
PP002652,160.9,0.6,8.1,27.2,72.8,95.4,36.3,Standard,Afternoon,Good,Type_C,Low,48,Op08,B18,50383.6
PP002653,145.2,1.3,6.9,22.4,54.9,79.1,22.2,Standard,Morning,Good,Type_B,High,137,Op04,B01,63215.9
PP002654,86.5,4.3,11.1,16.4,58.8,87.5,62.4,Cardstock,Afternoon,Good,Type_D,Low,352,Op08,B13,32552.9
PP002655,88.7,5.7,8.5,26.9,67.3,86.3,51.4,Standard,Night,Good,Type_A,Medium,10,Op04,B12,36700.8
PP002656,127.0,0.2,13.3,31.1,54.4,83.1,23.3,Cardstock,Night,Average,Type_B,High,115,Op08,B16,82301.2
PP002657,131.2,1.5,9.3,31.8,57.2,88.7,28.4,Cardstock,Afternoon,Good,Type_C,Low,27,Op03,B20,58213.4
PP002658,130.0,0.5,14.5,25.0,34.3,,24.5,Standard,Afternoon,Good,Type_A,High,364,Op10,B18,116022.9
PP002659,132.6,0.7,9.9,21.2,38.2,98.6,33.7,Cardstock,Night,Good,Type_B,High,84,Op04,B06,69746.9
PP002660,108.9,1.9,13.1,27.0,59.7,85.7,43.6,Standard,Afternoon,Average,Type_D,Low,258,Op09,B19,67680.9
PP002661,134.7,2.9,7.9,16.4,45.7,78.9,64.9,Standard,Afternoon,Average,Type_C,Medium,241,Op08,B11,48700.1
PP002662,135.6,1.7,7.2,30.8,69.6,96.6,54.0,Standard,Night,Good,Type_B,Medium,3,Op01,B08,50854.3
PP002663,86.4,1.0,14.2,18.5,56.7,90.2,59.2,Standard,Night,Good,Type_B,Medium,266,Op09,B01,57347.9
PP002664,74.8,0.3,15.2,21.4,48.5,87.2,35.9,Cardstock,Night,Average,Type_A,Medium,292,Op02,B17,46803.6
PP002665,122.6,4.5,11.8,29.4,28.9,77.0,33.8,Cardstock,Night,Good,Type_B,Medium,360,Op04,B14,66361.6
PP002666,101.9,1.7,13.0,21.5,48.0,68.5,70.3,Standard,Morning,Average,Type_B,Low,130,Op03,B02,54536.1
PP002667,68.9,8.5,8.2,27.9,37.3,90.6,42.4,Matte,Afternoon,Average,Type_D,Medium,349,Op10,B06,22706.0
PP002668,139.8,4.8,6.9,24.8,37.7,80.8,28.8,Standard,Night,Poor,Type_A,Medium,298,Op01,B07,47071.1
PP002669,128.5,0.6,7.2,17.4,31.8,39.3,33.3,Matte,Morning,Good,Type_B,Medium,126,Op01,B18,41635.6
PP002670,159.6,8.4,18.3,21.3,48.0,68.3,37.6,Matte,Night,Average,Type_B,High,10,Op02,B08,112618.8
PP002671,113.3,4.7,10.0,18.6,48.6,89.1,29.0,Matte,Afternoon,Poor,Type_D,Medium,207,Op02,B16,48702.8
PP002672,117.4,6.9,14.8,26.7,50.5,86.1,33.1,Cardstock,Morning,Good,Type_A,Medium,328,Op05,B04,91193.2
PP002673,68.8,0.2,19.3,,37.8,88.3,19.0,Standard,Afternoon,Average,Type_C,Low,133,Op04,B05,47617.5
PP002674,160.1,10.8,10.6,30.3,64.9,96.1,70.4,Matte,Morning,Average,Type_B,Medium,292,Op01,B16,70128.8
PP002675,134.7,1.8,8.9,26.0,51.1,90.1,53.9,Glossy,Morning,Average,Type_D,Low,241,Op02,B11,55965.2
PP002676,143.6,5.0,14.3,26.6,44.0,81.6,57.2,Matte,Night,Good,Type_A,Medium,78,Op10,B10,113300.1
PP002677,106.9,4.8,11.4,23.4,50.3,84.0,41.3,Matte,Night,Good,Type_A,Low,194,Op10,B11,57522.9
PP002678,113.0,9.4,10.6,25.4,51.6,79.2,26.6,Standard,Afternoon,Average,Type_D,Medium,312,Op04,B06,57169.1
PP002679,125.4,12.8,6.6,21.7,45.1,13.1,31.7,Cardstock,Night,Poor,Type_C,Medium,33,Op02,B19,2298.8
PP002680,90.6,4.4,19.6,23.8,50.4,67.5,52.0,Standard,Afternoon,Good,Type_B,High,100,Op01,B10,87849.0
PP002681,90.0,0.8,7.0,23.8,56.1,69.7,78.2,Matte,Morning,Average,Type_C,Low,174,Op08,B16,22280.4
PP002682,178.8,1.3,8.5,24.3,84.8,76.1,57.0,Standard,Night,Average,Type_A,Medium,103,Op07,B16,39436.6
PP002683,125.8,4.5,7.0,30.8,66.3,91.4,15.1,Matte,Night,Good,Type_B,Low,227,Op06,B01,44869.7
PP002684,92.7,1.3,15.3,23.6,35.7,91.7,27.5,Cardstock,Night,Good,Type_A,High,210,Op01,B13,70517.4
PP002685,69.2,2.6,20.4,29.3,49.1,54.8,50.4,Matte,Morning,Good,Type_A,Low,39,Op06,B18,51486.6
PP002686,77.0,2.4,9.1,24.8,65.5,74.8,80.3,Standard,Morning,Good,Type_A,Medium,173,Op07,B14,31135.5
PP002687,125.2,9.9,11.8,24.1,69.1,26.9,27.1,Cardstock,Afternoon,Average,Type_D,Medium,18,Op06,B06,41081.9
PP002688,84.0,7.7,13.0,24.9,52.9,96.9,32.6,Standard,Night,Good,Type_A,Medium,102,Op10,B09,54897.0
PP002689,79.9,4.8,7.3,31.2,32.5,97.5,19.2,Standard,Morning,Average,Type_C,Low,90,Op10,B06,25580.2
PP002690,107.9,15.0,9.9,27.2,54.0,83.2,12.0,Standard,Morning,Average,Type_D,Low,309,Op03,B20,40282.8
PP002691,126.1,9.1,8.5,24.3,47.2,76.5,25.8,Cardstock,Night,Poor,Type_D,Medium,108,Op01,B19,36217.2
PP002692,155.7,4.8,5.8,27.1,58.5,38.8,31.7,Glossy,Morning,Average,Type_D,Medium,365,Op05,B07,30856.4
PP002693,88.3,5.2,7.2,27.8,34.7,65.8,20.5,Matte,Morning,Average,Type_B,Medium,188,Op03,B01,30775.3
PP002694,92.2,5.0,11.9,20.4,73.8,91.6,46.9,Standard,Afternoon,Good,Type_D,Medium,255,Op03,B15,53350.4
PP002695,126.3,0.5,11.4,20.6,53.8,85.0,19.8,Glossy,Morning,Average,Type_B,Medium,245,Op09,B03,78115.5
PP002696,99.0,1.9,13.3,23.8,50.0,85.6,27.4,Standard,Morning,Good,Type_D,Medium,39,Op01,B07,72977.6
PP002697,141.3,2.0,8.1,22.0,58.1,89.8,77.3,Standard,Morning,Good,Type_C,Medium,157,Op05,B18,59631.8
PP002698,99.5,11.7,7.7,19.0,32.6,70.8,23.9,Cardstock,Night,Good,Type_B,High,82,Op07,B10,32874.0
PP002699,71.9,6.5,4.9,24.2,63.6,89.2,51.5,Matte,Night,Good,Type_B,High,353,Op02,B12,14844.5
PP002700,91.7,15.0,16.1,18.2,44.8,94.3,37.7,Standard,Night,Average,Type_A,Low,61,Op06,B15,41645.6
PP002701,64.7,2.1,6.2,26.6,41.9,88.0,49.1,Matte,Afternoon,Average,Type_D,High,10,Op09,B11,17428.0
PP002702,97.4,1.4,13.3,28.5,65.0,84.3,23.7,Matte,Morning,Good,Type_A,Medium,16,Op10,B07,70150.3
PP002703,129.8,1.1,12.9,21.5,40.6,92.1,35.8,Standard,Morning,Good,Type_C,High,326,Op08,B03,99219.6
PP002704,116.1,10.5,15.8,31.0,48.7,90.9,39.6,Matte,Night,Poor,Type_A,Medium,234,Op01,B19,63402.3
PP002705,110.6,12.8,9.8,29.5,58.5,92.9,62.9,Standard,Afternoon,Average,Type_D,Medium,139,Op06,B04,44980.1
PP002706,73.4,5.2,9.2,25.5,47.3,85.0,24.3,Matte,Morning,Average,Type_A,High,124,Op06,B09,34424.4
PP002707,90.0,1.6,9.1,24.2,37.7,,38.9,Standard,Morning,Good,Type_C,Medium,71,Op08,B15,42017.4
PP002708,101.9,8.7,11.3,30.6,67.1,88.2,52.8,Cardstock,Afternoon,Good,Type_C,High,316,Op04,B14,52692.9
PP002709,122.3,5.4,10.2,32.8,49.0,84.2,30.6,Standard,Morning,Good,Type_B,Medium,308,Op09,B09,69390.6
PP002710,180.0,6.0,12.3,33.5,48.0,73.7,32.4,Glossy,Night,Good,Type_C,High,139,Op10,B10,75548.0
PP002711,92.4,4.4,7.5,,53.3,87.6,48.0,Matte,Night,Good,Type_A,Low,63,Op03,B13,30676.3
PP002712,144.4,0.7,10.2,16.1,57.7,75.1,33.6,Matte,Morning,Good,Type_A,Low,177,Op05,B14,72834.0
PP002713,77.3,6.2,4.7,17.5,37.8,89.9,29.6,Glossy,Night,Good,Type_A,Low,332,Op09,B15,12977.2
PP002714,81.1,15.0,6.7,27.7,35.1,81.2,79.2,Glossy,Afternoon,Poor,Type_C,High,133,Op07,B19,8787.0
PP002715,51.1,2.1,7.3,24.8,74.7,87.5,25.6,Standard,Morning,Good,Type_A,Medium,42,Op08,B20,16971.9
PP002716,89.1,1.0,12.4,20.8,43.3,73.8,36.8,Cardstock,Night,Average,Type_B,Medium,197,Op04,B02,47397.0
PP002717,147.6,6.6,12.3,30.7,55.0,91.8,63.9,Standard,Afternoon,Good,Type_B,High,161,Op03,B18,99804.0
PP002718,113.4,6.4,10.7,20.1,46.8,88.7,32.5,Matte,Morning,Poor,Type_D,Medium,198,Op04,B17,53563.5
PP002719,153.1,6.8,12.7,30.9,51.6,91.8,22.6,Glossy,Night,Good,Type_C,Medium,229,Op10,B07,96258.8
PP002720,98.1,2.9,9.2,20.2,33.6,83.4,22.1,Matte,Night,Average,Type_A,High,223,Op05,B16,46811.7
PP002721,148.2,7.3,6.2,21.5,39.9,34.5,34.8,Standard,Morning,Average,Type_A,Medium,302,Op01,B02,41177.4
PP002722,96.3,12.2,8.3,21.1,63.5,98.5,37.8,Standard,Afternoon,Average,Type_C,Medium,183,Op05,B12,33823.1
PP002723,142.4,9.9,11.0,25.9,44.2,90.2,97.0,Cardstock,Morning,Average,Type_D,Medium,346,Op10,B08,63960.3
PP002724,166.3,11.2,7.4,30.7,63.2,90.3,33.0,Matte,Night,Poor,Type_B,Low,129,Op10,B18,26627.3
PP002725,106.7,4.1,6.2,25.1,74.7,81.3,39.6,Standard,Afternoon,Average,Type_A,Low,226,Op01,B14,28369.3
PP002726,70.8,1.9,5.2,24.0,60.5,88.5,23.4,Glossy,Night,Good,Type_A,Medium,117,Op08,B12,18067.0
PP002727,172.8,0.0,9.7,25.9,68.8,87.4,33.8,Standard,Morning,Good,Type_A,Low,228,Op07,B19,55631.0
PP002728,86.2,2.6,21.4,25.2,65.8,78.5,54.3,Matte,Morning,Good,Type_D,High,151,Op10,B12,81953.5
PP002729,95.9,1.6,9.5,30.1,40.7,70.3,46.7,Cardstock,Afternoon,Good,Type_D,Medium,230,Op06,B06,39680.9
PP002730,104.1,12.6,8.2,25.4,35.2,75.7,26.7,Glossy,Night,Average,Type_B,Low,197,Op04,B09,29515.0
PP002731,143.3,0.2,13.3,22.0,69.2,,22.1,Glossy,Night,Good,Type_C,Medium,313,Op02,B02,104472.2
PP002732,136.1,2.8,9.8,19.1,57.2,87.8,51.7,Glossy,Afternoon,Average,Type_B,High,72,Op05,B01,71242.3
PP002733,135.0,1.2,8.0,,62.8,62.2,22.6,Standard,Night,Good,Type_B,High,75,Op05,B07,61752.0
PP002734,105.3,2.9,7.1,28.6,51.1,83.1,37.3,Standard,Afternoon,Good,Type_A,Medium,197,Op09,B14,42039.8
PP002735,107.8,0.4,17.9,30.9,55.0,87.1,63.3,Cardstock,Afternoon,Good,Type_B,Low,240,Op09,B11,76702.3
PP002736,140.3,1.3,8.1,22.0,54.2,81.5,19.7,Matte,Morning,Average,Type_C,Low,186,Op07,B06,59922.7
PP002737,167.4,5.5,16.8,26.5,56.9,81.6,50.4,Cardstock,Night,Average,Type_B,Low,363,Op09,B09,86751.4
PP002738,74.1,15.0,10.6,,39.5,76.2,28.0,Standard,Night,Average,Type_A,Low,140,Op06,B20,21012.4
PP002739,154.2,0.1,20.2,27.5,45.7,80.9,15.2,Glossy,Morning,Good,Type_D,Medium,268,Op03,B14,156277.3
PP002740,145.1,6.3,5.9,15.0,56.4,81.4,23.6,Standard,Morning,Good,Type_B,Medium,311,Op08,B07,45468.3
PP002741,135.4,3.1,5.8,20.9,65.5,98.2,51.5,Standard,Afternoon,Good,Type_A,Medium,132,Op05,B20,43975.6
PP002742,92.1,6.2,7.3,19.8,59.0,95.7,24.6,Glossy,Afternoon,Good,Type_B,Medium,213,Op03,B01,35045.6
PP002743,117.6,5.1,11.6,23.5,51.9,99.3,30.1,Standard,Morning,Good,Type_A,Medium,115,Op01,B14,80612.6
PP002744,127.0,0.3,8.8,26.0,63.6,94.8,24.6,Glossy,Night,Poor,Type_A,High,162,Op04,B04,53106.9
PP002745,94.1,1.7,10.2,23.7,54.2,89.6,19.4,Glossy,Morning,Good,Type_D,Medium,145,Op01,B02,52527.4
PP002746,152.4,11.1,17.7,22.8,56.2,93.1,29.7,Glossy,Morning,Average,Type_C,Medium,330,Op09,B19,114405.3
PP002747,99.7,8.9,13.1,29.8,34.6,91.5,34.4,Matte,Morning,Average,Type_C,Medium,240,Op01,B08,60151.9
PP002748,164.0,3.0,9.2,26.9,72.8,50.1,33.1,Matte,Night,Good,Type_D,High,112,Op01,B07,54932.8
PP002749,66.9,0.5,8.2,19.1,41.5,88.8,15.6,Cardstock,Afternoon,Good,Type_C,Medium,215,Op10,B04,24847.1
PP002750,70.9,3.8,11.4,20.9,35.1,95.7,21.8,Glossy,Morning,Good,Type_A,High,131,Op08,B02,43345.4
PP002751,54.2,1.8,12.1,16.5,46.2,97.7,45.1,Glossy,Night,Good,Type_A,High,173,Op09,B08,28124.4
PP002752,137.7,13.8,17.7,33.5,47.1,84.2,31.9,Cardstock,Morning,Good,Type_B,Medium,58,Op06,B11,93047.2
PP002753,85.9,12.1,16.5,34.2,42.2,79.6,54.3,Cardstock,Night,Poor,Type_B,Medium,298,Op09,B14,18682.3
PP002754,88.5,1.0,7.2,27.2,61.5,82.0,27.9,Standard,Afternoon,Average,Type_D,High,95,Op02,B20,31975.2
PP002755,144.0,1.9,15.4,22.6,57.5,77.9,41.8,Matte,Morning,Average,Type_A,Low,59,Op01,B11,112755.8
PP002756,170.4,12.6,14.0,23.0,56.6,77.5,49.8,Standard,Morning,Poor,Type_A,High,133,Op01,B09,66925.6
PP002757,90.7,15.0,13.9,29.3,51.9,92.6,29.4,Glossy,Night,Poor,Type_D,Medium,340,Op05,B15,22017.8
PP002758,158.5,11.1,12.8,29.7,45.1,83.1,34.2,Standard,Night,Good,Type_A,Low,164,Op10,B13,83737.8
PP002759,132.1,8.9,14.3,15.0,59.6,87.0,20.5,Standard,Morning,Good,Type_D,Medium,109,Op07,B08,98240.1
PP002760,114.3,0.6,17.4,32.1,34.2,,26.1,Standard,Night,Average,Type_B,High,217,Op04,B16,52445.2
PP002761,76.4,1.8,16.3,24.6,57.8,75.8,30.6,Glossy,Afternoon,Average,Type_A,High,293,Op01,B10,59386.6
PP002762,69.5,0.8,10.3,29.9,50.8,,38.9,Glossy,Night,Good,Type_A,Low,329,Op01,B13,30132.7
PP002763,116.7,4.5,10.1,23.1,33.6,93.6,32.1,Glossy,Night,Average,Type_B,Medium,310,Op06,B11,58032.3
PP002764,118.9,8.5,7.9,19.1,51.9,97.8,14.3,Standard,Morning,Good,Type_A,Low,64,Op03,B04,52749.0
PP002765,92.5,15.0,7.7,20.7,72.6,70.4,18.1,Cardstock,Afternoon,Poor,Type_B,Low,242,Op10,B13,7574.6
PP002766,82.9,6.6,12.5,23.5,36.2,,36.7,Standard,Afternoon,Poor,Type_D,Medium,86,Op06,B12,40939.9
PP002767,72.5,1.5,12.5,,55.5,77.3,27.5,Glossy,Night,Good,Type_C,Medium,149,Op06,B05,40415.1
PP002768,126.0,0.2,10.1,24.4,54.9,85.7,51.8,Cardstock,Afternoon,Good,Type_C,Medium,96,Op09,B17,61412.4
PP002769,136.3,10.5,8.6,18.8,50.5,99.1,18.2,Standard,Afternoon,Good,Type_B,High,217,Op07,B16,72228.3
PP002770,137.7,1.1,14.3,26.6,46.2,97.6,40.1,Standard,Afternoon,Good,Type_B,Medium,246,Op04,B18,119253.4
PP002771,134.3,5.0,8.8,25.9,67.4,82.2,16.8,Cardstock,Morning,Average,Type_A,High,127,Op02,B12,63915.8
PP002772,97.3,2.8,19.7,30.4,62.9,95.1,95.1,Matte,Afternoon,Good,Type_B,Medium,87,Op03,B11,85128.5
PP002773,165.9,0.9,21.2,19.5,56.8,88.3,52.7,Standard,Morning,Good,Type_C,Low,335,Op07,B09,129993.5
PP002774,82.4,1.4,5.3,21.5,67.1,83.9,25.4,Standard,Afternoon,Average,Type_D,Medium,330,Op05,B06,20322.6
PP002775,132.9,2.1,5.7,25.9,44.3,97.9,36.9,Matte,Night,Good,Type_D,High,252,Op06,B14,41227.3
PP002776,101.8,11.3,16.6,24.5,42.5,71.5,26.1,Matte,Night,Average,Type_A,High,147,Op03,B11,68969.5
PP002777,78.9,7.2,6.1,24.5,60.2,90.6,31.2,Standard,Morning,Average,Type_B,High,324,Op02,B05,24300.8
PP002778,94.0,3.4,7.6,24.4,41.8,,15.2,Standard,Night,Average,Type_B,High,111,Op07,B05,36492.4
PP002779,132.2,1.8,17.1,27.8,51.5,62.6,76.9,Cardstock,Afternoon,Average,Type_A,Low,310,Op02,B07,91587.6
PP002780,149.5,1.0,7.4,30.5,33.8,92.4,27.1,Glossy,Afternoon,Good,Type_B,Medium,286,Op03,B03,62757.0
PP002781,125.0,13.8,16.1,22.9,68.6,74.2,99.5,Glossy,Night,Poor,Type_C,High,83,Op07,B18,32182.4
PP002782,30.0,3.1,8.0,26.9,38.9,82.8,18.9,Cardstock,Morning,Good,Type_C,Medium,48,Op01,B08,8551.3
PP002783,138.3,2.9,9.9,28.6,60.9,88.4,34.3,Matte,Afternoon,Good,Type_B,Medium,11,Op10,B15,76891.8
PP002784,46.7,2.3,7.3,17.0,60.9,89.4,39.9,Standard,Morning,Poor,Type_B,Low,98,Op08,B12,9495.3
PP002785,176.4,3.4,8.6,23.4,43.8,83.1,17.4,Glossy,Afternoon,Good,Type_B,Medium,195,Op02,B06,69725.7
PP002786,121.7,2.8,7.1,15.4,43.4,87.0,37.6,Standard,Night,Average,Type_C,Low,202,Op04,B05,36245.4
PP002787,119.4,4.3,11.3,30.8,40.4,89.7,40.3,Standard,Morning,Average,Type_A,High,324,Op01,B14,75082.1
PP002788,146.9,5.0,19.0,28.3,42.7,66.1,23.8,Standard,Afternoon,Poor,Type_D,High,230,Op05,B11,126389.4
PP002789,105.7,4.1,14.1,27.2,46.0,87.3,23.4,Cardstock,Afternoon,Average,Type_D,Medium,315,Op08,B17,68471.1
PP002790,106.5,1.0,9.0,23.4,50.6,89.7,39.6,Matte,Morning,Average,Type_C,Low,69,Op03,B01,43510.5
PP002791,102.5,3.9,12.2,15.1,52.3,41.0,32.3,Cardstock,Night,Good,Type_D,Low,192,Op01,B12,31315.8
PP002792,118.9,3.9,10.6,28.7,37.0,74.4,31.0,Glossy,Night,Good,Type_A,High,104,Op07,B11,67868.2
PP002793,117.4,2.2,7.7,32.1,44.9,91.1,29.3,Glossy,Afternoon,Good,Type_C,High,254,Op03,B19,48851.5
PP002794,122.1,6.6,23.5,28.0,41.9,89.4,37.7,Matte,Morning,Poor,Type_A,Medium,77,Op02,B11,108137.1
PP002795,30.0,1.7,7.7,,47.4,96.4,15.7,Matte,Night,Good,Type_D,Low,332,Op05,B14,7782.7
PP002796,111.7,12.1,19.0,,50.9,75.4,18.9,Matte,Morning,Poor,Type_C,Medium,147,Op02,B18,49221.1
PP002797,63.6,2.7,5.2,23.5,46.2,94.0,30.6,Standard,Night,Average,Type_A,Medium,111,Op08,B01,15561.2
PP002798,180.0,2.0,15.4,26.0,59.7,93.6,11.7,Standard,Night,Average,Type_D,Low,122,Op03,B05,63198.3
PP002799,140.3,7.3,17.2,28.7,54.5,94.5,34.4,Glossy,Afternoon,Good,Type_A,Medium,92,Op06,B08,132919.7
PP002800,144.6,0.5,11.9,29.3,43.5,91.9,21.5,Glossy,Night,Good,Type_A,Medium,296,Op02,B07,97146.4
PP002801,130.0,2.4,15.4,24.0,39.9,92.2,69.9,Matte,Morning,Average,Type_A,Medium,34,Op04,B09,106122.6
PP002802,136.3,5.6,6.7,23.2,51.7,74.7,35.7,Matte,Afternoon,Average,Type_C,Medium,320,Op09,B19,45254.1
PP002803,86.0,7.1,12.4,,40.7,99.1,27.0,Standard,Night,Good,Type_C,Low,347,Op07,B01,45758.9
PP002804,140.0,0.4,8.4,24.2,55.2,85.4,46.6,Cardstock,Night,Good,Type_A,Medium,20,Op03,B16,61111.4
PP002805,142.3,4.7,7.8,22.6,61.1,92.0,22.7,Standard,Morning,Average,Type_B,Medium,361,Op02,B13,64957.5
PP002806,120.6,13.4,20.9,23.9,53.8,64.9,41.8,Glossy,Morning,Poor,Type_D,Medium,30,Op10,B18,31924.8
PP002807,139.6,0.0,16.7,27.2,37.5,68.6,76.1,Standard,Afternoon,Good,Type_A,Medium,210,Op01,B11,124102.1
PP002808,148.9,4.0,10.8,27.6,63.1,68.8,28.8,Glossy,Night,Good,Type_B,Medium,216,Op08,B11,88766.0
PP002809,115.3,8.2,14.1,31.4,37.9,95.6,18.6,Standard,Morning,Good,Type_A,High,220,Op04,B04,95192.8
PP002810,79.0,10.5,8.5,30.3,72.2,99.2,94.1,Matte,Morning,Good,Type_C,Medium,69,Op04,B05,24663.8
PP002811,141.2,5.7,20.0,24.9,48.2,,51.8,Matte,Afternoon,Good,Type_C,Medium,56,Op07,B19,152499.1
PP002812,163.9,4.1,7.2,25.1,57.8,48.2,24.0,Standard,Night,Good,Type_C,Low,66,Op01,B02,34068.4
PP002813,76.7,15.0,18.8,19.6,50.4,92.8,26.3,Standard,Afternoon,Average,Type_C,High,340,Op08,B16,45850.8
PP002814,152.3,2.2,6.9,22.7,42.9,68.5,48.6,Cardstock,Night,Good,Type_D,Medium,225,Op07,B07,48243.5
PP002815,123.3,8.7,9.5,35.2,41.5,40.3,66.4,Standard,Afternoon,Good,Type_D,Medium,337,Op04,B16,45193.4
PP002816,134.7,5.5,5.6,25.3,42.5,69.7,31.7,Cardstock,Afternoon,Average,Type_B,High,342,Op07,B17,37627.5
PP002817,142.1,11.5,13.4,16.8,33.6,81.3,50.5,Standard,Morning,Average,Type_B,Medium,198,Op04,B06,89578.3
PP002818,81.0,4.9,15.9,26.2,46.9,95.7,19.6,Standard,Night,Average,Type_D,Low,283,Op06,B13,53021.6
PP002819,124.4,9.3,6.1,24.2,31.8,85.2,32.7,Glossy,Morning,Average,Type_B,Medium,39,Op06,B07,35748.8
PP002820,147.8,9.1,12.9,24.6,41.8,92.6,32.5,Standard,Afternoon,Good,Type_A,Medium,226,Op06,B15,117123.3
PP002821,160.7,9.3,10.4,31.1,50.4,94.6,20.3,Standard,Morning,Average,Type_A,Medium,198,Op04,B08,82882.9
PP002822,143.0,3.3,9.7,17.4,63.3,89.4,28.9,Standard,Morning,Average,Type_C,High,264,Op06,B09,75273.3
PP002823,85.2,5.5,10.5,29.5,62.0,73.7,17.5,Matte,Night,Good,Type_C,High,193,Op09,B03,44147.0
PP002824,121.6,1.9,9.8,28.3,33.0,66.3,10.0,Standard,Night,Good,Type_A,Medium,136,Op02,B20,62901.9
PP002825,107.1,0.5,11.6,22.4,43.7,56.1,32.6,Matte,Afternoon,Good,Type_C,High,104,Op08,B08,64180.4
PP002826,117.1,9.6,6.4,23.1,83.6,88.0,45.0,Cardstock,Afternoon,Poor,Type_B,Medium,70,Op07,B18,19694.0
PP002827,150.7,1.0,6.9,24.0,41.7,80.8,17.5,Cardstock,Night,Good,Type_A,Medium,165,Op08,B07,56395.3
PP002828,70.4,1.2,9.4,23.2,68.8,97.7,40.0,Cardstock,Afternoon,Average,Type_C,High,322,Op06,B03,28136.6
PP002829,131.8,9.7,16.0,27.7,59.3,95.4,27.1,Glossy,Night,Average,Type_C,Medium,324,Op01,B02,99087.3
PP002830,129.4,0.4,10.4,26.3,60.0,81.0,58.5,Matte,Afternoon,Good,Type_C,High,100,Op05,B12,75498.8
PP002831,83.9,0.3,11.2,18.5,67.9,89.3,38.2,Standard,Morning,Good,Type_A,Medium,354,Op10,B14,48620.1
PP002832,151.2,12.7,12.6,23.3,55.7,,18.1,Glossy,Night,Good,Type_C,High,137,Op08,B03,63592.2
PP002833,96.3,0.4,14.2,21.8,56.2,85.9,73.5,Glossy,Night,Good,Type_B,Medium,284,Op03,B05,62925.1
PP002834,116.5,5.2,5.9,23.4,35.4,95.0,32.8,Cardstock,Morning,Average,Type_A,Low,127,Op07,B12,30461.8
PP002835,31.9,1.0,13.5,28.0,58.1,82.8,20.6,Glossy,Night,Average,Type_C,Medium,150,Op01,B16,14201.8
PP002836,151.0,0.4,6.6,28.2,51.7,93.0,25.0,Matte,Night,Average,Type_A,Medium,277,Op07,B13,52151.8
PP002837,106.0,2.7,20.9,22.4,41.8,55.7,22.5,Cardstock,Afternoon,Good,Type_A,Medium,95,Op01,B09,96870.0
PP002838,104.9,9.5,7.5,23.3,44.3,96.3,33.5,Standard,Afternoon,Poor,Type_A,Medium,178,Op06,B13,31336.1
PP002839,162.0,2.2,7.1,20.2,83.1,79.8,29.3,Cardstock,Afternoon,Average,Type_C,Medium,141,Op07,B16,39544.6
PP002840,52.9,2.2,6.5,19.2,68.2,81.7,23.6,Glossy,Afternoon,Good,Type_B,Low,65,Op07,B08,13265.6
PP002841,143.0,2.7,8.7,23.5,62.6,83.4,23.5,Cardstock,Afternoon,Poor,Type_C,High,306,Op04,B10,58035.4
PP002842,149.0,0.3,13.3,19.8,46.7,60.7,46.0,Standard,Morning,Good,Type_C,Medium,180,Op08,B20,107878.3
PP002843,51.0,8.5,11.4,24.7,30.5,86.4,18.2,Glossy,Morning,Good,Type_A,Medium,263,Op09,B17,25671.1
PP002844,123.5,7.1,6.6,28.2,47.6,,47.5,Standard,Morning,Average,Type_D,High,193,Op10,B16,36452.4
PP002845,102.8,4.4,9.0,21.4,47.8,93.7,62.7,Matte,Afternoon,Good,Type_C,High,312,Op06,B17,47306.9
PP002846,81.2,0.5,7.7,31.3,48.6,83.5,44.6,Standard,Morning,Good,Type_C,Medium,252,Op04,B20,31567.1
PP002847,73.5,0.2,15.0,,49.6,,65.7,Cardstock,Afternoon,Good,Type_C,High,252,Op01,B13,45833.1
PP002848,138.4,1.9,13.3,25.8,54.6,76.9,45.0,Cardstock,Night,Good,Type_A,High,113,Op08,B19,94891.4
PP002849,152.8,5.4,12.0,31.5,56.0,75.7,45.9,Cardstock,Afternoon,Good,Type_D,Medium,196,Op10,B07,80839.5
PP002850,78.9,0.3,8.8,32.0,54.0,87.9,39.8,Glossy,Night,Good,Type_A,High,119,Op10,B11,34209.6
PP002851,84.6,1.3,8.0,22.9,30.3,90.5,31.7,Standard,Morning,Good,Type_A,Low,102,Op04,B15,33828.7
PP002852,141.6,0.3,9.4,23.3,59.1,98.8,47.5,Standard,Morning,Good,Type_A,Medium,287,Op09,B17,81341.4
PP002853,180.0,4.5,7.9,23.4,57.0,81.3,15.6,Matte,Afternoon,Average,Type_C,High,185,Op05,B06,56200.4
PP002854,64.9,4.5,8.4,34.3,53.3,98.1,55.0,Standard,Afternoon,Average,Type_B,Medium,84,Op10,B07,23906.5
PP002855,67.9,1.4,15.8,22.8,54.0,26.0,28.4,Matte,Night,Good,Type_D,Medium,339,Op05,B13,30388.9
PP002856,79.9,4.9,14.6,30.2,60.6,98.6,58.3,Matte,Afternoon,Good,Type_B,Medium,319,Op03,B11,55291.8
PP002857,80.4,2.8,12.3,22.6,44.5,95.0,44.3,Cardstock,Night,Good,Type_A,Medium,24,Op10,B19,45872.5
PP002858,152.8,6.6,11.6,23.4,,87.2,18.1,Glossy,Afternoon,Average,Type_A,High,347,Op02,B07,97986.1
PP002859,81.8,4.0,16.8,21.9,68.1,98.9,41.3,Standard,Morning,Good,Type_C,High,231,Op02,B01,70464.1
PP002860,180.0,0.5,9.6,20.9,,97.0,54.0,Standard,Night,Average,Type_A,Medium,23,Op02,B19,68760.7
PP002861,130.2,1.1,12.0,18.2,73.8,88.5,45.7,Glossy,Afternoon,Average,Type_D,Medium,170,Op10,B10,75391.7
PP002862,148.5,3.1,9.1,31.5,,70.1,21.9,Cardstock,Night,Average,Type_B,Medium,332,Op03,B19,65733.4
PP002863,135.7,0.5,20.8,22.9,62.0,84.1,52.6,Standard,Night,Good,Type_D,Low,290,Op01,B20,126934.0
PP002864,81.4,6.9,9.1,31.6,55.0,90.7,33.7,Standard,Morning,Good,Type_A,High,209,Op07,B15,40433.1
PP002865,69.5,0.4,10.2,21.8,66.5,95.3,18.7,Glossy,Afternoon,Average,Type_D,Medium,339,Op03,B04,30567.4
PP002866,146.2,0.7,10.4,24.5,63.7,72.4,26.8,Cardstock,Night,Good,Type_D,Medium,12,Op04,B15,75426.3
PP002867,155.2,3.5,21.1,19.5,,95.5,88.1,Matte,Night,Good,Type_D,Medium,245,Op03,B17,128386.0
PP002868,129.5,4.4,19.7,24.4,36.4,96.2,51.5,Glossy,Afternoon,Good,Type_B,Medium,275,Op02,B17,133618.8
PP002869,115.5,3.4,11.8,29.5,64.3,86.5,30.4,Glossy,Night,Good,Type_A,Medium,191,Op10,B17,70855.7
PP002870,118.7,0.0,6.9,28.6,32.9,94.9,30.8,Standard,Morning,Good,Type_A,High,139,Op09,B13,48174.0
PP002871,122.7,3.5,20.6,25.4,52.5,97.3,32.8,Standard,Morning,Good,Type_B,Medium,14,Op06,B10,142751.9
PP002872,71.0,4.7,19.3,26.4,47.5,92.4,24.7,Standard,Morning,Good,Type_B,High,241,Op08,B18,69185.7
PP002873,117.5,0.2,8.6,18.6,47.1,70.0,23.6,Standard,Afternoon,Good,Type_A,Low,99,Op09,B15,54768.0
PP002874,115.5,2.4,17.4,24.0,60.6,89.5,57.3,Matte,Morning,Good,Type_A,High,15,Op01,B06,114553.5
PP002875,56.9,1.2,9.8,26.7,58.5,82.3,46.3,Standard,Night,Average,Type_B,Low,123,Op05,B19,21476.9
PP002876,30.0,2.7,11.1,30.7,37.0,88.3,38.7,Standard,Night,Good,Type_A,Medium,166,Op01,B11,12386.8
PP002877,106.9,0.3,7.8,27.9,58.5,94.0,19.5,Matte,Morning,Average,Type_B,Medium,345,Op09,B08,47205.4
PP002878,48.0,6.9,14.2,18.1,43.9,77.8,41.3,Glossy,Afternoon,Average,Type_A,High,50,Op07,B01,25885.6
PP002879,37.9,10.5,8.7,25.3,66.6,92.9,23.7,Cardstock,Night,Poor,Type_A,Medium,202,Op09,B01,6493.1
PP002880,58.2,0.9,10.0,16.4,49.0,97.0,34.7,Glossy,Afternoon,Good,Type_D,Low,165,Op05,B17,21292.9
PP002881,121.5,0.1,6.3,25.8,32.9,76.0,32.2,Standard,Night,Good,Type_D,High,250,Op09,B16,40194.9
PP002882,113.7,15.0,13.3,25.0,51.2,77.2,28.9,Standard,Night,Poor,Type_A,Medium,332,Op10,B01,39354.2
PP002883,117.7,1.9,14.3,22.3,49.7,33.6,20.6,Standard,Afternoon,Good,Type_C,High,45,Op02,B09,79079.2
PP002884,171.2,0.9,13.4,18.3,55.7,76.0,74.5,Matte,Night,Average,Type_D,Medium,121,Op06,B06,89670.7
PP002885,132.4,1.4,8.7,27.4,59.4,78.6,19.9,Matte,Morning,Good,Type_A,High,123,Op04,B03,73603.6
PP002886,166.1,1.9,12.2,18.3,55.8,79.1,31.4,Standard,Night,Good,Type_B,High,264,Op04,B03,103173.8
PP002887,121.5,8.8,8.8,28.7,62.3,89.1,19.1,Glossy,Afternoon,Average,Type_D,Medium,84,Op01,B06,52237.6
PP002888,150.5,1.2,8.1,26.5,38.5,89.1,32.7,Glossy,Afternoon,Good,Type_A,Low,59,Op10,B08,55382.5
PP002889,167.0,0.8,8.4,21.5,65.7,64.7,17.5,Matte,Afternoon,Good,Type_B,High,121,Op06,B05,72423.4
PP002890,180.0,10.7,17.3,15.0,47.9,99.2,40.7,Matte,Morning,Average,Type_A,Medium,358,Op05,B11,82885.7
PP002891,107.9,5.9,13.8,28.2,49.2,77.6,32.3,Glossy,Afternoon,Average,Type_A,High,359,Op03,B11,74170.3
PP002892,75.3,10.9,5.9,24.0,56.1,78.0,52.2,Glossy,Morning,Average,Type_B,Low,187,Op05,B03,15461.3
PP002893,117.0,1.0,6.3,22.3,41.8,94.0,37.3,Glossy,Afternoon,Average,Type_A,Medium,16,Op07,B15,37915.6
PP002894,160.0,2.7,4.8,,68.6,78.4,75.6,Standard,Night,Average,Type_A,Medium,49,Op03,B20,31011.2
PP002895,167.3,1.2,9.6,20.7,53.8,80.4,18.9,Glossy,Afternoon,Good,Type_B,Medium,118,Op05,B10,80156.1
PP002896,119.3,2.7,12.0,,42.8,97.5,34.0,Standard,Morning,Good,Type_A,High,311,Op06,B01,89710.3
PP002897,127.4,9.6,7.3,33.6,50.9,82.7,27.6,Matte,Night,Good,Type_B,Medium,79,Op10,B05,46210.1
PP002898,167.8,3.1,15.4,22.9,68.4,97.9,29.3,Glossy,Night,Average,Type_B,High,250,Op03,B02,118291.5
PP002899,120.9,3.8,7.6,30.9,55.5,97.3,48.1,Matte,Night,Good,Type_B,Medium,334,Op05,B03,46705.3
PP002900,137.4,0.2,21.2,23.2,58.8,98.9,27.6,Glossy,Morning,Good,Type_A,Medium,109,Op09,B20,157342.5
PP002901,145.8,0.4,7.6,27.8,63.9,93.1,35.5,Standard,Morning,Poor,Type_A,Medium,93,Op01,B05,57852.3
PP002902,107.7,0.4,14.8,20.3,55.5,88.0,42.9,Glossy,Night,Good,Type_C,High,249,Op02,B10,84451.6
PP002903,86.8,1.3,10.3,30.3,52.5,89.4,57.8,Cardstock,Afternoon,Average,Type_C,High,273,Op10,B14,39090.1
PP002904,180.0,1.7,13.0,19.0,51.8,76.3,20.4,Standard,Morning,Good,Type_B,High,197,Op02,B05,108743.7
PP002905,95.7,2.0,7.2,,61.9,71.7,32.1,Standard,Night,Good,Type_D,High,33,Op10,B07,31916.2
PP002906,79.7,0.8,8.1,28.5,45.1,91.3,26.3,Standard,Afternoon,Good,Type_B,High,185,Op08,B10,36154.7
PP002907,106.5,14.6,8.7,25.8,48.2,94.9,65.0,Standard,Afternoon,Good,Type_D,Medium,332,Op05,B04,40095.6
PP002908,120.3,3.4,9.0,24.1,60.9,88.5,39.3,Standard,Afternoon,Average,Type_B,Medium,357,Op07,B19,59769.2
PP002909,124.7,1.2,12.7,18.4,66.7,,32.5,Standard,Morning,Good,Type_B,Medium,185,Op09,B12,91963.7
PP002910,104.2,3.6,20.5,28.7,54.8,84.9,29.7,Matte,Afternoon,Good,Type_C,Medium,65,Op05,B14,100432.6
PP002911,131.6,12.2,8.7,24.4,21.3,85.4,21.8,Glossy,Morning,Average,Type_A,High,165,Op03,B14,55404.4
PP002912,171.9,5.3,9.7,23.3,42.9,92.3,24.7,Glossy,Morning,Average,Type_A,Medium,354,Op10,B19,81452.3
PP002913,104.1,2.6,11.6,19.8,65.1,96.9,19.1,Glossy,Afternoon,Average,Type_D,High,39,Op05,B17,59682.7
PP002914,116.4,0.7,7.3,30.5,69.2,77.6,25.6,Glossy,Afternoon,Good,Type_B,Medium,19,Op04,B07,43432.3
PP002915,161.3,9.2,8.4,17.2,49.9,93.4,29.6,Matte,Morning,Average,Type_B,Low,64,Op01,B06,48205.2
PP002916,81.6,5.1,11.4,19.2,27.1,98.0,56.0,Standard,Afternoon,Good,Type_B,High,113,Op01,B06,45620.0
PP002917,75.4,2.9,7.2,31.9,45.4,91.1,30.0,Standard,Night,Good,Type_D,Low,11,Op10,B05,23843.4
PP002918,91.9,9.3,7.8,15.0,53.9,86.7,46.8,Cardstock,Afternoon,Poor,Type_D,High,209,Op07,B04,18865.6
PP002919,111.3,0.8,19.5,20.9,29.2,13.0,50.1,Matte,Afternoon,Average,Type_D,Medium,33,Op02,B13,39630.4
PP002920,144.8,1.2,12.4,27.0,36.5,94.1,31.1,Matte,Night,Average,Type_A,High,2,Op05,B04,104807.5
PP002921,60.6,0.8,20.5,27.4,52.2,89.0,24.1,Matte,Afternoon,Good,Type_B,High,2,Op01,B08,58449.4
PP002922,92.6,7.8,16.2,,52.8,97.9,106.3,Standard,Night,Poor,Type_D,Low,107,Op01,B20,35592.5
PP002923,77.9,0.0,8.4,25.9,54.0,,26.0,Standard,Afternoon,Good,Type_A,High,206,Op05,B12,34688.0
PP002924,62.1,3.7,8.2,24.1,75.7,88.8,24.7,Matte,Morning,Average,Type_A,Low,186,Op08,B05,20596.1
PP002925,72.1,5.6,8.2,27.7,60.7,93.2,32.4,Standard,Afternoon,Average,Type_C,High,286,Op05,B03,29259.7
PP002926,139.9,0.9,11.5,31.1,,13.4,25.1,Cardstock,Night,Average,Type_A,High,72,Op10,B12,35387.1
PP002927,118.3,1.6,11.3,21.3,32.2,74.9,18.7,Glossy,Night,Average,Type_D,High,328,Op05,B04,65023.0
PP002928,120.2,2.3,18.8,26.2,50.4,84.0,34.9,Cardstock,Morning,Good,Type_C,Medium,33,Op10,B17,111519.5
PP002929,135.5,6.3,7.5,33.2,48.1,81.2,48.0,Glossy,Morning,Good,Type_B,Medium,287,Op08,B05,51616.5
PP002930,129.6,6.3,8.4,21.4,32.4,95.6,40.3,Standard,Afternoon,Average,Type_A,Medium,109,Op06,B15,57975.2
PP002931,129.3,1.9,7.8,29.6,49.2,87.1,25.2,Glossy,Afternoon,Average,Type_C,Low,320,Op03,B13,47886.5
PP002932,178.5,5.2,11.7,31.7,50.5,84.7,33.1,Standard,Night,Good,Type_A,High,286,Op01,B18,92513.1
PP002933,137.3,5.8,7.4,21.5,72.8,99.6,80.3,Standard,Afternoon,Average,Type_B,High,257,Op01,B03,45877.9
PP002934,30.0,8.5,11.5,,70.8,89.0,24.3,Glossy,Afternoon,Average,Type_D,High,176,Op10,B20,10514.9
PP002935,134.0,3.9,11.9,23.3,47.7,91.8,61.9,Standard,Afternoon,Good,Type_A,Medium,18,Op01,B07,94095.0
PP002936,147.3,4.3,7.4,24.8,68.8,89.1,55.6,Cardstock,Night,Good,Type_A,Medium,70,Op07,B13,53730.1
PP002937,131.6,8.8,10.1,35.0,65.1,90.3,19.1,Glossy,Morning,Average,Type_C,Low,208,Op05,B01,56968.6
PP002938,94.9,1.8,10.4,26.5,46.6,94.6,34.9,Standard,Morning,Good,Type_B,Medium,201,Op02,B18,56514.9
PP002939,80.6,3.9,6.5,21.8,76.1,77.3,30.6,Standard,Night,Good,Type_D,Low,26,Op09,B20,21447.0
PP002940,116.5,0.2,13.4,29.0,58.5,92.0,43.7,Standard,Night,Good,Type_C,High,110,Op06,B13,84244.8
PP002941,137.7,1.1,13.7,26.4,45.2,87.0,23.0,Matte,Morning,Average,Type_A,Medium,271,Op07,B01,104551.3
PP002942,144.1,8.3,11.4,34.9,70.3,55.4,41.5,Matte,Afternoon,Good,Type_C,Low,98,Op01,B13,61793.2
PP002943,53.4,1.4,9.7,26.6,74.7,83.0,27.2,Standard,Afternoon,Average,Type_B,Medium,51,Op09,B17,21583.5
PP002944,126.2,1.9,15.9,23.8,48.3,94.1,20.3,Glossy,Afternoon,Good,Type_C,Medium,157,Op08,B13,113104.5
PP002945,157.8,0.7,6.5,21.1,56.7,81.9,54.8,Matte,Night,Good,Type_B,High,65,Op02,B11,51794.6
PP002946,140.7,0.6,10.0,,71.3,98.5,94.2,Standard,Morning,Good,Type_C,High,206,Op06,B09,71024.3
PP002947,180.0,1.3,13.3,17.2,53.7,99.5,42.7,Glossy,Night,Average,Type_B,Low,39,Op09,B17,42773.9
PP002948,91.7,5.3,8.9,25.1,71.7,81.2,30.7,Standard,Afternoon,Good,Type_A,Medium,218,Op05,B19,42138.3
PP002949,74.5,2.8,7.4,25.1,55.6,96.5,22.2,Standard,Morning,Average,Type_D,Medium,151,Op09,B15,28201.1
PP002950,144.5,5.7,8.0,23.0,67.7,82.1,30.3,Cardstock,Night,Average,Type_A,Low,167,Op09,B06,49763.0
PP002951,165.3,7.7,18.4,23.5,53.2,81.2,26.1,Glossy,Night,Good,Type_D,High,147,Op01,B05,138013.9
PP002952,81.2,0.1,5.7,28.5,73.8,80.9,17.2,Standard,Night,Average,Type_A,Low,26,Op01,B07,18967.9
PP002953,116.6,5.5,19.1,28.7,60.8,75.0,52.5,Glossy,Morning,Average,Type_A,Medium,338,Op05,B13,102395.2
PP002954,123.0,7.5,8.7,25.7,54.0,62.5,32.2,Standard,Morning,Good,Type_A,Low,102,Op03,B08,54622.9
PP002955,129.0,6.8,12.9,25.2,47.2,95.2,22.8,Standard,Morning,Average,Type_A,Medium,351,Op10,B09,94347.8
PP002956,157.0,8.0,9.1,24.9,58.0,99.0,38.4,Standard,Night,Good,Type_B,High,50,Op02,B13,78216.9
PP002957,180.0,2.7,10.1,18.4,42.1,,19.4,Standard,Afternoon,Good,Type_A,High,81,Op06,B05,81970.6
PP002958,95.9,3.2,10.6,25.3,40.8,88.5,32.1,Standard,Morning,Average,Type_D,Low,124,Op09,B15,47717.0
PP002959,104.6,2.3,4.4,18.6,30.7,89.4,49.8,Standard,Night,Average,Type_A,High,76,Op06,B20,20824.2
PP002960,64.9,4.9,12.2,25.4,53.7,91.6,39.0,Matte,Afternoon,Average,Type_B,Medium,164,Op07,B08,36556.0
PP002961,141.0,1.1,8.4,20.8,57.7,77.1,25.4,Standard,Morning,Good,Type_A,High,8,Op03,B17,77296.6
PP002962,77.4,1.7,12.1,24.6,41.9,83.5,32.8,Standard,Morning,Good,Type_A,Medium,316,Op04,B15,50606.9
PP002963,119.2,0.8,7.6,23.3,67.6,27.3,28.9,Standard,Afternoon,Good,Type_A,Medium,301,Op03,B04,39457.2
PP002964,130.4,1.8,9.4,16.3,70.7,,20.5,Cardstock,Night,Average,Type_D,Medium,262,Op02,B06,52405.1
PP002965,159.4,0.4,9.3,26.3,58.0,84.4,50.7,Cardstock,Afternoon,Good,Type_B,Medium,69,Op03,B13,73023.7
PP002966,113.3,3.6,11.9,27.5,56.4,97.9,50.7,Standard,Morning,Average,Type_C,Medium,356,Op10,B17,72227.6
PP002967,98.8,0.3,8.3,24.6,45.7,92.7,25.7,Standard,Night,Good,Type_A,Low,50,Op10,B02,42242.5
PP002968,93.7,2.4,7.3,23.1,42.6,65.7,31.3,Matte,Afternoon,Good,Type_A,Medium,323,Op01,B03,34921.2
PP002969,147.7,2.3,12.6,21.8,38.4,87.0,40.4,Standard,Afternoon,Average,Type_A,Medium,17,Op02,B06,104241.0
PP002970,103.5,4.0,19.7,22.6,59.0,75.7,17.8,Glossy,Afternoon,Average,Type_B,High,41,Op04,B08,94745.7
PP002971,116.9,2.4,19.1,27.5,66.5,92.3,64.6,Matte,Morning,Average,Type_A,High,183,Op08,B17,110138.5
PP002972,140.3,12.4,12.9,22.1,53.9,78.8,25.1,Standard,Morning,Average,Type_A,Low,21,Op07,B17,85604.8
PP002973,158.1,7.7,7.4,26.7,67.4,98.3,33.3,Glossy,Night,Average,Type_A,Medium,335,Op01,B09,54395.4
PP002974,153.4,2.6,5.1,20.4,38.4,91.4,77.7,Standard,Afternoon,Good,Type_B,High,233,Op10,B13,35006.8
PP002975,68.2,9.4,5.4,26.7,33.3,75.5,22.5,Glossy,Morning,Average,Type_A,Medium,139,Op08,B18,15404.9
PP002976,78.7,5.0,6.8,26.6,56.3,85.4,29.1,Matte,Morning,Average,Type_B,Medium,336,Op05,B03,25961.5
PP002977,126.9,15.0,14.7,28.5,58.1,87.6,49.6,Standard,Night,Average,Type_A,High,28,Op01,B01,80254.0
PP002978,134.1,12.0,21.2,33.5,,65.6,44.0,Standard,Afternoon,Average,Type_A,Low,352,Op06,B01,67511.3
PP002979,124.1,1.9,6.5,24.5,50.7,61.4,59.1,Standard,Morning,Good,Type_C,Medium,115,Op06,B04,39055.8
PP002980,158.4,1.4,11.3,36.7,52.9,,40.0,Glossy,Morning,Good,Type_B,Medium,1,Op01,B08,81752.9
PP002981,166.2,14.1,17.4,17.5,42.2,87.8,48.9,Glossy,Afternoon,Good,Type_C,High,50,Op04,B02,98046.0
PP002982,112.5,0.7,11.3,15.0,44.8,99.1,18.9,Standard,Afternoon,Good,Type_B,High,237,Op05,B03,69448.6
PP002983,121.0,5.8,10.2,24.2,55.1,83.2,39.6,Matte,Night,Good,Type_B,Medium,36,Op01,B01,65627.3
PP002984,151.2,2.7,10.3,29.9,26.7,95.7,24.7,Standard,Night,Good,Type_C,Medium,336,Op06,B10,82791.5
PP002985,143.9,2.3,4.8,24.9,44.1,82.8,26.5,Standard,Night,Good,Type_B,High,194,Op02,B11,40705.2
PP002986,81.6,3.8,8.5,34.3,45.2,82.9,30.5,Cardstock,Afternoon,Good,Type_A,Medium,225,Op05,B19,31508.5
PP002987,72.0,4.3,11.4,29.4,38.1,68.0,68.8,Cardstock,Morning,Average,Type_C,Medium,46,Op01,B08,29017.8
PP002988,56.3,4.8,12.4,21.7,36.7,94.5,24.8,Standard,Afternoon,Average,Type_A,Medium,319,Op06,B11,32756.6
PP002989,114.5,1.6,18.3,20.8,46.3,82.9,20.8,Cardstock,Afternoon,Good,Type_C,High,242,Op04,B15,104678.6
PP002990,95.2,7.3,9.2,31.3,44.0,9.4,24.7,Matte,Afternoon,Good,Type_D,Medium,309,Op03,B19,17909.3
PP002991,92.3,3.6,10.8,24.7,78.8,98.5,19.0,Matte,Morning,Average,Type_D,Medium,175,Op03,B20,47079.3
PP002992,63.8,0.7,12.8,20.7,,96.4,53.0,Glossy,Night,Good,Type_B,Medium,153,Op08,B08,38603.1
PP002993,112.9,7.2,17.0,21.2,65.4,84.7,43.0,Matte,Night,Average,Type_A,Medium,158,Op08,B06,87917.1
PP002994,64.6,4.8,8.6,19.5,56.1,69.1,35.8,Matte,Afternoon,Average,Type_D,Medium,293,Op04,B02,22788.2
PP002995,75.9,4.1,9.9,17.7,51.0,98.7,29.5,Cardstock,Night,Good,Type_C,High,360,Op10,B16,31873.0
PP002996,102.8,0.4,7.4,29.1,41.4,89.7,36.1,Standard,Night,Good,Type_C,High,323,Op07,B09,39620.8
PP002997,129.9,6.1,14.5,25.5,43.3,88.8,65.2,Cardstock,Morning,Average,Type_C,Medium,309,Op09,B12,86742.0
PP002998,115.6,4.7,6.2,28.7,49.5,79.2,29.8,Standard,Afternoon,Poor,Type_A,Medium,221,Op10,B16,32835.2
PP002999,137.2,1.7,6.9,24.5,51.6,95.4,89.4,Standard,Afternoon,Good,Type_C,High,258,Op07,B07,46928.6
PP003000,112.3,0.3,14.4,28.4,63.2,93.3,83.0,Standard,Morning,Good,Type_B,High,27,Op06,B02,90721.7
PP003001,100.5,2.2,9.3,19.3,49.3,77.6,50.1,Cardstock,Night,Good,Type_C,Medium,248,Op01,B05,41645.7
PP003002,103.7,2.7,6.5,26.3,60.0,90.8,19.9,Glossy,Afternoon,Good,Type_A,Low,10,Op09,B16,33709.2
PP003003,84.8,0.6,8.3,23.7,37.1,99.0,51.6,Matte,Night,Good,Type_D,Medium,44,Op07,B06,33501.1
PP003004,115.4,8.9,8.7,18.9,48.0,95.1,26.5,Standard,Morning,Good,Type_A,Medium,297,Op04,B15,58174.0
PP003005,153.1,2.0,20.7,23.0,34.9,91.3,20.3,Standard,Morning,Good,Type_C,Medium,136,Op07,B17,172475.9
PP003006,138.5,5.9,5.6,23.6,57.6,70.0,43.2,Standard,Morning,Average,Type_C,Medium,176,Op02,B01,37095.7
PP003007,137.9,1.8,10.4,15.0,52.6,72.9,62.2,Matte,Morning,Good,Type_A,Medium,36,Op07,B19,71033.6
PP003008,126.6,1.4,11.9,31.2,50.2,94.7,73.5,Standard,Morning,Average,Type_A,Medium,274,Op01,B14,74272.2
PP003009,121.8,10.8,12.6,29.2,56.1,77.3,19.6,Glossy,Afternoon,Poor,Type_D,Medium,268,Op03,B08,53626.8
PP003010,117.6,2.0,11.7,23.8,54.8,24.2,56.1,Standard,Morning,Average,Type_D,Medium,17,Op05,B10,46309.4
PP003011,79.2,6.7,20.3,21.3,42.6,94.0,39.3,Glossy,Morning,Good,Type_B,High,281,Op05,B06,76194.2
PP003012,77.7,3.2,11.5,29.8,32.6,74.3,36.1,Standard,Afternoon,Good,Type_B,High,253,Op07,B13,43706.2
PP003013,83.4,0.2,8.7,29.4,39.1,97.5,26.6,Glossy,Afternoon,Average,Type_A,Medium,238,Op02,B12,35066.7
PP003014,144.7,0.7,6.1,19.4,46.4,65.3,19.5,Glossy,Night,Good,Type_C,High,98,Op05,B04,48222.2
PP003015,93.7,0.8,16.3,18.1,48.2,92.2,68.4,Matte,Night,Good,Type_A,Low,340,Op09,B06,64059.2
PP003016,134.8,0.7,8.8,30.3,59.1,79.0,34.8,Standard,Morning,Good,Type_C,Low,296,Op03,B12,63291.1
PP003017,77.1,1.5,9.1,27.4,65.4,48.0,14.8,Standard,Night,Good,Type_C,Medium,105,Op01,B03,28552.2
PP003018,105.3,3.6,12.0,28.4,52.5,98.9,41.0,Cardstock,Morning,Good,Type_B,Medium,279,Op09,B17,62635.9
PP003019,82.5,6.5,7.5,18.4,51.6,82.4,35.4,Glossy,Afternoon,Good,Type_C,Medium,334,Op05,B01,27828.4
PP003020,136.6,0.8,10.3,23.7,60.7,82.9,38.3,Glossy,Night,Good,Type_D,Medium,69,Op10,B16,71523.8
PP003021,178.1,8.2,9.7,32.2,,44.3,43.9,Matte,Afternoon,Average,Type_D,High,36,Op05,B03,38485.0
PP003022,74.1,2.0,13.0,25.9,31.3,80.3,17.2,Cardstock,Afternoon,Good,Type_D,Medium,16,Op04,B04,41334.2
PP003023,123.8,2.7,6.8,22.9,30.0,93.5,85.3,Matte,Night,Good,Type_D,Low,129,Op06,B15,34090.5
PP003024,87.5,15.0,17.0,26.1,44.7,,106.5,Glossy,Afternoon,Average,Type_B,Medium,160,Op03,B07,37139.2
PP003025,137.4,2.6,13.1,23.7,41.3,59.1,34.7,Cardstock,Night,Good,Type_A,Medium,127,Op09,B14,93634.1
PP003026,168.7,2.3,10.0,29.7,24.5,94.4,60.4,Glossy,Night,Average,Type_B,Low,225,Op05,B15,51539.0
PP003027,97.4,9.3,10.7,15.0,40.8,94.5,26.9,Cardstock,Night,Poor,Type_C,Medium,38,Op03,B13,26042.1
PP003028,147.0,8.3,7.5,30.0,51.6,94.1,29.6,Glossy,Night,Good,Type_C,Medium,71,Op08,B07,60386.2
PP003029,110.8,3.4,17.5,30.1,55.1,98.9,19.8,Glossy,Morning,Good,Type_B,Low,171,Op08,B13,98533.0
PP003030,91.1,8.5,15.1,24.0,56.3,97.3,46.4,Standard,Morning,Average,Type_A,High,10,Op04,B10,70975.0
PP003031,102.1,10.3,10.0,21.9,77.4,55.9,38.4,Standard,Night,Good,Type_C,Low,311,Op03,B20,37646.2
PP003032,152.6,6.2,16.7,31.1,50.6,77.4,47.4,Glossy,Morning,Good,Type_A,Low,83,Op03,B07,104750.2
PP003033,128.7,1.3,7.7,25.7,56.4,76.6,29.1,Standard,Morning,Good,Type_B,Medium,341,Op06,B15,58712.4
PP003034,112.4,15.0,7.4,24.7,38.6,84.0,30.0,Matte,Afternoon,Good,Type_C,High,28,Op03,B08,36084.8
PP003035,109.5,1.9,10.8,20.5,71.8,79.8,52.1,Glossy,Morning,Average,Type_B,Medium,289,Op05,B11,57161.4
PP003036,94.9,0.2,7.3,15.0,65.7,96.9,46.3,Standard,Morning,Average,Type_A,Low,327,Op08,B03,27785.9
PP003037,136.3,1.1,18.9,17.8,51.9,97.9,21.6,Standard,Night,Good,Type_A,High,102,Op01,B18,148488.6
PP003038,180.0,6.1,9.5,18.2,50.2,94.2,35.9,Standard,Morning,Good,Type_D,Low,291,Op07,B04,43972.2
PP003039,109.7,15.0,14.0,23.0,52.3,93.3,34.3,Glossy,Morning,Good,Type_A,Low,90,Op07,B20,62471.3
PP003040,81.4,1.6,13.7,,55.7,84.4,32.9,Standard,Night,Good,Type_A,Low,151,Op10,B18,52610.4
PP003041,127.7,7.2,23.1,16.9,48.1,91.1,35.4,Cardstock,Afternoon,Average,Type_C,Low,332,Op01,B03,92212.0
PP003042,132.7,2.9,8.7,22.7,46.4,92.1,43.2,Standard,Night,Average,Type_C,Medium,12,Op06,B07,62699.5
PP003043,150.5,5.8,10.9,27.2,60.4,74.0,33.0,Standard,Night,Average,Type_C,Medium,39,Op05,B08,77400.8
PP003044,75.7,0.1,9.1,22.3,,90.9,28.7,Matte,Afternoon,Good,Type_C,Medium,356,Op02,B10,33651.1
PP003045,124.8,4.9,8.8,24.0,43.1,82.2,39.1,Cardstock,Afternoon,Good,Type_C,High,8,Op06,B10,59563.1
PP003046,87.5,6.4,11.7,27.4,64.5,99.2,65.9,Glossy,Night,Poor,Type_B,Medium,75,Op04,B10,36662.3
PP003047,160.2,1.8,8.5,27.3,59.6,80.0,19.0,Cardstock,Morning,Good,Type_B,Medium,118,Op07,B06,70771.5
PP003048,140.0,1.6,10.6,23.9,48.4,94.9,71.0,Standard,Afternoon,Good,Type_A,Low,219,Op01,B05,76703.4
PP003049,109.0,2.0,8.0,15.8,59.6,86.6,35.1,Standard,Afternoon,Average,Type_B,Low,103,Op06,B04,38857.2
PP003050,75.5,3.2,7.5,27.9,57.5,,21.1,Standard,Night,Average,Type_D,Medium,274,Op10,B03,27208.9
PP003051,177.6,11.2,8.6,23.0,36.2,,33.4,Glossy,Morning,Good,Type_C,Medium,181,Op03,B03,21575.4
PP003052,110.4,3.8,13.0,19.6,49.4,80.8,33.3,Matte,Afternoon,Good,Type_B,Medium,225,Op05,B19,77630.0
PP003053,144.9,3.3,8.9,22.7,,88.1,48.2,Standard,Afternoon,Good,Type_D,High,165,Op04,B20,78295.8
PP003054,52.5,5.8,20.6,24.5,44.9,93.8,38.2,Glossy,Afternoon,Good,Type_B,Medium,40,Op07,B03,43829.8
PP003055,119.6,6.8,7.7,,65.4,86.2,56.6,Standard,Afternoon,Average,Type_A,Medium,107,Op07,B20,46762.1
PP003056,140.7,0.4,3.5,21.9,41.4,,54.9,Matte,Afternoon,Poor,Type_B,Medium,186,Op09,B08,19587.3
PP003057,44.5,2.9,13.8,19.9,41.2,88.3,43.0,Standard,Morning,Average,Type_D,Low,1,Op04,B06,22108.5
PP003058,124.2,7.9,9.8,17.9,66.0,92.7,34.9,Cardstock,Afternoon,Poor,Type_D,Medium,98,Op03,B06,42524.5
PP003059,156.8,4.2,9.1,29.0,61.9,91.3,43.9,Glossy,Afternoon,Average,Type_B,Low,216,Op02,B04,56659.2
PP003060,67.1,2.9,8.4,27.7,41.5,84.5,23.6,Standard,Morning,Good,Type_B,High,245,Op09,B12,30263.9
PP003061,111.0,5.6,16.5,26.2,48.3,93.0,86.6,Matte,Afternoon,Average,Type_B,Medium,303,Op03,B06,83774.7
PP003062,103.8,2.3,16.3,,53.1,80.4,36.4,Standard,Night,Average,Type_D,Low,156,Op06,B02,72517.3
PP003063,94.6,0.2,9.0,22.9,32.0,95.5,18.9,Standard,Morning,Good,Type_C,Medium,184,Op04,B07,49171.2
PP003064,94.7,4.2,21.4,25.3,47.6,86.4,69.9,Standard,Morning,Good,Type_B,High,23,Op07,B04,98000.8
PP003065,85.8,5.3,14.5,21.7,54.1,67.7,36.5,Standard,Night,Poor,Type_B,Medium,177,Op01,B04,48666.9
PP003066,90.0,3.1,6.9,21.2,40.0,98.0,34.7,Standard,Afternoon,Good,Type_A,Low,117,Op06,B19,30588.6
PP003067,113.0,1.3,9.2,22.7,66.1,82.9,19.1,Standard,Morning,Average,Type_C,High,32,Op06,B16,59141.4
PP003068,117.6,3.6,14.3,30.7,54.0,91.3,26.0,Cardstock,Night,Good,Type_A,Medium,218,Op01,B10,85825.5
PP003069,71.5,0.1,14.1,24.1,66.5,81.4,22.9,Standard,Night,Good,Type_A,Medium,182,Op03,B16,50081.4
PP003070,95.4,11.3,21.6,20.3,46.0,77.0,19.5,Matte,Afternoon,Good,Type_D,Low,303,Op02,B03,68850.5
PP003071,118.2,0.1,5.2,25.7,60.9,82.7,23.4,Standard,Morning,Good,Type_C,Low,239,Op10,B20,32336.1
PP003072,153.9,11.2,9.9,16.7,46.3,90.2,23.3,Matte,Night,Good,Type_B,Medium,350,Op09,B08,73283.8
PP003073,154.3,4.5,8.9,26.1,44.0,96.8,31.0,Cardstock,Morning,Average,Type_A,High,261,Op06,B16,73253.5
PP003074,114.1,6.1,6.0,21.2,61.2,88.1,70.7,Standard,Morning,Poor,Type_C,Medium,83,Op04,B06,25824.9
PP003075,118.7,2.2,10.7,22.2,36.4,47.2,76.2,Glossy,Afternoon,Good,Type_C,Medium,166,Op04,B17,53030.3
PP003076,69.0,1.1,15.1,,,42.1,47.8,Cardstock,Morning,Good,Type_C,Medium,12,Op08,B01,36359.6
PP003077,117.4,6.2,11.7,18.2,40.6,90.3,22.2,Matte,Night,Good,Type_B,High,295,Op07,B09,75381.0
PP003078,53.7,0.3,10.4,26.9,58.0,28.9,35.6,Glossy,Afternoon,Good,Type_A,Medium,363,Op10,B15,17783.2
PP003079,102.5,1.5,4.3,23.4,35.9,90.1,67.7,Standard,Afternoon,Good,Type_B,Medium,238,Op05,B14,19271.3
PP003080,72.5,1.7,8.4,30.4,55.4,87.2,52.1,Matte,Afternoon,Good,Type_C,High,94,Op10,B16,29153.7
PP003081,90.3,0.6,8.7,18.4,52.1,89.4,22.6,Standard,Night,Good,Type_B,High,320,Op03,B07,42477.6
PP003082,119.4,4.7,6.7,24.7,48.4,59.8,53.1,Cardstock,Afternoon,Good,Type_D,Medium,335,Op05,B13,35086.0
PP003083,121.6,6.3,7.6,23.5,72.0,94.8,29.1,Matte,Afternoon,Good,Type_D,Medium,187,Op03,B11,49465.2
PP003084,155.6,0.7,8.6,25.7,26.2,87.2,32.0,Cardstock,Night,Good,Type_B,High,216,Op02,B09,63568.3
PP003085,122.0,6.4,11.2,22.4,39.8,59.9,32.4,Standard,Morning,Poor,Type_D,Medium,223,Op06,B13,56811.4
PP003086,98.3,3.2,8.7,29.9,,86.1,32.1,Standard,Night,Good,Type_A,Medium,109,Op10,B06,46654.3
PP003087,135.5,2.3,9.1,21.3,61.5,97.7,28.9,Glossy,Night,Good,Type_C,Low,323,Op05,B04,60846.1
PP003088,60.8,0.6,8.3,15.4,60.8,95.0,20.4,Matte,Night,Good,Type_A,High,141,Op07,B08,22960.5
PP003089,169.0,1.2,18.2,28.5,63.1,82.6,44.0,Glossy,Afternoon,Good,Type_C,Low,221,Op08,B04,107080.9
PP003090,45.6,15.0,11.2,29.0,45.2,6.9,36.1,Standard,Morning,Average,Type_B,Low,323,Op08,B11,1395.0
PP003091,136.1,1.9,23.6,24.7,51.8,91.4,50.7,Cardstock,Night,Good,Type_B,High,270,Op09,B11,144826.0
PP003092,132.2,3.9,16.7,,41.1,86.1,34.3,Glossy,Night,Good,Type_B,Medium,33,Op04,B13,109576.1
PP003093,95.9,5.8,14.4,31.0,35.7,69.7,41.0,Standard,Night,Good,Type_A,Low,184,Op10,B16,58208.0
PP003094,100.2,2.1,11.5,17.6,79.9,91.8,22.0,Standard,Morning,Average,Type_C,Medium,261,Op04,B19,51972.6
PP003095,66.6,4.9,18.0,25.3,59.4,78.4,18.2,Glossy,Morning,Good,Type_C,Low,62,Op05,B14,48259.3
PP003096,118.1,10.9,8.9,,54.5,79.8,16.7,Glossy,Afternoon,Average,Type_C,High,243,Op05,B04,51712.6
PP003097,132.0,4.2,7.0,25.5,51.4,78.1,35.9,Standard,Afternoon,Average,Type_B,High,355,Op10,B08,51508.6
PP003098,97.1,8.0,6.5,,39.4,96.8,36.4,Matte,Morning,Average,Type_B,Medium,117,Op02,B13,30848.5
PP003099,128.3,1.0,8.4,24.7,33.0,79.4,14.0,Matte,Afternoon,Good,Type_C,High,328,Op06,B01,64524.4
PP003100,136.6,3.4,14.0,27.4,37.3,82.1,23.1,Matte,Night,Good,Type_A,Medium,102,Op06,B12,108859.5
PP003101,89.9,1.8,18.3,25.3,69.5,90.6,24.8,Standard,Morning,Average,Type_D,Medium,168,Op10,B04,76917.0
PP003102,142.0,0.6,9.8,27.5,34.8,66.1,36.1,Cardstock,Afternoon,Good,Type_C,Medium,1,Op10,B05,67088.2
PP003103,129.3,15.0,9.0,15.0,59.2,89.0,28.8,Standard,Morning,Poor,Type_D,High,348,Op03,B19,29442.1
PP003104,116.9,5.1,13.6,19.7,44.6,66.9,56.4,Standard,Afternoon,Average,Type_A,High,23,Op07,B12,83085.0
PP003105,139.3,2.2,11.2,26.6,46.3,49.9,34.3,Standard,Afternoon,Good,Type_D,Medium,221,Op05,B07,82554.4
PP003106,124.6,8.8,22.3,29.6,45.3,96.4,44.5,Standard,Night,Good,Type_C,Medium,5,Op01,B06,119933.5
PP003107,91.3,6.2,13.2,25.2,58.4,89.1,28.1,Standard,Morning,Good,Type_A,Medium,114,Op09,B16,64698.9
PP003108,93.9,9.5,11.7,28.4,57.6,74.2,23.5,Standard,Afternoon,Good,Type_B,High,291,Op03,B04,58705.1
PP003109,121.8,5.8,8.2,28.0,47.4,85.9,31.8,Standard,Night,Good,Type_B,Medium,19,Op05,B03,53727.3
PP003110,150.0,4.8,15.9,22.7,42.6,92.8,27.2,Glossy,Morning,Good,Type_C,Medium,332,Op04,B08,141880.0
PP003111,120.3,0.4,10.4,31.1,74.3,93.7,45.4,Matte,Morning,Good,Type_B,Medium,281,Op04,B18,65765.4
PP003112,102.0,14.8,19.6,27.8,59.5,27.8,45.6,Standard,Morning,Average,Type_C,Medium,349,Op08,B11,39721.3
PP003113,115.9,0.6,7.0,22.0,29.5,94.0,34.6,Matte,Afternoon,Good,Type_D,Medium,31,Op08,B19,41720.1
PP003114,76.9,2.3,7.8,21.5,73.7,94.3,49.9,Glossy,Night,Average,Type_B,High,235,Op10,B20,26016.2
PP003115,151.2,1.9,7.9,19.2,65.2,88.2,21.6,Matte,Morning,Poor,Type_A,Medium,108,Op07,B10,56937.5
PP003116,159.8,0.1,12.7,24.1,57.4,96.6,26.4,Standard,Afternoon,Good,Type_B,Medium,365,Op06,B05,116175.4
PP003117,167.9,15.0,13.0,22.9,55.1,89.9,24.2,Matte,Morning,Good,Type_D,High,237,Op03,B20,95532.6
PP003118,142.9,7.0,6.1,26.0,20.0,65.6,34.4,Cardstock,Afternoon,Average,Type_B,Medium,212,Op07,B08,35169.7
PP003119,92.8,12.0,8.9,32.8,59.1,35.7,37.2,Standard,Afternoon,Poor,Type_A,Medium,92,Op04,B20,18149.2
PP003120,110.2,8.7,11.8,17.1,53.6,84.8,37.7,Standard,Morning,Average,Type_A,Medium,105,Op01,B06,62237.4
PP003121,101.7,4.5,11.7,24.7,54.5,90.8,38.6,Cardstock,Morning,Good,Type_C,High,83,Op09,B20,60757.5
PP003122,128.1,2.7,7.4,19.7,45.4,64.0,46.5,Cardstock,Afternoon,Average,Type_C,Medium,69,Op07,B08,41515.4
PP003123,157.3,5.9,11.1,20.7,45.8,82.8,39.4,Matte,Morning,Good,Type_D,Medium,74,Op08,B17,89357.1
PP003124,36.0,0.9,10.7,24.5,42.0,,41.2,Matte,Afternoon,Good,Type_D,High,149,Op09,B04,15003.4
PP003125,127.3,0.8,8.1,27.9,41.2,94.5,56.8,Glossy,Morning,Good,Type_B,Medium,256,Op07,B13,56167.0
PP003126,122.2,2.9,6.4,31.8,60.3,93.4,16.1,Matte,Night,Average,Type_A,Low,100,Op04,B14,38351.3
PP003127,123.2,0.4,13.0,25.4,35.5,94.5,30.6,Matte,Afternoon,Good,Type_C,Low,304,Op07,B01,80739.3
PP003128,135.4,2.4,6.5,25.4,,98.7,54.9,Matte,Afternoon,Good,Type_A,Medium,187,Op02,B11,49551.8
PP003129,86.5,3.0,17.4,26.3,35.4,95.9,28.9,Standard,Afternoon,Good,Type_C,Medium,10,Op08,B14,73686.0
PP003130,144.2,3.8,14.7,22.1,50.5,78.4,38.0,Glossy,Morning,Good,Type_A,High,125,Op05,B12,130251.6
PP003131,124.5,0.3,7.6,27.3,54.6,76.1,33.9,Standard,Night,Good,Type_C,High,80,Op02,B12,53169.2
PP003132,107.7,5.6,9.5,29.5,68.8,99.3,28.2,Glossy,Morning,Good,Type_B,Low,186,Op06,B20,48962.4
PP003133,114.9,10.2,7.3,25.8,72.1,95.0,36.0,Glossy,Night,Average,Type_D,High,140,Op01,B15,36417.0
PP003134,100.5,6.8,9.1,23.6,47.0,83.8,30.7,Glossy,Night,Poor,Type_C,High,215,Op08,B10,37317.4
PP003135,117.1,0.0,15.9,24.5,28.5,74.6,28.8,Standard,Afternoon,Good,Type_C,High,57,Op01,B18,99915.4
PP003136,132.8,8.6,8.1,26.7,53.4,75.1,28.0,Standard,Morning,Average,Type_B,Medium,331,Op01,B04,59041.9
PP003137,73.4,3.1,11.7,,59.2,81.8,42.7,Glossy,Night,Good,Type_B,Low,274,Op01,B19,36386.5
PP003138,103.2,8.7,13.6,21.5,46.7,64.6,68.6,Standard,Night,Good,Type_C,Medium,213,Op09,B13,62295.4
PP003139,99.3,15.0,9.7,21.8,52.0,73.1,30.4,Matte,Morning,Good,Type_D,Medium,223,Op01,B12,37536.4
PP003140,113.1,4.1,11.2,21.7,42.5,82.4,42.6,Glossy,Morning,Good,Type_A,Medium,223,Op04,B13,68904.1
PP003141,105.2,0.8,7.6,25.2,56.5,86.6,49.1,Cardstock,Afternoon,Good,Type_A,High,254,Op04,B05,38791.7
PP003142,58.1,7.3,8.8,26.9,40.6,,39.5,Matte,Night,Average,Type_B,Medium,341,Op10,B13,21382.6
PP003143,129.0,0.3,17.8,25.6,40.5,93.2,21.0,Cardstock,Afternoon,Good,Type_A,Medium,9,Op10,B17,122431.3
PP003144,152.1,15.0,20.4,23.3,49.4,91.5,28.6,Standard,Morning,Poor,Type_A,High,180,Op09,B18,64203.6
PP003145,91.9,8.7,12.8,23.3,45.9,78.2,24.1,Glossy,Afternoon,Good,Type_B,Medium,340,Op07,B06,59353.2
PP003146,119.4,8.8,22.1,21.1,54.2,92.8,27.2,Matte,Afternoon,Good,Type_D,Medium,132,Op03,B16,117242.7
PP003147,92.2,1.9,10.6,30.1,70.6,88.6,25.9,Cardstock,Morning,Good,Type_D,Low,243,Op10,B16,38867.2
PP003148,120.5,5.9,9.2,23.1,34.8,83.2,27.7,Standard,Night,Average,Type_B,Medium,61,Op07,B06,59149.3
PP003149,107.4,12.7,15.5,19.1,59.3,91.9,21.2,Glossy,Morning,Average,Type_C,Medium,114,Op07,B14,70168.0
PP003150,149.0,2.0,12.0,37.6,35.7,87.3,14.3,Standard,Morning,Good,Type_B,High,218,Op08,B10,101645.6
PP003151,96.5,0.3,6.6,23.8,30.5,90.2,28.4,Standard,Afternoon,Good,Type_D,High,6,Op03,B16,35451.1
PP003152,134.6,3.7,11.6,,50.3,72.6,31.5,Glossy,Afternoon,Average,Type_B,Medium,212,Op09,B14,81312.4
PP003153,91.4,2.3,10.4,22.9,,86.7,37.2,Standard,Night,Good,Type_C,High,155,Op07,B17,50433.0
PP003154,97.1,1.5,12.5,27.9,32.3,85.2,28.4,Standard,Morning,Good,Type_C,Low,54,Op10,B12,61671.5
PP003155,117.7,0.4,15.9,27.3,63.7,40.8,27.5,Standard,Night,Average,Type_C,Medium,285,Op02,B06,71290.7
PP003156,62.3,4.6,5.9,25.6,54.7,86.4,16.4,Matte,Morning,Poor,Type_B,Medium,129,Op01,B15,14697.0
PP003157,86.1,1.3,6.3,18.8,62.8,73.8,16.7,Glossy,Afternoon,Poor,Type_C,High,93,Op06,B03,21253.2
PP003158,140.5,4.4,10.1,25.8,56.6,98.3,21.9,Cardstock,Afternoon,Good,Type_A,Low,248,Op05,B09,74361.3
PP003159,92.4,5.6,19.0,26.3,81.6,90.6,42.0,Cardstock,Morning,Good,Type_D,Medium,222,Op06,B10,65678.0
PP003160,71.4,14.4,12.9,26.6,,,66.9,Glossy,Morning,Poor,Type_C,Medium,229,Op09,B17,12963.0
PP003161,68.5,10.5,6.8,22.0,49.8,76.5,33.5,Standard,Morning,Good,Type_C,Medium,134,Op07,B05,21552.3
PP003162,116.7,0.8,6.5,27.4,36.4,98.8,41.4,Standard,Morning,Average,Type_D,Medium,152,Op08,B04,39014.4
PP003163,96.3,9.5,8.9,26.1,46.5,94.2,27.3,Glossy,Afternoon,Poor,Type_D,Medium,10,Op05,B03,29998.3
PP003164,115.7,2.9,8.1,23.4,36.0,,22.5,Matte,Afternoon,Average,Type_A,High,348,Op05,B08,50840.1
PP003165,30.0,15.0,13.3,34.5,40.7,93.5,30.5,Cardstock,Afternoon,Poor,Type_A,High,224,Op08,B19,1714.7
PP003166,88.5,0.5,3.9,27.4,52.5,71.2,54.6,Cardstock,Night,Good,Type_C,Medium,284,Op03,B05,12296.4
PP003167,89.0,6.2,15.1,26.1,48.0,83.5,40.3,Standard,Morning,Average,Type_C,Medium,30,Op05,B16,64982.8
PP003168,137.7,6.9,12.2,19.3,38.7,94.2,35.6,Matte,Afternoon,Good,Type_C,High,53,Op08,B18,98619.1
PP003169,141.7,10.0,11.5,30.4,39.9,48.6,19.9,Cardstock,Night,Average,Type_A,Medium,192,Op03,B02,62357.7
PP003170,134.6,0.7,15.6,24.1,50.3,93.3,48.8,Glossy,Morning,Good,Type_C,Low,158,Op07,B02,108044.7
PP003171,49.7,1.4,15.3,21.9,62.6,97.9,49.0,Cardstock,Afternoon,Average,Type_A,Medium,175,Op02,B20,29264.7
PP003172,140.4,0.5,9.4,27.8,62.9,44.4,47.2,Matte,Morning,Good,Type_B,Low,97,Op02,B13,61300.0
PP003173,151.7,11.4,14.1,20.1,51.2,90.9,38.5,Standard,Afternoon,Poor,Type_C,Medium,264,Op06,B12,78465.6
PP003174,88.0,2.6,11.4,20.8,53.7,89.1,39.4,Standard,Night,Good,Type_C,Medium,9,Op08,B04,49623.3
PP003175,122.2,11.5,6.6,23.1,35.6,94.0,43.4,Standard,Night,Poor,Type_B,Medium,16,Op06,B17,28494.2
PP003176,126.9,9.9,7.7,29.9,54.5,74.7,36.2,Matte,Morning,Good,Type_A,Medium,285,Op06,B17,51418.4
PP003177,100.1,2.2,15.4,22.4,,81.0,30.1,Standard,Afternoon,Good,Type_D,High,126,Op08,B14,83989.6
PP003178,117.4,15.0,8.6,27.1,38.5,81.6,19.6,Standard,Afternoon,Average,Type_A,Low,105,Op09,B02,40613.8
PP003179,87.6,6.8,9.9,28.5,57.3,86.0,46.1,Glossy,Night,Good,Type_C,Medium,363,Op03,B18,38375.1
PP003180,118.3,0.7,12.1,15.0,58.3,73.6,28.9,Glossy,Morning,Good,Type_A,Medium,245,Op01,B16,71345.2
PP003181,109.2,1.1,10.4,21.4,40.8,60.9,25.8,Standard,Morning,Good,Type_A,Medium,15,Op03,B01,64091.9
PP003182,121.8,1.0,9.4,22.5,33.7,63.8,25.3,Glossy,Morning,Good,Type_D,Medium,312,Op06,B10,59530.4
PP003183,173.8,0.0,14.4,26.3,69.3,88.7,32.2,Glossy,Morning,Average,Type_A,Medium,142,Op02,B09,107406.2
PP003184,79.7,4.8,10.8,21.6,67.7,90.7,28.7,Cardstock,Afternoon,Good,Type_A,Low,193,Op05,B04,34192.7
PP003185,151.3,3.0,12.5,25.6,34.9,93.3,18.4,Matte,Afternoon,Good,Type_B,Medium,292,Op02,B09,105773.8
PP003186,116.6,4.7,12.9,24.9,34.7,87.0,45.0,Standard,Morning,Average,Type_A,High,58,Op03,B16,81800.5
PP003187,114.1,12.7,15.8,22.7,65.2,59.1,42.8,Standard,Morning,Poor,Type_A,High,316,Op10,B11,55078.5
PP003188,46.1,0.2,7.1,25.5,69.2,91.2,33.7,Standard,Night,Good,Type_B,High,260,Op01,B02,14528.5
PP003189,144.7,3.1,16.5,24.4,75.6,97.0,43.1,Glossy,Morning,Good,Type_A,High,149,Op01,B01,136892.6
PP003190,76.7,7.0,15.0,24.7,71.8,68.9,19.9,Standard,Afternoon,Good,Type_D,Medium,296,Op07,B09,49404.7
PP003191,83.6,3.6,9.6,33.5,58.5,91.8,27.5,Standard,Afternoon,Average,Type_A,Low,251,Op01,B19,35432.2
PP003192,105.1,6.0,9.5,30.8,,81.2,75.4,Standard,Afternoon,Average,Type_B,Low,47,Op09,B13,42429.3
PP003193,103.3,1.0,18.4,20.5,71.9,,46.1,Matte,Afternoon,Average,Type_A,Low,299,Op05,B20,77630.4
PP003194,86.1,8.6,13.1,24.8,55.1,97.3,20.6,Standard,Morning,Average,Type_C,Medium,256,Op01,B02,55465.7
PP003195,160.2,3.6,14.0,25.8,66.8,95.5,49.1,Matte,Night,Good,Type_C,Medium,51,Op05,B08,110053.1
PP003196,135.3,15.0,13.5,23.4,50.0,76.6,37.3,Matte,Night,Average,Type_D,High,145,Op02,B09,72323.4
PP003197,180.0,2.8,10.2,20.4,48.7,90.8,29.1,Glossy,Night,Good,Type_D,High,37,Op07,B15,73934.2
PP003198,90.2,1.5,19.0,,42.6,85.1,27.9,Standard,Night,Good,Type_B,High,365,Op10,B02,77842.0
PP003199,88.9,14.0,8.4,25.0,40.7,98.9,38.4,Matte,Afternoon,Poor,Type_C,Medium,83,Op02,B01,17742.3
PP003200,177.0,0.1,22.0,22.2,56.9,72.4,27.2,Standard,Night,Average,Type_B,Medium,230,Op01,B17,126173.0
PP003201,73.7,3.4,17.3,23.7,45.9,86.5,23.3,Standard,Night,Good,Type_A,High,249,Op02,B14,66232.7
PP003202,123.3,5.1,11.1,24.4,35.8,70.5,50.0,Cardstock,Morning,Good,Type_B,Medium,68,Op02,B16,65946.7
PP003203,104.8,0.0,11.3,23.9,72.7,71.9,50.6,Cardstock,Night,Good,Type_C,High,85,Op05,B20,54559.3
PP003204,106.3,10.5,8.5,24.2,60.8,88.4,27.1,Glossy,Afternoon,Good,Type_D,High,287,Op05,B06,46550.0
PP003205,69.4,5.0,6.5,22.2,34.9,85.6,43.6,Matte,Morning,Average,Type_C,Medium,232,Op05,B16,18953.3
PP003206,92.9,3.5,5.3,20.5,64.1,80.8,21.6,Glossy,Afternoon,Good,Type_A,Medium,87,Op01,B14,24973.4
PP003207,177.4,0.8,13.1,27.7,,95.8,29.2,Matte,Morning,Good,Type_D,Medium,327,Op04,B12,104656.2
PP003208,120.0,3.1,13.8,29.8,46.0,92.2,24.0,Cardstock,Afternoon,Good,Type_C,High,359,Op10,B03,90744.9
PP003209,163.2,5.6,17.3,25.0,45.2,83.3,27.3,Standard,Afternoon,Good,Type_D,Medium,6,Op09,B02,139136.9
PP003210,94.8,6.0,15.7,21.7,60.9,92.9,59.9,Matte,Morning,Good,Type_B,High,312,Op06,B01,78971.6
PP003211,119.4,0.7,16.3,23.3,62.3,80.4,24.6,Matte,Night,Good,Type_D,Medium,71,Op03,B07,101040.0
PP003212,135.9,1.2,9.4,23.0,59.0,73.6,60.7,Matte,Morning,Good,Type_A,High,96,Op10,B11,71798.2
PP003213,135.4,3.5,8.3,16.9,70.2,92.2,24.5,Standard,Morning,Good,Type_B,High,154,Op05,B12,65217.4
PP003214,109.1,1.1,9.3,25.0,48.8,80.1,42.1,Standard,Morning,Good,Type_B,Medium,155,Op04,B13,56913.9
PP003215,117.3,1.3,15.1,17.4,33.6,91.6,29.0,Cardstock,Night,Good,Type_A,Medium,290,Op09,B12,81930.6
PP003216,150.2,3.5,10.5,27.7,47.2,94.9,26.7,Glossy,Afternoon,Good,Type_A,Medium,335,Op10,B17,86115.2
PP003217,125.5,11.3,8.8,26.9,56.8,97.9,60.3,Cardstock,Afternoon,Average,Type_C,Low,218,Op07,B15,40540.1
PP003218,58.5,10.8,6.9,23.8,51.0,75.7,37.5,Cardstock,Morning,Average,Type_A,Low,194,Op04,B09,12831.2
PP003219,95.7,2.0,8.7,25.6,49.6,82.2,15.5,Cardstock,Afternoon,Average,Type_A,Low,36,Op02,B14,37561.8
PP003220,79.8,5.2,8.0,25.8,75.2,93.6,18.2,Standard,Morning,Good,Type_C,Medium,33,Op03,B13,32482.6
PP003221,61.0,4.1,9.3,23.2,45.5,82.2,35.1,Standard,Afternoon,Good,Type_B,Medium,310,Op01,B14,28508.5
PP003222,141.1,4.9,11.3,33.4,54.2,73.2,42.0,Standard,Night,Good,Type_B,Low,113,Op06,B08,76531.9
PP003223,149.5,4.8,9.2,19.6,37.8,93.3,25.8,Matte,Morning,Good,Type_B,Medium,145,Op06,B19,83612.4
PP003224,90.6,1.9,8.1,26.8,59.4,,20.5,Glossy,Night,Good,Type_D,Medium,77,Op02,B20,37883.0
PP003225,105.1,1.5,9.1,32.3,55.8,82.3,14.6,Matte,Afternoon,Good,Type_B,Medium,156,Op08,B02,50136.2
PP003226,178.6,11.2,18.9,24.4,61.5,84.1,50.2,Cardstock,Afternoon,Average,Type_D,High,270,Op05,B11,77924.8
PP003227,110.2,8.7,11.7,31.6,48.7,83.4,36.6,Cardstock,Morning,Good,Type_B,High,119,Op09,B04,65303.1
PP003228,112.5,2.8,10.4,24.4,81.1,87.4,23.9,Cardstock,Afternoon,Good,Type_A,High,113,Op10,B18,56125.2
PP003229,125.3,4.2,6.4,23.2,67.9,89.9,34.7,Matte,Afternoon,Poor,Type_A,Low,120,Op03,B08,33185.5
PP003230,157.0,0.4,10.8,26.7,41.1,92.4,17.7,Standard,Morning,Poor,Type_B,High,254,Op01,B10,86810.6
PP003231,131.4,8.9,9.0,25.3,47.1,90.4,29.8,Glossy,Afternoon,Good,Type_B,High,72,Op10,B08,68095.8
PP003232,149.6,1.6,11.9,25.8,55.1,74.1,47.4,Glossy,Night,Good,Type_C,Medium,286,Op10,B17,90865.7
PP003233,84.4,15.0,8.4,27.5,36.3,78.8,17.7,Glossy,Afternoon,Poor,Type_A,Medium,8,Op01,B13,14647.0
PP003234,143.0,2.5,19.7,24.9,49.2,80.7,40.7,Glossy,Afternoon,Good,Type_D,High,138,Op01,B17,150946.5
PP003235,112.7,3.0,9.2,22.4,61.3,90.9,15.7,Cardstock,Night,Good,Type_C,High,260,Op09,B11,53611.2
PP003236,89.7,4.1,7.2,24.4,76.9,38.7,27.0,Glossy,Afternoon,Good,Type_A,Medium,216,Op02,B10,24889.5
PP003237,133.1,13.2,6.5,26.8,54.3,55.6,18.5,Glossy,Morning,Average,Type_B,High,164,Op03,B05,39177.6
PP003238,180.0,2.2,12.9,15.0,39.0,77.1,33.2,Standard,Morning,Good,Type_A,Medium,150,Op09,B04,88431.5
PP003239,122.5,0.7,13.7,19.4,49.1,83.9,35.8,Cardstock,Afternoon,Good,Type_C,Medium,160,Op06,B05,84950.7
PP003240,148.6,6.6,7.2,22.9,48.7,81.4,47.6,Cardstock,Morning,Average,Type_B,Medium,122,Op01,B04,52077.1
PP003241,107.1,3.6,10.3,25.5,46.6,87.7,34.4,Standard,Afternoon,Good,Type_C,Medium,132,Op05,B16,61100.2
PP003242,66.0,4.8,8.7,24.5,,75.0,17.3,Standard,Morning,Good,Type_B,Medium,87,Op10,B18,29834.4
PP003243,133.1,0.0,6.2,15.9,67.5,89.9,18.7,Standard,Morning,Good,Type_C,High,88,Op01,B08,46972.7
PP003244,83.3,2.5,10.3,23.9,65.5,83.7,49.6,Glossy,Afternoon,Average,Type_D,Medium,218,Op06,B19,37314.8
PP003245,108.4,7.4,11.8,31.2,55.4,53.4,62.1,Standard,Afternoon,Average,Type_B,High,107,Op02,B11,58575.3
PP003246,178.4,2.7,8.3,30.9,46.1,91.2,20.4,Standard,Afternoon,Good,Type_A,Medium,356,Op06,B07,68980.6
PP003247,58.0,2.8,10.1,24.1,45.6,86.5,65.8,Matte,Afternoon,Good,Type_A,Low,34,Op10,B15,23023.7
PP003248,127.1,4.4,19.5,24.4,54.7,77.8,31.1,Cardstock,Night,Average,Type_A,Medium,292,Op01,B09,113784.3
PP003249,132.1,2.7,8.7,21.0,46.9,89.0,31.1,Standard,Morning,Good,Type_A,Medium,14,Op03,B13,67180.0
PP003250,125.9,1.4,12.5,25.8,50.4,98.9,48.1,Cardstock,Morning,Good,Type_A,High,106,Op07,B18,88393.6
PP003251,96.9,0.1,8.0,20.2,66.1,88.2,46.2,Cardstock,Morning,Good,Type_C,High,130,Op07,B14,37197.7
PP003252,121.7,4.2,8.1,18.7,35.4,84.9,30.3,Matte,Night,Average,Type_C,High,344,Op05,B02,49277.6
PP003253,85.2,0.6,8.0,25.3,77.6,85.7,30.7,Matte,Morning,Good,Type_A,Medium,97,Op07,B17,32785.7
PP003254,165.3,11.5,8.1,,59.8,84.6,90.6,Standard,Night,Average,Type_C,Low,193,Op06,B18,31515.6
PP003255,120.9,2.0,19.9,19.1,69.6,86.9,79.1,Matte,Morning,Good,Type_D,High,189,Op04,B14,112753.3
PP003256,157.8,2.2,12.3,23.5,38.5,83.7,91.3,Matte,Afternoon,Average,Type_D,Medium,174,Op06,B06,82752.6
PP003257,106.4,1.8,11.9,29.8,55.3,91.3,35.9,Cardstock,Afternoon,Good,Type_D,High,226,Op06,B10,64601.9
PP003258,143.5,8.5,7.0,29.0,44.5,95.9,65.9,Glossy,Morning,Average,Type_D,High,257,Op07,B17,47263.8
PP003259,137.8,11.2,12.5,27.1,53.3,83.0,47.8,Cardstock,Night,Poor,Type_A,High,52,Op01,B07,61105.1
PP003260,79.2,2.1,7.7,,51.7,96.0,40.3,Cardstock,Morning,Good,Type_D,Medium,177,Op04,B04,28186.0
PP003261,166.5,1.0,10.8,18.4,,70.5,18.3,Standard,Night,Good,Type_B,High,88,Op01,B04,92242.1
PP003262,180.0,5.9,13.8,29.6,42.0,82.4,60.7,Glossy,Night,Good,Type_D,High,233,Op06,B12,85368.4
PP003263,149.9,3.4,11.2,18.5,40.4,93.7,55.2,Matte,Afternoon,Average,Type_B,Low,3,Op07,B03,82716.2
PP003264,72.8,12.2,11.8,29.9,48.4,80.7,23.4,Standard,Morning,Average,Type_C,Medium,18,Op06,B18,34050.6
PP003265,88.9,1.1,7.6,25.7,64.8,69.6,51.5,Glossy,Morning,Good,Type_C,High,196,Op08,B01,31273.5
PP003266,44.6,0.7,7.5,24.4,57.5,57.6,72.3,Standard,Afternoon,Good,Type_C,Medium,69,Op07,B17,12123.7
PP003267,89.9,6.5,8.4,23.5,68.0,93.5,42.1,Glossy,Night,Poor,Type_C,Medium,279,Op01,B02,27259.8
PP003268,172.5,0.3,9.2,26.3,59.8,10.0,105.3,Cardstock,Night,Good,Type_C,High,6,Op09,B04,3146.7
PP003269,148.9,5.6,7.6,24.7,47.0,69.7,35.3,Standard,Morning,Good,Type_C,Medium,72,Op07,B19,62791.8
PP003270,85.0,2.1,10.9,26.6,,75.8,37.0,Glossy,Morning,Good,Type_A,Medium,331,Op05,B03,47751.5
PP003271,75.4,8.6,6.9,25.2,51.5,,28.5,Standard,Afternoon,Poor,Type_B,High,185,Op07,B07,20060.6
PP003272,95.0,2.7,10.8,24.5,61.0,77.2,29.1,Standard,Afternoon,Good,Type_B,Medium,155,Op06,B10,56431.6
PP003273,150.5,2.3,10.9,28.9,60.6,87.9,38.4,Glossy,Morning,Good,Type_D,Medium,22,Op02,B15,89133.5
PP003274,131.6,1.2,14.2,19.3,60.2,92.2,28.2,Standard,Morning,Good,Type_A,Medium,224,Op05,B18,116450.9
PP003275,163.7,1.2,12.3,20.7,35.6,98.5,33.8,Standard,Afternoon,Poor,Type_B,Medium,75,Op04,B04,89078.0
PP003276,95.3,1.5,18.4,23.6,44.8,86.7,66.5,Standard,Morning,Average,Type_A,Low,283,Op01,B19,77997.0
PP003277,119.8,8.3,13.3,30.2,35.3,90.2,19.2,Standard,Morning,Good,Type_B,Low,347,Op07,B03,86343.7
PP003278,93.0,5.3,8.1,20.2,60.7,89.7,14.7,Standard,Afternoon,Good,Type_A,High,233,Op08,B16,42968.3
PP003279,109.5,2.6,9.8,25.7,52.1,96.4,41.5,Matte,Afternoon,Good,Type_B,High,258,Op07,B11,62210.4
PP003280,105.9,9.7,9.1,25.7,56.8,77.9,24.9,Glossy,Afternoon,Good,Type_C,Medium,126,Op02,B02,48537.0
PP003281,106.4,0.1,12.4,23.6,48.5,97.4,32.6,Standard,Night,Good,Type_B,Medium,360,Op05,B17,72821.2
PP003282,134.7,0.9,11.0,18.6,56.8,,35.2,Matte,Afternoon,Average,Type_B,Low,300,Op03,B13,72061.2
PP003283,100.7,10.2,10.0,22.0,53.9,82.8,22.3,Standard,Afternoon,Poor,Type_D,Medium,228,Op01,B17,36592.0
PP003284,111.3,3.3,11.7,19.0,76.3,97.3,48.4,Glossy,Afternoon,Good,Type_C,Medium,180,Op02,B16,59889.8
PP003285,87.4,7.3,7.1,27.2,54.6,76.3,31.7,Cardstock,Afternoon,Good,Type_B,High,252,Op01,B05,29474.4
PP003286,154.5,10.6,9.5,30.1,51.6,84.1,56.4,Standard,Afternoon,Good,Type_A,Low,291,Op04,B03,60466.7
PP003287,171.1,1.0,7.4,23.0,28.3,83.2,36.4,Matte,Morning,Good,Type_D,High,164,Op07,B15,59270.3
PP003288,178.6,2.3,18.8,24.2,,57.1,26.3,Standard,Night,Good,Type_D,Medium,109,Op01,B05,98862.0
PP003289,142.1,5.9,12.3,22.7,41.9,60.5,33.0,Glossy,Morning,Good,Type_A,High,95,Op08,B04,98118.3
PP003290,114.9,6.2,5.9,21.1,56.7,91.3,37.0,Standard,Morning,Good,Type_C,High,311,Op05,B05,36556.5
PP003291,86.3,3.7,8.9,29.1,48.7,84.9,20.6,Standard,Afternoon,Good,Type_D,Low,22,Op08,B12,37973.6
PP003292,82.4,15.0,12.1,29.2,,92.8,27.9,Standard,Afternoon,Poor,Type_A,Medium,186,Op02,B12,22779.7
PP003293,113.6,4.6,10.8,24.3,61.9,85.2,27.8,Standard,Night,Average,Type_B,Medium,176,Op03,B20,63670.7
PP003294,76.4,11.4,8.0,22.4,75.5,87.5,29.7,Matte,Night,Poor,Type_D,High,320,Op09,B07,16754.6
PP003295,140.5,1.1,10.3,16.4,54.3,75.6,33.8,Matte,Morning,Average,Type_B,High,74,Op03,B19,77649.8
PP003296,124.2,5.7,8.0,26.1,56.4,91.4,30.8,Matte,Morning,Average,Type_D,Medium,84,Op07,B04,52789.3
PP003297,73.2,7.9,15.0,21.7,64.1,78.1,30.5,Cardstock,Morning,Good,Type_C,Medium,71,Op04,B11,46476.8
PP003298,109.2,1.0,21.4,,69.3,90.5,27.6,Matte,Night,Average,Type_D,High,122,Op10,B13,94884.5
PP003299,143.4,15.0,6.8,28.1,51.5,94.3,14.9,Glossy,Afternoon,Average,Type_B,High,139,Op04,B05,43023.6
PP003300,153.2,1.5,12.8,,48.6,94.2,55.8,Cardstock,Morning,Good,Type_A,Medium,124,Op10,B09,93703.4
PP003301,123.3,9.4,5.8,29.0,54.4,92.3,28.4,Matte,Afternoon,Good,Type_C,High,6,Op08,B08,39265.7
PP003302,136.8,3.5,14.3,19.4,66.7,87.8,54.1,Glossy,Afternoon,Good,Type_B,Low,323,Op03,B03,94818.4
PP003303,126.9,10.0,12.3,23.3,51.3,59.6,40.6,Matte,Night,Average,Type_C,Medium,342,Op02,B08,65247.8
PP003304,102.1,10.6,9.5,17.2,37.5,76.7,42.2,Matte,Morning,Average,Type_D,Low,338,Op03,B08,34092.5
PP003305,121.5,1.6,15.2,27.4,62.8,96.0,25.9,Standard,Night,Good,Type_B,Low,185,Op09,B15,97455.3
PP003306,120.7,1.7,7.6,31.6,25.4,62.9,27.3,Standard,Morning,Good,Type_C,High,89,Op05,B08,47355.5
PP003307,98.2,2.0,7.1,24.1,67.2,98.4,29.7,Standard,Morning,Good,Type_B,Medium,190,Op04,B14,39002.1
PP003308,124.7,3.6,7.3,33.0,65.2,70.4,17.1,Standard,Afternoon,Good,Type_C,Medium,119,Op04,B19,49580.4
PP003309,116.2,1.4,7.5,21.5,43.7,84.8,17.2,Standard,Night,Good,Type_C,Medium,115,Op07,B19,50728.1
PP003310,129.0,3.5,17.0,24.3,78.2,89.7,67.0,Standard,Morning,Good,Type_B,Medium,99,Op02,B02,115668.0
PP003311,117.3,2.3,11.6,19.0,80.2,97.6,26.1,Glossy,Morning,Good,Type_A,High,27,Op07,B04,73358.3
PP003312,116.6,15.0,17.3,20.9,40.1,85.3,20.9,Glossy,Afternoon,Good,Type_C,Low,130,Op08,B09,72108.3
PP003313,59.3,4.7,8.8,28.1,27.9,60.9,32.2,Glossy,Morning,Poor,Type_D,Low,16,Op03,B07,12899.0
PP003314,180.0,8.4,16.9,30.1,50.9,82.0,47.7,Cardstock,Afternoon,Average,Type_C,High,148,Op04,B08,82999.1
PP003315,139.9,3.8,8.2,21.8,50.0,59.4,46.5,Standard,Morning,Good,Type_B,Low,119,Op09,B06,59425.1
PP003316,130.8,2.7,6.8,15.2,49.4,30.0,43.7,Glossy,Morning,Good,Type_A,Medium,199,Op06,B01,34471.7
PP003317,173.1,3.2,8.8,32.3,63.3,75.2,50.8,Standard,Afternoon,Good,Type_B,Medium,170,Op06,B14,68584.8
PP003318,148.7,11.4,7.6,27.1,50.6,92.9,70.7,Standard,Night,Good,Type_B,Medium,70,Op08,B16,57185.4
PP003319,132.2,2.0,11.2,28.7,46.1,46.9,45.0,Standard,Night,Good,Type_A,Medium,162,Op04,B11,69375.3
PP003320,137.9,3.7,16.9,24.8,46.0,83.1,71.9,Standard,Afternoon,Good,Type_A,Medium,203,Op02,B05,127966.0
PP003321,170.1,3.3,8.9,27.8,44.5,96.4,27.7,Standard,Night,Good,Type_A,High,145,Op02,B02,82072.1
PP003322,125.4,0.3,9.9,,40.4,74.6,48.4,Cardstock,Afternoon,Average,Type_C,Medium,244,Op02,B01,58074.7
PP003323,74.1,6.3,7.1,26.3,47.3,94.5,29.6,Glossy,Afternoon,Average,Type_B,Medium,22,Op06,B05,24608.7
PP003324,69.0,3.4,8.1,24.9,41.5,88.8,32.7,Standard,Night,Good,Type_D,Medium,325,Op05,B02,26894.6
PP003325,161.1,4.2,7.7,23.6,56.8,86.9,32.9,Matte,Morning,Good,Type_C,High,153,Op04,B20,67143.1
PP003326,110.8,0.0,13.9,22.7,39.0,52.4,48.1,Cardstock,Afternoon,Average,Type_A,Medium,211,Op05,B13,65364.9
PP003327,134.2,3.5,17.5,30.2,37.8,40.4,28.8,Glossy,Afternoon,Good,Type_B,Low,334,Op01,B12,93224.9
PP003328,114.3,5.7,15.6,27.7,42.0,19.5,86.2,Standard,Afternoon,Average,Type_C,High,61,Op10,B11,49514.5
PP003329,131.3,1.3,13.1,27.2,46.0,91.8,60.9,Standard,Afternoon,Good,Type_A,High,71,Op10,B16,102268.0
PP003330,90.1,0.3,7.2,19.9,52.7,88.8,26.2,Matte,Night,Good,Type_C,Medium,31,Op07,B15,32024.6
PP003331,132.0,15.0,14.4,20.3,62.5,93.7,28.3,Standard,Night,Average,Type_B,High,44,Op04,B19,84222.8
PP003332,44.6,3.2,19.7,26.8,56.9,81.1,22.3,Matte,Morning,Good,Type_A,Low,74,Op03,B04,32235.6
PP003333,108.2,4.4,12.4,21.2,55.3,83.2,26.7,Standard,Afternoon,Good,Type_A,Medium,239,Op09,B07,75382.3
PP003334,73.8,3.5,10.2,21.5,68.9,56.0,53.3,Matte,Afternoon,Good,Type_C,Low,246,Op02,B09,28496.7
PP003335,117.0,0.8,9.1,20.7,47.0,58.7,20.3,Glossy,Night,Good,Type_C,Medium,35,Op09,B14,53970.8
PP003336,119.9,6.8,16.7,32.5,65.4,60.6,30.8,Standard,Night,Average,Type_C,Low,240,Op01,B09,77592.4
PP003337,111.9,4.6,11.0,23.0,59.0,85.7,44.9,Glossy,Night,Good,Type_A,Low,87,Op06,B18,56456.2
PP003338,121.5,1.7,7.2,28.4,51.7,85.2,31.1,Glossy,Morning,Good,Type_C,Medium,31,Op10,B06,49090.1
PP003339,60.6,2.1,8.7,20.2,44.8,89.9,24.5,Standard,Afternoon,Average,Type_A,Low,361,Op06,B12,23013.1
PP003340,82.3,4.2,8.8,35.3,31.8,88.1,22.4,Glossy,Morning,Good,Type_A,High,81,Op09,B06,35068.3
PP003341,109.7,8.4,11.6,24.3,57.2,64.2,51.6,Matte,Night,Average,Type_D,Medium,360,Op02,B08,55083.4
PP003342,128.8,7.2,13.5,26.2,52.6,82.3,43.3,Cardstock,Afternoon,Average,Type_D,High,267,Op03,B16,79985.6
PP003343,124.7,0.1,11.0,27.6,42.8,72.3,12.3,Cardstock,Night,Good,Type_B,Medium,50,Op06,B11,70774.3
PP003344,61.9,9.2,12.4,26.3,63.3,95.6,61.2,Glossy,Night,Poor,Type_B,Medium,125,Op07,B02,20219.8
PP003345,157.8,0.4,16.7,,45.8,86.5,22.7,Cardstock,Morning,Average,Type_D,Medium,196,Op07,B05,122546.8
PP003346,112.7,6.0,8.8,20.8,,35.5,24.9,Glossy,Afternoon,Poor,Type_B,Medium,251,Op06,B15,32024.3
PP003347,167.8,2.0,12.2,23.9,65.2,88.5,44.8,Cardstock,Afternoon,Good,Type_B,Medium,14,Op04,B20,93399.3
PP003348,137.8,3.0,9.0,28.0,73.1,93.5,64.1,Standard,Morning,Good,Type_A,Medium,181,Op01,B19,65829.9
PP003349,153.0,0.7,11.5,27.0,44.3,78.4,37.7,Standard,Night,Average,Type_D,Medium,36,Op09,B16,90119.8
PP003350,133.0,0.2,9.8,24.3,90.0,83.2,20.0,Glossy,Morning,Average,Type_A,Medium,36,Op09,B17,62836.5
PP003351,101.3,6.1,14.6,25.2,44.0,81.0,47.6,Matte,Night,Average,Type_A,Medium,77,Op05,B20,70736.2
PP003352,107.7,0.1,21.3,27.5,50.7,88.2,19.9,Cardstock,Afternoon,Good,Type_B,High,178,Op03,B19,109437.4
PP003353,143.8,5.5,11.2,24.2,51.1,70.9,18.4,Cardstock,Afternoon,Good,Type_B,Low,152,Op05,B05,78397.9
PP003354,104.6,14.1,13.3,20.0,44.5,75.3,28.7,Matte,Afternoon,Poor,Type_D,Medium,62,Op06,B03,31966.5
PP003355,55.3,2.7,6.7,28.5,52.3,,37.3,Matte,Afternoon,Average,Type_B,Medium,355,Op10,B17,16039.1
PP003356,115.8,11.0,11.8,27.1,50.4,73.6,40.1,Standard,Afternoon,Good,Type_B,High,215,Op08,B12,72804.4
PP003357,123.5,2.3,8.4,19.8,49.9,72.2,43.7,Glossy,Night,Good,Type_A,Medium,362,Op05,B14,52945.0
PP003358,130.2,3.0,16.7,,43.7,84.5,12.3,Standard,Afternoon,Average,Type_B,High,131,Op01,B15,130178.7
PP003359,138.1,6.0,17.6,20.7,37.0,92.0,22.7,Standard,Night,Average,Type_D,Medium,149,Op08,B03,126803.6
PP003360,179.7,2.7,7.5,18.1,58.3,86.0,30.0,Standard,Morning,Good,Type_C,Low,259,Op08,B09,35954.5
PP003361,68.0,0.1,8.3,21.9,58.2,88.7,21.2,Matte,Morning,Average,Type_D,Medium,94,Op07,B07,26729.4
PP003362,172.2,1.4,12.4,25.1,60.3,43.6,15.5,Matte,Morning,Average,Type_A,Low,128,Op09,B11,40491.4
PP003363,138.6,1.9,13.3,24.3,,62.2,28.8,Glossy,Afternoon,Good,Type_B,Low,114,Op03,B03,91613.7
PP003364,115.4,7.5,6.2,31.3,55.8,5.7,35.7,Glossy,Morning,Poor,Type_A,Medium,227,Op10,B18,9930.7
PP003365,72.5,1.6,6.0,24.5,57.1,82.6,15.6,Cardstock,Morning,Average,Type_A,Medium,276,Op03,B18,19791.1
PP003366,118.0,4.3,13.4,23.5,33.3,92.6,40.5,Glossy,Night,Poor,Type_A,Medium,296,Op10,B18,66689.1
PP003367,134.8,2.2,16.0,24.6,50.5,73.6,13.9,Cardstock,Night,Poor,Type_A,Medium,234,Op07,B07,90418.3
PP003368,114.3,5.1,7.8,25.4,50.0,94.6,59.2,Standard,Night,Good,Type_C,Medium,136,Op10,B18,45247.0
PP003369,100.7,1.3,7.5,26.2,52.6,89.6,18.6,Standard,Night,Good,Type_B,High,8,Op05,B14,43091.9
PP003370,96.3,7.8,9.1,26.5,46.6,91.8,28.9,Standard,Morning,Good,Type_B,Medium,42,Op06,B20,48438.6
PP003371,90.1,0.3,7.5,19.2,61.9,92.0,34.6,Glossy,Afternoon,Good,Type_A,Medium,8,Op01,B07,34039.7
PP003372,136.0,6.3,9.6,22.4,47.1,91.5,38.3,Standard,Afternoon,Poor,Type_D,Low,158,Op10,B16,55786.8
PP003373,133.7,5.7,16.4,20.5,43.9,96.5,60.8,Standard,Night,Average,Type_D,Low,131,Op06,B05,100002.3
PP003374,146.0,2.1,19.0,25.0,51.0,94.2,23.2,Glossy,Night,Good,Type_B,Medium,291,Op06,B19,148979.2
PP003375,90.6,4.3,8.3,18.3,49.2,86.3,26.6,Glossy,Afternoon,Good,Type_B,Medium,231,Op10,B14,37424.0
PP003376,158.1,14.1,17.1,17.9,73.6,93.7,21.6,Matte,Morning,Good,Type_A,Medium,180,Op07,B07,95268.7
PP003377,180.0,1.7,8.0,21.5,51.2,97.0,41.8,Matte,Afternoon,Average,Type_B,Medium,155,Op02,B08,58126.9
PP003378,118.5,0.1,7.3,26.5,56.8,75.6,30.1,Standard,Night,Good,Type_D,Medium,286,Op08,B16,47176.1
PP003379,152.0,2.9,13.7,24.2,26.7,31.0,23.5,Matte,Afternoon,Average,Type_A,Medium,111,Op01,B12,66621.7
PP003380,73.0,0.3,13.7,32.8,37.5,25.9,19.9,Matte,Morning,Average,Type_A,Medium,37,Op07,B19,29388.9
PP003381,180.0,9.7,5.1,32.9,70.9,93.0,24.2,Cardstock,Afternoon,Poor,Type_C,Medium,214,Op07,B01,9566.5
PP003382,135.4,6.1,10.2,27.7,35.8,73.6,39.5,Standard,Night,Average,Type_B,Low,331,Op02,B03,63571.0
PP003383,154.7,1.9,13.0,25.5,47.0,68.4,30.1,Standard,Night,Good,Type_D,High,34,Op01,B16,108457.3
PP003384,124.7,1.9,9.5,21.3,35.0,88.6,30.7,Matte,Night,Poor,Type_A,Low,24,Op05,B05,47610.2
PP003385,64.7,2.3,5.2,25.2,74.2,,54.0,Standard,Afternoon,Good,Type_A,Medium,78,Op01,B17,14228.1
PP003386,131.1,1.6,10.3,25.8,51.8,77.0,25.3,Standard,Night,Good,Type_B,Medium,233,Op07,B11,77793.5
PP003387,115.1,9.7,11.7,15.0,53.0,69.6,21.7,Glossy,Afternoon,Average,Type_B,Low,18,Op09,B12,48262.9
PP003388,144.8,8.4,11.2,19.0,37.5,67.8,58.3,Glossy,Night,Good,Type_A,Medium,21,Op06,B08,83155.2
PP003389,88.5,0.3,8.2,15.0,37.1,40.4,61.4,Matte,Afternoon,Average,Type_B,Medium,151,Op02,B07,21897.4
PP003390,30.0,0.7,12.8,24.1,41.6,80.7,28.1,Glossy,Night,Average,Type_B,Medium,289,Op01,B20,12610.9
PP003391,112.9,2.8,6.5,29.7,65.8,78.0,62.5,Glossy,Morning,Good,Type_C,Medium,26,Op03,B01,33660.7
PP003392,104.5,3.7,6.0,34.3,72.1,87.1,29.5,Cardstock,Morning,Average,Type_A,Medium,258,Op05,B01,25825.9
PP003393,138.6,5.4,7.5,15.0,51.4,20.3,52.9,Matte,Afternoon,Good,Type_D,Medium,306,Op04,B16,28395.1
PP003394,87.7,5.4,13.7,26.0,40.9,18.5,33.0,Cardstock,Morning,Good,Type_B,Medium,87,Op08,B12,29802.9
PP003395,103.0,4.3,9.2,26.6,45.6,70.9,52.2,Glossy,Morning,Poor,Type_B,Medium,241,Op02,B12,37641.2
PP003396,103.3,4.1,8.7,16.5,63.7,77.5,24.4,Matte,Night,Good,Type_D,High,161,Op03,B01,43080.4
PP003397,91.7,8.5,12.3,19.5,59.5,90.2,55.6,Cardstock,Morning,Good,Type_C,Low,93,Op04,B09,46212.8
PP003398,133.2,0.8,8.1,15.0,29.4,97.4,66.3,Glossy,Morning,Average,Type_B,Medium,103,Op04,B18,47120.0
PP003399,106.2,8.5,8.4,23.7,62.2,87.8,52.5,Matte,Morning,Poor,Type_B,Low,324,Op01,B12,29740.8
PP003400,99.4,15.0,8.2,22.1,43.2,92.1,25.7,Cardstock,Afternoon,Average,Type_A,Medium,66,Op07,B17,30728.7
PP003401,93.3,4.9,14.0,26.0,52.1,82.7,26.0,Glossy,Morning,Average,Type_C,High,147,Op10,B14,66406.2
PP003402,105.4,4.5,7.2,25.5,65.7,77.1,28.5,Matte,Afternoon,Good,Type_C,Medium,85,Op09,B06,39947.7
PP003403,164.4,0.3,13.5,24.6,54.7,76.5,37.1,Cardstock,Morning,Good,Type_A,Medium,324,Op09,B03,107315.6
PP003404,107.6,7.4,18.3,20.3,51.1,67.0,24.7,Matte,Afternoon,Good,Type_B,Medium,216,Op09,B05,94351.3
PP003405,94.2,3.6,8.0,26.6,52.6,60.9,34.6,Standard,Morning,Good,Type_C,Medium,167,Op08,B13,37526.5
PP003406,118.6,3.5,13.1,29.8,71.5,93.6,23.5,Standard,Night,Good,Type_B,High,238,Op01,B14,86176.2
PP003407,140.8,7.3,10.3,32.1,55.1,97.5,34.5,Matte,Morning,Average,Type_D,Medium,98,Op09,B18,76367.0
PP003408,115.5,3.6,8.4,22.1,68.7,85.4,28.2,Standard,Afternoon,Good,Type_C,High,264,Op06,B02,55928.7
PP003409,128.5,0.3,13.6,24.5,60.7,81.8,27.9,Matte,Night,Good,Type_D,Medium,85,Op03,B19,92679.8
PP003410,135.5,0.1,7.7,25.0,42.5,85.5,39.8,Matte,Afternoon,Good,Type_B,Medium,213,Op01,B16,61391.6
PP003411,139.5,8.1,16.3,29.7,54.9,82.7,33.2,Cardstock,Morning,Average,Type_A,High,251,Op09,B18,110986.5
PP003412,122.5,14.1,5.2,25.8,55.9,81.5,10.3,Matte,Night,Average,Type_A,Medium,236,Op07,B19,28236.2
PP003413,71.0,4.3,21.0,23.3,42.8,94.9,36.8,Glossy,Afternoon,Good,Type_B,Medium,338,Op07,B05,65020.2
PP003414,111.5,0.7,18.7,30.2,,94.3,31.3,Cardstock,Afternoon,Average,Type_B,Medium,74,Op10,B10,94789.9
PP003415,94.5,3.1,13.3,31.0,52.7,24.1,25.8,Cardstock,Morning,Average,Type_B,High,71,Op07,B15,34758.8
PP003416,138.6,4.8,8.3,18.2,43.7,87.4,29.2,Glossy,Night,Good,Type_C,High,54,Op06,B08,62144.9
PP003417,156.3,7.3,12.4,28.3,52.0,85.8,46.5,Glossy,Afternoon,Average,Type_C,Low,306,Op09,B17,70564.0
PP003418,103.3,3.5,10.3,21.3,32.9,93.9,26.4,Standard,Afternoon,Good,Type_C,Medium,309,Op09,B01,56784.8
PP003419,138.9,4.5,12.8,23.8,42.7,94.8,23.8,Glossy,Night,Good,Type_C,Medium,207,Op01,B02,92875.0
PP003420,127.2,8.1,20.8,,59.5,88.4,59.9,Matte,Night,Average,Type_D,Medium,97,Op08,B19,99319.3
PP003421,107.9,5.7,12.3,23.2,29.7,69.9,22.0,Cardstock,Night,Good,Type_B,Low,149,Op08,B19,51452.8
PP003422,159.9,2.4,13.5,27.6,27.0,80.8,25.3,Standard,Afternoon,Good,Type_C,Medium,147,Op04,B11,110217.1
PP003423,100.6,3.1,7.4,20.4,59.2,76.6,64.4,Standard,Night,Good,Type_A,Medium,211,Op06,B11,37277.2
PP003424,93.4,1.8,11.6,18.1,69.0,91.0,17.4,Glossy,Morning,Average,Type_C,Medium,340,Op06,B13,51352.6
PP003425,87.4,2.2,15.5,19.2,44.5,89.4,25.8,Matte,Morning,Average,Type_B,Low,345,Op01,B13,60132.1
PP003426,148.8,4.4,9.4,25.1,56.0,,43.3,Standard,Afternoon,Average,Type_A,Medium,262,Op07,B15,38936.4
PP003427,91.4,0.9,13.2,25.6,42.3,86.2,46.2,Matte,Afternoon,Average,Type_D,Medium,186,Op04,B12,54994.8
PP003428,91.0,1.5,7.8,19.6,38.5,87.2,38.1,Matte,Afternoon,Good,Type_C,Medium,270,Op04,B11,34914.3
PP003429,149.4,7.6,16.2,25.1,41.8,98.5,63.5,Standard,Night,Average,Type_B,Medium,4,Op10,B09,128019.6
PP003430,126.3,7.6,21.9,17.9,63.5,93.6,44.1,Matte,Night,Good,Type_A,Medium,345,Op05,B03,123269.4
PP003431,110.1,3.8,14.9,23.4,39.4,92.6,31.3,Cardstock,Afternoon,Poor,Type_D,High,132,Op06,B15,70039.9
PP003432,87.9,1.4,15.3,18.3,48.2,84.5,31.6,Cardstock,Afternoon,Good,Type_A,Medium,36,Op06,B17,63542.2
PP003433,122.5,8.6,11.0,21.3,,75.5,41.6,Standard,Night,Good,Type_D,Low,360,Op10,B19,65326.0
PP003434,81.2,0.1,14.8,27.7,63.2,92.7,23.3,Matte,Morning,Average,Type_A,High,221,Op10,B12,62874.3
PP003435,121.3,6.5,9.1,29.0,42.6,78.9,34.1,Standard,Night,Average,Type_A,Medium,9,Op02,B04,57459.1
PP003436,119.7,10.0,4.8,23.8,62.3,86.0,69.7,Matte,Night,Poor,Type_C,High,338,Op03,B14,16447.0
PP003437,112.7,6.8,10.0,20.9,45.9,65.7,40.0,Glossy,Afternoon,Good,Type_A,Medium,227,Op08,B10,56416.6
PP003438,121.1,4.5,11.8,30.1,53.4,83.1,68.8,Standard,Morning,Average,Type_A,Medium,201,Op07,B03,72419.7
PP003439,134.5,3.3,16.5,17.5,73.0,15.2,42.5,Cardstock,Night,Good,Type_C,Medium,230,Op02,B13,37211.1
PP003440,57.5,6.8,8.7,,43.3,87.0,24.3,Glossy,Night,Poor,Type_B,Medium,26,Op02,B06,16520.7
PP003441,81.7,1.1,18.3,19.3,43.3,,19.3,Cardstock,Morning,Average,Type_D,High,72,Op04,B16,65281.7
PP003442,138.1,3.0,9.7,29.9,60.9,71.7,21.2,Standard,Night,Good,Type_A,Medium,297,Op04,B03,74343.8
PP003443,110.2,5.2,15.7,23.4,47.7,84.7,48.5,Standard,Afternoon,Good,Type_B,Low,235,Op08,B17,88690.3
PP003444,142.1,1.4,10.2,21.1,35.7,86.1,13.3,Standard,Afternoon,Good,Type_C,Medium,353,Op03,B13,87132.9
PP003445,169.1,3.5,6.5,24.0,78.6,88.6,36.9,Glossy,Night,Good,Type_A,Medium,252,Op08,B01,44953.9
PP003446,164.5,2.1,9.0,27.0,35.6,84.7,19.4,Standard,Afternoon,Good,Type_A,Medium,14,Op04,B13,81979.6
PP003447,146.6,0.8,10.6,23.3,60.8,95.0,45.2,Matte,Morning,Poor,Type_A,Medium,134,Op06,B04,78862.9
PP003448,118.3,0.8,21.2,28.3,55.2,62.6,56.2,Standard,Afternoon,Good,Type_D,Low,349,Op05,B04,104170.4
PP003449,152.9,7.0,8.9,27.3,52.2,86.8,67.1,Standard,Morning,Good,Type_B,High,346,Op04,B19,73403.8
PP003450,96.2,3.1,8.2,21.2,,93.9,18.8,Glossy,Night,Good,Type_A,High,18,Op03,B01,44099.0
PP003451,121.5,7.2,12.2,23.0,45.6,94.0,74.5,Standard,Afternoon,Good,Type_A,High,335,Op04,B09,80948.2
PP003452,107.1,3.4,8.5,26.0,55.8,92.2,78.3,Glossy,Afternoon,Good,Type_D,High,304,Op09,B07,45386.1
PP003453,100.4,2.4,10.9,26.2,79.2,62.5,75.9,Matte,Night,Good,Type_B,Medium,292,Op06,B20,45387.4
PP003454,91.8,9.5,14.1,,64.0,89.0,47.5,Matte,Afternoon,Poor,Type_C,Medium,142,Op03,B14,36280.8
PP003455,128.8,14.0,16.0,17.7,78.4,78.0,22.4,Standard,Morning,Poor,Type_C,Medium,134,Op04,B04,45215.7
PP003456,66.6,15.0,10.6,29.3,50.7,,21.5,Standard,Afternoon,Average,Type_B,Medium,270,Op04,B14,22641.1
PP003457,53.6,11.4,11.3,20.0,,,30.2,Standard,Afternoon,Average,Type_B,Medium,87,Op10,B13,20530.2
PP003458,147.1,2.7,12.2,23.9,51.4,86.0,17.6,Standard,Night,Good,Type_A,Medium,108,Op04,B19,108261.4
PP003459,128.2,0.9,8.5,32.5,47.2,85.9,15.9,Matte,Night,Good,Type_A,Medium,39,Op08,B07,61525.6
PP003460,141.5,2.7,7.3,22.1,52.2,79.7,66.3,Standard,Night,Average,Type_D,Medium,332,Op06,B11,49095.3
PP003461,111.5,3.7,7.8,27.0,53.4,76.7,55.0,Standard,Afternoon,Good,Type_C,Low,232,Op07,B02,41153.8
PP003462,130.3,4.4,5.5,33.1,70.5,59.4,47.0,Matte,Afternoon,Good,Type_D,High,147,Op10,B10,28542.8
PP003463,99.6,3.8,5.7,27.9,53.2,91.9,26.6,Glossy,Afternoon,Good,Type_B,Low,104,Op06,B02,27879.3
PP003464,98.7,1.4,17.2,27.3,41.4,75.1,36.4,Matte,Night,Average,Type_A,High,174,Op01,B03,81610.8
PP003465,79.7,15.0,10.8,21.7,58.6,74.6,50.9,Standard,Morning,Good,Type_D,High,230,Op06,B03,34665.6
PP003466,172.1,1.4,9.1,32.6,30.2,43.8,43.1,Matte,Afternoon,Good,Type_B,High,186,Op10,B04,49522.3
PP003467,84.7,9.5,8.4,24.4,51.3,58.5,25.8,Matte,Afternoon,Good,Type_D,Medium,232,Op07,B09,31873.8
PP003468,165.1,0.0,15.1,24.6,39.9,74.3,40.4,Standard,Afternoon,Good,Type_A,Medium,282,Op03,B20,129090.9
PP003469,76.8,0.2,15.4,19.7,64.5,92.2,44.6,Cardstock,Morning,Good,Type_B,High,249,Op02,B12,55472.8
PP003470,86.5,9.0,9.6,22.1,49.6,81.8,47.9,Glossy,Morning,Poor,Type_B,Medium,286,Op10,B16,27645.4
PP003471,153.9,3.1,13.4,23.9,47.6,81.7,40.1,Cardstock,Morning,Poor,Type_C,Medium,33,Op01,B02,86930.8
PP003472,133.6,15.0,16.3,27.3,48.5,89.2,72.1,Glossy,Morning,Poor,Type_D,Low,46,Op07,B13,34403.2
PP003473,128.3,2.2,11.9,28.6,30.4,77.2,21.1,Matte,Afternoon,Good,Type_D,Medium,115,Op07,B02,82347.1
PP003474,85.7,6.0,6.5,28.6,77.4,96.6,65.2,Matte,Morning,Good,Type_A,Medium,102,Op10,B04,23310.4
PP003475,145.8,3.5,8.2,19.8,65.0,66.0,22.2,Standard,Morning,Average,Type_B,High,81,Op07,B10,68946.8
PP003476,87.8,1.4,13.5,23.8,63.5,,43.9,Standard,Morning,Good,Type_C,Low,12,Op06,B01,58069.4
PP003477,124.8,0.2,16.8,22.2,43.3,90.3,50.6,Standard,Night,Good,Type_B,Low,345,Op06,B17,105174.6
PP003478,92.2,3.7,13.6,33.7,43.2,69.6,28.2,Standard,Morning,Good,Type_C,Medium,287,Op01,B13,61002.4
PP003479,164.3,0.4,16.9,27.6,34.9,55.8,28.7,Standard,Night,Average,Type_C,High,190,Op07,B19,109618.6
PP003480,127.8,0.1,20.2,22.4,46.5,6.2,30.0,Matte,Morning,Poor,Type_C,Medium,200,Op10,B09,35041.4
PP003481,157.8,9.1,7.7,21.7,,93.0,16.3,Glossy,Afternoon,Average,Type_A,Medium,137,Op05,B05,61895.3
PP003482,110.2,1.1,5.7,19.6,50.6,83.3,17.3,Matte,Afternoon,Good,Type_B,High,43,Op02,B16,35716.0
PP003483,92.5,4.3,6.7,25.9,59.4,75.4,30.4,Cardstock,Night,Poor,Type_B,Medium,47,Op10,B06,22046.9
PP003484,71.7,11.1,12.9,22.5,46.4,84.7,43.6,Matte,Morning,Good,Type_B,Medium,256,Op08,B04,42305.8
PP003485,123.2,10.0,17.2,15.0,47.2,78.9,35.9,Standard,Night,Average,Type_C,Medium,187,Op05,B03,79983.6
PP003486,153.0,3.3,11.2,22.5,44.2,84.5,32.7,Standard,Afternoon,Good,Type_D,Low,259,Op10,B14,79964.3
PP003487,132.1,2.1,7.6,28.8,51.9,91.4,24.9,Cardstock,Night,Good,Type_D,High,94,Op05,B06,52539.7
PP003488,92.5,8.6,8.5,23.3,54.7,85.3,29.4,Glossy,Night,Good,Type_D,Medium,244,Op06,B06,36644.6
PP003489,100.8,5.0,12.3,38.8,54.0,95.4,55.7,Glossy,Night,Average,Type_B,Medium,307,Op05,B17,45735.5
PP003490,100.9,1.6,11.5,24.3,47.0,92.8,12.6,Glossy,Night,Good,Type_A,Medium,106,Op06,B15,60841.4
PP003491,114.2,7.4,11.5,28.7,53.9,39.7,42.4,Standard,Night,Good,Type_B,Low,57,Op10,B01,46680.6
PP003492,137.2,3.0,8.8,27.2,38.7,66.2,35.5,Glossy,Night,Good,Type_C,Low,121,Op05,B06,56258.7
PP003493,119.5,6.7,12.7,25.4,,93.8,18.2,Matte,Night,Good,Type_A,High,6,Op01,B08,87899.2
PP003494,137.8,6.7,11.9,20.4,29.9,39.9,36.2,Glossy,Night,Average,Type_A,Medium,91,Op06,B16,61532.7
PP003495,129.2,9.1,9.6,23.2,63.0,90.0,21.6,Standard,Morning,Poor,Type_B,High,355,Op09,B15,57182.5
PP003496,82.8,3.6,12.3,25.8,47.2,95.9,15.7,Matte,Afternoon,Good,Type_C,High,357,Op02,B04,56811.8
PP003497,118.1,3.6,9.7,26.2,44.1,66.8,31.7,Glossy,Morning,Good,Type_A,Low,207,Op05,B08,55947.2
PP003498,83.3,1.9,9.8,15.0,59.9,79.8,42.5,Standard,Night,Good,Type_A,Medium,15,Op02,B19,36995.4
PP003499,118.1,10.7,15.7,26.4,60.3,93.9,39.4,Standard,Afternoon,Poor,Type_C,Medium,131,Op01,B16,71518.4
PP003500,129.0,0.3,7.3,26.8,64.4,89.2,40.5,Matte,Morning,Good,Type_A,Low,338,Op08,B08,48807.2
PP003501,90.4,2.4,7.6,20.5,45.6,38.6,45.8,Standard,Night,Average,Type_A,Low,28,Op08,B09,22966.0
PP003502,73.2,4.6,6.3,24.1,43.0,78.0,46.7,Glossy,Morning,Average,Type_A,Medium,46,Op03,B19,20658.6
PP003503,121.9,0.7,7.1,30.4,36.6,86.8,34.0,Glossy,Afternoon,Good,Type_C,Medium,349,Op06,B05,42888.2
PP003504,111.4,12.4,10.8,19.6,47.0,97.3,44.3,Glossy,Morning,Good,Type_B,Medium,40,Op08,B11,58524.1
PP003505,152.1,11.8,9.2,24.3,54.7,85.0,33.6,Cardstock,Night,Poor,Type_A,Medium,122,Op06,B10,42328.3
PP003506,94.3,12.9,9.8,24.6,38.3,82.6,31.1,Standard,Morning,Poor,Type_A,Medium,256,Op08,B20,27076.6
PP003507,167.2,8.0,13.1,23.3,55.6,91.7,16.8,Glossy,Night,Good,Type_D,Low,225,Op01,B04,78293.0
PP003508,136.1,0.8,7.0,24.0,54.4,75.0,46.7,Cardstock,Afternoon,Good,Type_C,Medium,267,Op03,B01,47489.8
PP003509,67.2,5.0,15.8,25.4,62.2,77.5,24.7,Glossy,Night,Good,Type_B,Medium,122,Op07,B07,46732.0
PP003510,93.8,0.3,9.3,31.6,54.2,91.2,44.1,Glossy,Night,Average,Type_C,High,251,Op01,B06,40695.7
PP003511,116.1,2.2,10.4,25.7,41.5,74.1,46.4,Matte,Morning,Good,Type_B,Medium,277,Op09,B02,66510.1
PP003512,111.4,0.3,11.2,22.3,40.3,98.4,54.4,Standard,Night,Average,Type_B,Medium,264,Op05,B05,65226.2
PP003513,86.9,5.0,5.0,20.7,60.1,93.0,21.1,Matte,Night,Average,Type_B,Medium,51,Op02,B09,20684.5
PP003514,57.4,0.3,9.4,25.9,38.5,,15.4,Cardstock,Afternoon,Good,Type_D,Medium,215,Op04,B08,21830.3
PP003515,105.3,0.8,7.2,,48.9,71.8,19.1,Glossy,Night,Good,Type_B,Medium,293,Op09,B12,38384.9
PP003516,108.0,0.4,9.7,26.4,48.5,,83.1,Standard,Afternoon,Good,Type_B,Low,223,Op08,B12,48682.3
PP003517,133.4,1.5,13.7,,43.1,94.5,38.9,Matte,Afternoon,Good,Type_D,Low,173,Op03,B10,95651.3
PP003518,121.2,1.2,13.3,26.0,47.4,56.8,36.4,Standard,Night,Good,Type_A,High,179,Op10,B16,91787.6
PP003519,80.9,8.9,12.7,24.1,61.1,74.9,34.1,Standard,Afternoon,Good,Type_A,High,258,Op09,B16,51263.7
PP003520,139.8,3.2,15.3,25.2,64.5,88.3,18.6,Matte,Night,Good,Type_A,High,336,Op02,B18,119553.1
PP003521,96.3,1.9,15.5,22.8,75.2,69.2,25.2,Glossy,Night,Good,Type_D,High,183,Op10,B20,67008.7
PP003522,145.6,1.2,16.5,22.5,55.6,66.9,29.5,Standard,Afternoon,Good,Type_B,High,60,Op02,B16,147243.1
PP003523,100.2,4.2,16.3,29.9,,94.5,26.3,Matte,Afternoon,Average,Type_B,Medium,74,Op05,B11,79674.1
PP003524,97.7,1.5,9.3,,52.0,66.6,30.0,Standard,Afternoon,Good,Type_A,Medium,255,Op10,B19,49702.4
PP003525,114.9,3.0,15.1,23.6,22.4,95.3,27.0,Matte,Afternoon,Good,Type_B,Low,293,Op09,B07,85500.6
PP003526,139.6,3.4,13.0,25.6,,88.3,20.4,Matte,Morning,Good,Type_C,Medium,230,Op10,B11,111587.1
PP003527,123.4,1.1,6.4,19.9,33.5,86.8,29.7,Standard,Morning,Average,Type_C,High,225,Op02,B01,42937.5
PP003528,73.8,15.0,6.9,22.8,72.2,85.9,37.6,Cardstock,Night,Poor,Type_A,Medium,302,Op09,B07,6395.0
PP003529,146.0,12.4,7.1,24.8,45.2,92.5,35.8,Standard,Morning,Average,Type_D,Medium,321,Op04,B01,52002.9
PP003530,93.8,1.0,11.6,15.9,46.9,83.1,21.8,Cardstock,Night,Good,Type_B,Medium,303,Op05,B09,46916.1
PP003531,69.2,15.0,14.1,26.1,62.1,96.7,14.2,Standard,Morning,Average,Type_A,Medium,74,Op06,B02,37552.0
PP003532,61.0,5.7,10.8,21.3,44.0,97.2,87.3,Glossy,Morning,Average,Type_C,Medium,269,Op04,B17,25116.0
PP003533,156.5,5.9,22.8,20.1,60.9,68.7,59.9,Cardstock,Morning,Good,Type_A,Low,22,Op03,B13,103850.8
PP003534,163.5,4.7,15.3,25.9,47.9,93.6,59.8,Cardstock,Afternoon,Good,Type_B,Medium,186,Op04,B20,115620.5
PP003535,97.8,1.1,7.0,22.9,56.9,76.2,24.6,Matte,Afternoon,Good,Type_B,Medium,137,Op10,B08,35664.9
PP003536,105.8,2.7,16.9,29.9,54.1,82.8,29.1,Cardstock,Morning,Good,Type_A,Medium,295,Op10,B13,89785.6
PP003537,113.4,1.9,6.8,22.0,57.2,87.4,25.3,Standard,Night,Average,Type_B,High,21,Op07,B16,41447.7
PP003538,75.0,0.5,7.6,26.4,51.9,74.8,25.6,Matte,Night,Good,Type_D,Medium,188,Op09,B02,26838.6
PP003539,119.3,1.0,6.2,23.3,45.0,8.2,27.8,Standard,Afternoon,Good,Type_D,High,39,Op03,B18,22429.4
PP003540,132.6,5.2,8.3,21.5,49.2,91.9,31.8,Matte,Afternoon,Average,Type_D,Medium,304,Op01,B15,58968.8
PP003541,101.6,14.4,8.6,25.8,22.4,88.2,21.2,Glossy,Afternoon,Average,Type_B,Medium,236,Op03,B06,32284.6
PP003542,122.7,0.2,8.3,23.4,,80.7,28.9,Cardstock,Morning,Good,Type_C,Medium,326,Op02,B11,53785.0
PP003543,101.8,1.2,16.8,17.3,52.4,90.9,31.9,Standard,Afternoon,Average,Type_B,Medium,233,Op03,B17,82766.6
PP003544,147.5,12.4,11.3,24.3,47.3,82.5,29.0,Glossy,Night,Good,Type_A,Low,290,Op03,B06,77113.8
PP003545,85.8,1.9,6.1,31.2,60.8,69.6,18.2,Matte,Morning,Good,Type_B,Low,81,Op02,B02,24007.8
PP003546,100.1,4.5,12.8,33.1,63.4,83.2,19.6,Standard,Morning,Good,Type_B,Low,57,Op08,B09,60677.9
PP003547,160.6,10.1,14.1,25.5,63.0,82.7,17.2,Standard,Afternoon,Poor,Type_C,Medium,187,Op04,B07,79488.8
PP003548,120.9,2.2,7.9,27.5,64.5,,23.4,Glossy,Morning,Average,Type_C,Medium,86,Op03,B09,49638.7
PP003549,180.0,4.2,9.5,25.2,53.7,60.2,46.2,Cardstock,Night,Average,Type_B,Medium,128,Op03,B16,51445.6
PP003550,138.7,4.9,9.6,18.8,61.7,88.3,38.3,Glossy,Night,Poor,Type_C,Low,178,Op05,B14,48490.8
PP003551,152.2,15.0,20.9,15.0,50.7,85.5,72.4,Cardstock,Afternoon,Good,Type_B,High,80,Op05,B18,74829.8
PP003552,135.8,8.1,17.4,29.7,56.4,,49.8,Glossy,Morning,Good,Type_A,High,67,Op04,B04,122952.7
PP003553,90.9,0.1,9.6,23.7,68.7,99.4,23.7,Standard,Night,Good,Type_C,Low,240,Op03,B18,41616.7
PP003554,144.9,8.4,12.9,27.6,44.7,87.4,38.6,Glossy,Night,Good,Type_A,High,68,Op01,B03,102518.2
PP003555,83.4,14.6,12.3,22.5,59.5,90.6,38.7,Matte,Afternoon,Poor,Type_C,Medium,233,Op09,B10,22127.7
PP003556,62.7,8.7,12.7,,46.8,83.9,41.2,Standard,Night,Average,Type_C,Low,290,Op01,B16,28692.8
PP003557,127.5,6.1,11.1,30.9,78.8,84.8,22.7,Glossy,Night,Good,Type_B,Medium,172,Op10,B15,66891.2
PP003558,146.9,4.2,16.2,16.2,44.5,62.1,57.2,Matte,Morning,Good,Type_B,Medium,170,Op02,B07,114682.5
PP003559,154.6,2.3,18.7,26.8,44.5,62.7,31.7,Standard,Afternoon,Average,Type_A,Medium,33,Op01,B11,145061.7
PP003560,128.2,0.8,6.6,29.4,56.0,63.3,32.3,Matte,Night,Average,Type_B,Medium,1,Op08,B06,39684.2
PP003561,112.8,5.1,5.9,27.4,22.2,89.3,29.0,Glossy,Afternoon,Average,Type_A,Medium,285,Op09,B13,30113.7
PP003562,110.7,2.0,7.1,18.5,58.6,,17.2,Standard,Afternoon,Average,Type_A,Low,26,Op03,B19,40465.6
PP003563,132.0,6.4,10.4,21.9,39.5,94.4,36.7,Standard,Night,Good,Type_B,High,226,Op04,B17,80259.9
PP003564,147.1,10.9,10.1,25.7,59.7,99.6,27.8,Matte,Afternoon,Average,Type_D,High,278,Op07,B08,77820.1
PP003565,115.9,7.7,9.2,23.3,57.7,93.1,39.0,Standard,Night,Average,Type_D,High,326,Op07,B03,55329.3
PP003566,135.3,2.7,8.7,28.2,46.0,91.2,32.8,Cardstock,Afternoon,Good,Type_A,Medium,62,Op09,B20,63358.6
PP003567,152.0,1.3,10.4,28.4,45.1,71.0,49.8,Standard,Afternoon,Good,Type_A,Low,137,Op09,B19,73392.2
PP003568,153.4,0.8,8.5,29.8,59.0,82.4,24.2,Cardstock,Morning,Average,Type_B,Medium,107,Op04,B13,66555.6
PP003569,152.3,4.8,14.9,27.3,55.6,87.8,33.7,Standard,Morning,Good,Type_A,Medium,70,Op05,B20,137614.1
PP003570,141.8,1.6,11.9,20.4,57.6,60.2,66.7,Standard,Afternoon,Good,Type_D,Medium,246,Op02,B01,87312.5
PP003571,170.4,3.7,8.5,19.3,45.0,86.4,67.3,Matte,Morning,Good,Type_D,Medium,156,Op02,B11,65282.1
PP003572,86.9,6.7,8.2,24.9,40.0,68.4,21.1,Standard,Morning,Average,Type_B,Low,44,Op01,B13,32430.3
PP003573,168.7,11.0,10.8,21.8,43.6,95.2,27.1,Standard,Night,Average,Type_B,High,99,Op08,B13,86086.7
PP003574,117.5,13.9,9.3,30.0,62.4,90.5,18.2,Standard,Night,Poor,Type_A,Low,177,Op02,B07,25648.1
PP003575,65.7,2.8,11.9,26.8,55.1,78.3,35.1,Standard,Night,Average,Type_A,Medium,334,Op02,B08,35555.4
PP003576,119.0,3.7,11.2,32.6,60.7,76.1,52.8,Matte,Night,Average,Type_C,Medium,143,Op01,B12,58516.0
PP003577,125.3,2.1,5.0,26.4,58.7,85.8,43.6,Cardstock,Afternoon,Good,Type_A,Medium,131,Op01,B04,29962.5
PP003578,72.8,8.0,6.8,25.5,47.2,36.4,71.6,Matte,Afternoon,Average,Type_B,High,11,Op06,B17,14491.3
PP003579,116.0,3.0,8.9,29.2,54.5,82.2,22.9,Standard,Night,Good,Type_B,Medium,103,Op10,B08,56729.5
PP003580,45.1,15.0,16.6,22.0,53.4,70.9,42.5,Glossy,Night,Average,Type_A,Medium,271,Op05,B10,14364.2
PP003581,169.4,0.1,13.4,25.0,58.5,89.9,47.5,Standard,Night,Poor,Type_A,Low,217,Op09,B06,73254.0
PP003582,106.7,6.8,10.2,20.9,44.3,87.1,34.9,Standard,Morning,Good,Type_A,Medium,291,Op10,B15,62344.6
PP003583,114.8,1.1,12.0,29.9,64.7,92.3,30.7,Standard,Afternoon,Good,Type_D,Low,280,Op02,B09,71627.0
PP003584,145.6,2.7,9.3,22.7,52.0,99.9,63.2,Standard,Afternoon,Average,Type_C,Medium,69,Op08,B05,72968.5
PP003585,115.4,1.2,11.3,24.4,67.2,,42.9,Glossy,Night,Good,Type_A,High,2,Op02,B07,70286.2
PP003586,74.8,6.2,8.4,22.1,59.2,88.3,53.4,Standard,Morning,Good,Type_C,Medium,65,Op01,B13,30870.7
PP003587,53.2,4.1,6.2,15.7,53.5,93.5,38.6,Cardstock,Morning,Poor,Type_C,Medium,224,Op02,B05,8888.7
PP003588,136.2,4.7,11.2,,60.3,47.5,61.1,Matte,Night,Good,Type_B,Medium,181,Op09,B05,68149.5
PP003589,140.6,6.0,8.9,21.4,88.1,56.7,37.4,Glossy,Morning,Good,Type_A,Low,91,Op09,B14,50373.8
PP003590,101.1,2.9,8.8,29.9,74.1,82.6,36.9,Standard,Morning,Good,Type_D,Medium,352,Op08,B13,46888.0
PP003591,50.9,0.3,9.2,31.2,60.6,43.9,31.7,Matte,Morning,Poor,Type_A,Medium,152,Op04,B08,13009.7
PP003592,125.4,12.0,11.4,26.9,,91.1,36.5,Standard,Afternoon,Poor,Type_C,High,353,Op07,B03,56640.7
PP003593,114.5,3.0,7.9,18.3,50.6,84.4,24.2,Glossy,Afternoon,Good,Type_C,High,301,Op02,B17,49233.1
PP003594,134.7,0.3,15.7,27.7,51.1,81.4,49.1,Standard,Afternoon,Poor,Type_C,Medium,13,Op01,B06,99473.4
PP003595,89.6,9.3,15.6,19.1,56.0,90.7,64.4,Glossy,Afternoon,Average,Type_B,Medium,292,Op07,B15,57259.5
PP003596,48.1,0.2,9.0,22.3,34.0,16.0,26.9,Glossy,Night,Good,Type_D,Medium,202,Op03,B19,5990.1
PP003597,97.4,0.6,11.2,27.7,53.5,72.6,38.3,Matte,Night,Good,Type_B,Low,158,Op02,B13,49445.7
PP003598,139.7,1.5,12.6,15.0,57.7,58.2,28.9,Glossy,Night,Good,Type_D,Low,326,Op03,B18,70296.3
PP003599,148.3,0.6,20.4,28.7,49.3,81.3,13.6,Standard,Night,Good,Type_B,High,167,Op07,B18,170131.1
PP003600,103.9,5.4,8.8,25.5,65.6,87.9,33.9,Standard,Afternoon,Average,Type_B,Medium,83,Op02,B04,46417.8
PP003601,97.0,2.5,12.4,22.3,41.5,99.4,40.4,Cardstock,Night,Good,Type_B,Medium,187,Op07,B04,55929.1
PP003602,57.2,6.7,12.2,23.0,31.6,74.0,39.4,Glossy,Night,Good,Type_A,High,223,Op04,B09,28620.9
PP003603,153.1,6.6,12.9,15.0,,82.7,39.0,Matte,Night,Average,Type_C,High,303,Op02,B07,86841.6
PP003604,100.5,14.5,9.2,22.3,43.8,88.0,26.4,Standard,Night,Average,Type_D,Low,183,Op01,B13,30566.0
PP003605,92.0,7.8,19.4,22.4,78.3,92.3,115.1,Standard,Afternoon,Good,Type_B,Medium,54,Op03,B12,71367.0
PP003606,86.4,10.7,6.8,18.7,53.8,93.2,30.7,Matte,Night,Poor,Type_A,Low,136,Op08,B06,16423.3
PP003607,102.2,5.3,13.8,21.7,46.4,90.3,61.9,Matte,Afternoon,Good,Type_C,Low,187,Op07,B14,64942.5
PP003608,128.2,3.2,6.5,22.0,67.0,32.7,57.2,Matte,Morning,Average,Type_A,Medium,110,Op07,B19,33040.6
PP003609,102.7,3.1,21.0,25.1,50.5,93.1,57.7,Standard,Night,Average,Type_A,Medium,195,Op01,B09,99328.4
PP003610,158.1,1.1,11.7,23.8,53.8,16.9,61.9,Glossy,Afternoon,Good,Type_A,Medium,244,Op08,B19,43356.0
PP003611,135.6,4.7,9.4,26.9,41.1,98.2,58.4,Standard,Afternoon,Average,Type_B,Medium,39,Op09,B13,67276.6
PP003612,126.7,3.3,8.9,20.4,39.3,62.6,120.0,Cardstock,Afternoon,Average,Type_A,Medium,222,Op09,B08,42400.1
PP003613,156.3,0.5,15.7,16.6,51.2,79.3,36.6,Matte,Afternoon,Good,Type_A,Medium,351,Op06,B18,120376.0
PP003614,76.4,0.2,15.8,23.9,57.1,34.0,29.4,Glossy,Morning,Good,Type_A,Medium,227,Op08,B06,45899.5
PP003615,119.4,1.2,5.7,,54.2,96.6,33.3,Glossy,Afternoon,Good,Type_A,Low,191,Op01,B05,32691.0
PP003616,140.2,1.1,18.6,21.6,52.6,77.3,44.9,Standard,Night,Average,Type_B,Medium,95,Op07,B17,133987.4
PP003617,141.1,0.1,13.0,23.3,58.1,82.4,43.9,Standard,Afternoon,Good,Type_A,High,219,Op06,B20,113172.0
PP003618,101.4,2.6,6.6,36.0,50.3,92.7,59.6,Standard,Night,Good,Type_A,Medium,223,Op06,B08,32211.9
PP003619,76.6,6.5,13.7,23.1,54.6,96.6,33.3,Matte,Afternoon,Poor,Type_B,Medium,17,Op02,B03,40739.6
PP003620,55.6,15.0,8.7,16.2,48.3,85.2,28.8,Standard,Morning,Poor,Type_A,High,357,Op09,B02,8631.8
PP003621,130.8,3.7,13.1,17.8,63.7,90.2,32.7,Matte,Night,Good,Type_C,Low,310,Op08,B09,83180.3
PP003622,112.3,2.2,14.0,27.4,65.5,92.0,17.7,Glossy,Night,Good,Type_C,Medium,131,Op06,B14,81209.0
PP003623,109.4,2.0,19.9,27.5,48.0,76.1,18.8,Standard,Afternoon,Good,Type_A,Medium,14,Op05,B11,116212.8
PP003624,120.6,11.6,7.9,27.1,54.0,93.6,14.5,Matte,Afternoon,Average,Type_A,Medium,203,Op07,B06,50881.9
PP003625,113.4,2.4,11.5,22.7,39.3,99.9,39.4,Standard,Night,Good,Type_D,Medium,156,Op04,B11,67323.1
PP003626,98.8,4.7,18.5,28.5,45.6,77.2,20.4,Standard,Morning,Average,Type_C,Medium,237,Op01,B18,89865.7
PP003627,139.0,3.8,19.0,22.0,46.7,43.3,20.8,Glossy,Night,Good,Type_C,Low,18,Op10,B03,93664.1
PP003628,72.0,5.8,18.6,27.3,60.1,98.4,30.7,Cardstock,Afternoon,Average,Type_D,High,322,Op05,B03,53082.3
PP003629,79.1,0.6,9.0,27.9,40.7,94.3,40.1,Standard,Afternoon,Good,Type_C,High,296,Op04,B14,36839.3
PP003630,73.3,3.3,10.8,18.6,,94.4,19.8,Glossy,Morning,Good,Type_D,Medium,204,Op04,B15,32531.9
PP003631,104.0,2.2,11.4,28.7,50.6,88.4,33.2,Matte,Morning,Good,Type_C,Medium,193,Op08,B11,63415.2
PP003632,134.9,5.0,13.3,24.9,45.7,89.1,16.5,Standard,Afternoon,Good,Type_B,Medium,186,Op08,B03,102988.8
PP003633,90.6,3.4,18.6,24.7,51.1,90.4,72.7,Standard,Afternoon,Good,Type_C,Medium,33,Op02,B01,80331.6
PP003634,119.7,5.3,9.7,26.0,50.4,99.3,25.7,Matte,Night,Average,Type_A,Low,58,Op05,B09,56577.8
PP003635,145.0,0.2,5.9,22.6,45.8,89.8,28.8,Standard,Afternoon,Good,Type_C,High,225,Op02,B14,52427.7
PP003636,171.5,14.5,18.1,27.6,46.2,82.9,34.1,Matte,Morning,Poor,Type_D,Medium,64,Op05,B18,44480.2
PP003637,142.3,1.5,9.0,29.0,47.1,78.0,74.1,Standard,Morning,Good,Type_A,Medium,334,Op04,B20,71362.0
PP003638,99.1,1.9,10.4,29.4,65.6,44.6,23.0,Matte,Night,Good,Type_A,Low,236,Op10,B15,38175.8
PP003639,67.5,0.1,6.9,21.5,61.1,94.5,67.3,Matte,Morning,Good,Type_C,High,361,Op03,B11,20677.2
PP003640,35.4,2.6,7.3,23.7,61.8,83.8,12.1,Standard,Night,Average,Type_B,Low,31,Op04,B12,9325.7
PP003641,96.6,3.7,14.4,26.1,39.5,93.9,68.2,Standard,Morning,Good,Type_C,High,198,Op07,B06,73562.6
PP003642,118.8,2.2,8.2,22.8,64.6,73.1,30.3,Standard,Morning,Average,Type_B,High,293,Op03,B15,55586.2
PP003643,101.4,4.2,6.5,23.8,44.9,90.7,44.2,Matte,Night,Good,Type_D,Low,341,Op03,B12,29155.5
PP003644,177.5,0.5,8.1,19.1,33.1,85.3,27.2,Glossy,Afternoon,Good,Type_A,Low,182,Op05,B20,37380.6
PP003645,74.3,7.0,16.3,25.5,50.6,87.2,45.2,Matte,Afternoon,Average,Type_C,Low,339,Op09,B01,45898.3
PP003646,95.9,0.3,13.4,29.6,67.1,79.4,40.0,Matte,Afternoon,Average,Type_A,High,73,Op05,B08,63981.7
PP003647,42.3,1.0,6.7,25.7,53.2,85.0,37.8,Cardstock,Afternoon,Good,Type_B,Low,110,Op09,B17,9545.9
PP003648,152.1,14.4,10.8,27.2,45.6,68.5,38.4,Glossy,Morning,Poor,Type_D,Medium,260,Op09,B15,37354.4
PP003649,95.9,11.0,10.1,24.5,59.1,92.8,29.8,Standard,Night,Average,Type_C,Medium,107,Op06,B07,45451.4
PP003650,57.4,9.3,10.3,28.4,54.8,,20.2,Matte,Afternoon,Average,Type_D,Medium,250,Op09,B13,16166.4
PP003651,109.7,6.5,11.5,24.8,56.9,99.3,56.5,Cardstock,Night,Good,Type_C,Low,151,Op04,B09,53405.5
PP003652,161.5,7.1,7.5,28.7,64.9,90.4,17.6,Standard,Afternoon,Poor,Type_C,Low,76,Op10,B03,40967.0
PP003653,177.9,5.5,6.6,22.8,41.3,94.6,55.0,Matte,Morning,Poor,Type_A,Medium,306,Op05,B10,39892.3
PP003654,107.0,3.0,8.5,25.9,49.2,30.5,27.1,Matte,Afternoon,Good,Type_A,Medium,129,Op06,B11,39587.3
PP003655,134.9,9.6,6.9,,72.4,87.0,38.9,Glossy,Afternoon,Average,Type_C,Medium,223,Op04,B03,41237.7
PP003656,101.4,14.9,13.1,25.7,62.9,81.5,29.9,Cardstock,Morning,Average,Type_B,High,2,Op03,B13,49180.2
PP003657,107.8,4.3,11.1,18.2,53.2,74.5,21.9,Matte,Afternoon,Poor,Type_A,Low,219,Op04,B09,45771.7
PP003658,98.3,4.3,6.2,17.5,34.9,62.4,27.3,Cardstock,Morning,Good,Type_B,Medium,241,Op06,B18,25803.6
PP003659,165.0,15.0,8.9,15.0,64.1,94.2,48.3,Matte,Night,Average,Type_C,Low,182,Op10,B17,29494.5
PP003660,92.5,2.1,12.4,28.8,56.9,87.7,13.4,Glossy,Afternoon,Good,Type_B,High,214,Op03,B02,61516.6
PP003661,50.3,12.1,5.8,24.9,31.0,83.7,48.7,Standard,Morning,Good,Type_A,Medium,147,Op07,B03,11487.9
PP003662,78.9,1.0,10.5,24.7,63.4,,52.1,Standard,Afternoon,Good,Type_C,Medium,307,Op05,B09,40639.3
PP003663,95.3,8.5,13.8,15.0,38.7,97.6,19.8,Standard,Afternoon,Good,Type_B,Medium,233,Op09,B11,64378.0
PP003664,120.4,9.7,14.5,,47.0,90.1,21.2,Standard,Afternoon,Poor,Type_B,Medium,276,Op07,B16,74615.0
PP003665,96.8,0.8,10.3,32.0,68.0,77.2,22.4,Standard,Night,Good,Type_C,Medium,327,Op03,B05,48640.8
PP003666,120.9,6.7,8.7,29.3,49.5,92.7,32.5,Cardstock,Morning,Good,Type_C,High,175,Op04,B10,54406.1
PP003667,121.5,5.1,7.0,25.0,52.8,74.1,28.5,Matte,Morning,Average,Type_C,Low,2,Op02,B16,40342.5
PP003668,103.0,0.3,8.4,22.9,54.3,93.9,54.5,Standard,Night,Good,Type_D,Medium,137,Op10,B04,42305.7
PP003669,136.2,3.8,19.6,31.5,64.1,91.7,37.4,Matte,Night,Good,Type_B,Medium,280,Op07,B09,137942.2
PP003670,85.3,1.4,12.2,23.0,56.5,92.3,19.3,Standard,Night,Average,Type_B,High,203,Op05,B05,54343.1
PP003671,82.3,1.6,9.5,25.6,61.3,95.8,25.9,Matte,Morning,Average,Type_C,Medium,50,Op07,B17,38031.3
PP003672,144.6,2.6,20.4,25.6,74.7,61.2,44.1,Standard,Night,Good,Type_B,Medium,240,Op07,B15,140999.1
PP003673,116.8,1.5,11.5,28.5,53.2,80.1,36.2,Cardstock,Afternoon,Average,Type_A,Medium,257,Op10,B04,62564.4
PP003674,30.0,2.9,7.2,27.2,66.6,62.8,35.9,Glossy,Morning,Average,Type_B,Medium,260,Op07,B01,6752.1
PP003675,100.5,1.3,11.0,27.4,46.5,95.8,47.4,Standard,Morning,Good,Type_C,Low,294,Op04,B13,57961.2
PP003676,132.4,4.2,7.6,,49.6,97.5,22.9,Cardstock,Night,Average,Type_C,Low,117,Op01,B02,44033.6
PP003677,161.6,2.2,9.7,26.2,50.8,93.6,55.6,Standard,Afternoon,Good,Type_A,Medium,252,Op05,B07,84776.3
PP003678,136.4,2.0,16.7,23.6,33.8,94.9,43.3,Glossy,Afternoon,Good,Type_B,Medium,183,Op03,B10,129344.0
PP003679,125.1,7.9,11.7,25.2,75.8,72.9,13.3,Matte,Morning,Good,Type_B,Medium,346,Op08,B18,79164.7
PP003680,147.6,12.5,6.7,21.6,49.6,87.8,36.8,Matte,Night,Poor,Type_A,Medium,51,Op01,B09,32084.6
PP003681,147.0,0.1,7.3,24.0,46.6,97.8,19.4,Cardstock,Afternoon,Good,Type_A,Medium,96,Op01,B17,64016.0
PP003682,151.4,2.1,5.2,21.1,58.9,88.9,24.0,Standard,Afternoon,Poor,Type_D,Medium,347,Op06,B10,37099.4
PP003683,78.7,6.3,16.4,18.0,61.8,85.3,21.0,Matte,Afternoon,Average,Type_C,Low,180,Op06,B07,48866.3
PP003684,112.0,1.5,16.9,27.9,50.1,5.2,36.9,Standard,Night,Average,Type_A,High,331,Op07,B08,40031.9
PP003685,66.8,0.8,9.7,17.3,49.5,,23.1,Standard,Night,Good,Type_A,High,42,Op10,B03,21867.9
PP003686,148.6,1.3,12.8,22.8,54.4,93.1,10.9,Standard,Night,Good,Type_D,Low,59,Op03,B08,109103.4
PP003687,93.4,2.9,13.8,32.3,62.3,91.0,20.7,Standard,Afternoon,Good,Type_D,Medium,199,Op10,B04,64376.7
PP003688,82.4,7.0,10.8,26.9,40.1,94.5,21.7,Standard,Morning,Good,Type_B,Medium,298,Op07,B04,48857.2
PP003689,172.2,7.9,12.3,28.5,46.3,89.2,18.3,Cardstock,Afternoon,Good,Type_A,Medium,11,Op04,B11,93398.3
PP003690,80.3,15.0,10.1,18.4,35.5,75.2,35.2,Matte,Afternoon,Average,Type_D,Low,317,Op08,B02,20901.0
PP003691,101.8,0.3,8.5,23.1,60.9,97.0,36.8,Glossy,Night,Good,Type_C,Low,342,Op02,B14,38158.0
PP003692,114.4,0.7,10.4,20.8,53.2,82.9,21.2,Glossy,Morning,Average,Type_D,Medium,311,Op01,B11,63299.7
PP003693,108.6,0.5,6.9,23.5,51.2,87.4,11.4,Matte,Night,Good,Type_A,High,113,Op05,B16,43526.9
PP003694,150.5,13.6,12.7,21.0,56.4,86.7,20.3,Glossy,Morning,Good,Type_A,High,315,Op01,B07,99775.8
PP003695,133.6,1.0,14.1,26.7,33.3,93.0,19.3,Standard,Afternoon,Average,Type_A,Low,205,Op05,B06,97671.5
PP003696,82.7,1.4,9.7,,51.3,97.1,32.3,Glossy,Afternoon,Good,Type_A,High,46,Op09,B04,44069.8
PP003697,139.5,2.0,11.3,20.8,40.5,84.8,27.8,Standard,Night,Good,Type_A,Medium,165,Op10,B20,94387.4
PP003698,105.2,13.3,9.5,29.6,67.1,96.5,35.4,Glossy,Morning,Average,Type_C,Low,4,Op05,B08,36574.9
PP003699,96.2,3.5,7.3,21.1,84.0,86.4,31.5,Standard,Night,Average,Type_D,Medium,299,Op06,B06,30956.6
PP003700,132.8,11.0,9.2,33.4,44.7,,24.8,Matte,Morning,Poor,Type_B,Low,157,Op01,B18,42079.1
PP003701,127.8,1.2,7.3,23.7,65.3,99.3,46.2,Matte,Afternoon,Good,Type_B,Medium,252,Op08,B12,51451.7
PP003702,118.4,2.3,13.7,22.9,43.5,51.2,30.9,Glossy,Afternoon,Poor,Type_C,High,87,Op06,B10,66298.0
PP003703,87.0,0.5,15.1,31.3,70.8,91.4,22.8,Glossy,Morning,Average,Type_A,Medium,282,Op02,B03,61990.2
PP003704,116.7,3.4,13.8,21.5,70.5,90.1,14.4,Standard,Morning,Average,Type_C,High,303,Op01,B01,95218.8
PP003705,75.5,2.9,15.9,29.2,43.8,90.6,65.6,Standard,Morning,Good,Type_B,Medium,139,Op07,B06,57743.9
PP003706,138.0,15.0,13.6,22.5,65.1,74.7,24.1,Glossy,Afternoon,Average,Type_A,Low,154,Op10,B10,65072.5
PP003707,104.7,1.6,6.9,24.2,35.0,79.3,33.7,Matte,Morning,Good,Type_C,Medium,254,Op05,B03,38414.1
PP003708,110.9,1.6,9.3,15.8,43.9,33.8,32.4,Matte,Night,Good,Type_B,High,191,Op04,B04,37148.0
PP003709,135.7,0.8,12.4,30.6,44.6,83.4,28.3,Standard,Night,Good,Type_B,High,48,Op09,B07,102879.2
PP003710,107.4,15.0,12.6,24.5,67.6,86.1,22.7,Cardstock,Night,Average,Type_D,Medium,280,Op06,B05,41917.1
PP003711,128.8,0.9,13.3,34.4,62.4,83.8,34.6,Cardstock,Night,Good,Type_C,Medium,15,Op03,B18,76412.3
PP003712,91.0,3.3,20.9,18.3,50.6,,50.8,Glossy,Morning,Good,Type_C,High,315,Op08,B18,86982.3
PP003713,122.5,1.8,10.8,22.6,38.5,76.2,85.3,Matte,Afternoon,Good,Type_A,Low,99,Op03,B03,60430.2
PP003714,143.0,2.2,20.4,17.6,55.5,99.1,42.3,Glossy,Night,Good,Type_C,Medium,357,Op06,B01,136506.4
PP003715,55.2,3.4,11.7,19.1,44.3,60.4,12.8,Glossy,Afternoon,Average,Type_A,High,61,Op06,B19,26453.6
PP003716,99.3,10.3,6.3,29.3,56.1,84.4,28.9,Standard,Morning,Average,Type_A,High,173,Op10,B15,30813.7
PP003717,116.7,0.0,15.4,,50.4,96.0,42.5,Matte,Morning,Average,Type_C,High,75,Op06,B08,100060.4
PP003718,108.1,2.8,9.3,23.7,48.3,96.5,16.5,Matte,Morning,Good,Type_B,Medium,352,Op06,B03,58691.9
PP003719,128.3,5.2,8.6,21.8,48.2,81.2,21.8,Glossy,Night,Average,Type_A,Medium,168,Op06,B10,56923.8
PP003720,149.9,9.0,13.7,25.8,49.1,84.5,44.1,Matte,Afternoon,Average,Type_A,Low,286,Op04,B12,97570.6
PP003721,116.4,0.8,22.3,20.9,32.3,65.1,70.3,Matte,Morning,Good,Type_A,High,225,Op07,B14,117518.2
PP003722,128.0,7.1,9.7,15.0,59.3,85.5,21.2,Matte,Morning,Average,Type_D,High,172,Op07,B01,59161.6
PP003723,126.5,3.1,12.9,25.5,56.5,80.1,32.7,Standard,Afternoon,Good,Type_B,Low,161,Op03,B01,85728.6
PP003724,145.2,0.6,13.0,24.7,72.4,64.9,31.4,Standard,Morning,Good,Type_A,High,159,Op10,B12,110785.2
PP003725,137.5,5.0,13.6,27.9,46.3,96.9,16.0,Matte,Night,Average,Type_A,Low,71,Op06,B14,93027.2
PP003726,161.4,1.1,9.0,30.9,56.0,84.8,37.8,Standard,Afternoon,Average,Type_D,Low,97,Op03,B12,56029.0
PP003727,148.6,1.4,13.2,19.5,47.3,76.5,40.9,Standard,Night,Good,Type_A,Low,270,Op02,B12,105094.1
PP003728,94.7,2.3,6.9,21.4,41.7,83.5,27.3,Glossy,Night,Good,Type_C,High,253,Op07,B16,33254.4
PP003729,122.3,0.3,11.1,24.6,61.5,83.0,27.8,Cardstock,Afternoon,Average,Type_A,Low,15,Op04,B15,61228.6
PP003730,144.7,9.1,9.3,30.2,,88.6,27.4,Standard,Morning,Average,Type_A,High,126,Op02,B19,76144.5
PP003731,118.3,5.5,15.9,22.8,78.8,72.4,46.1,Standard,Night,Average,Type_C,High,142,Op09,B05,83913.5
PP003732,30.0,13.8,12.8,23.7,47.1,75.1,30.0,Matte,Afternoon,Good,Type_C,Medium,130,Op06,B16,11050.9
PP003733,171.0,4.2,10.8,24.9,46.3,,50.5,Standard,Afternoon,Average,Type_B,Low,49,Op04,B02,55588.1
PP003734,128.0,0.8,11.1,,54.2,82.1,27.3,Glossy,Night,Good,Type_A,High,8,Op03,B13,80930.6
PP003735,123.3,0.6,8.7,17.9,52.8,99.7,46.4,Glossy,Afternoon,Good,Type_C,Medium,145,Op06,B18,56187.0
PP003736,124.5,0.8,8.1,28.2,80.1,71.0,34.0,Glossy,Night,Good,Type_D,Medium,36,Op07,B15,46545.3
PP003737,88.3,2.3,15.1,25.1,34.2,52.1,42.5,Glossy,Morning,Good,Type_D,Medium,335,Op08,B11,56285.8
PP003738,115.0,0.0,21.0,28.0,55.8,99.9,26.4,Standard,Morning,Average,Type_B,Medium,78,Op04,B01,124423.3
PP003739,103.0,2.4,6.1,26.9,38.9,78.2,30.6,Standard,Afternoon,Good,Type_C,High,45,Op08,B20,34797.9
PP003740,88.0,15.0,12.3,15.0,,96.4,44.8,Standard,Afternoon,Good,Type_A,Medium,35,Op04,B14,39714.1
PP003741,118.8,14.2,16.8,29.4,83.1,74.5,41.8,Standard,Morning,Average,Type_C,Medium,14,Op04,B14,62641.3
PP003742,127.1,12.2,17.5,29.0,54.4,88.0,63.2,Matte,Afternoon,Poor,Type_C,Low,143,Op10,B17,42116.4
PP003743,149.3,0.1,9.1,28.9,66.7,82.9,20.4,Standard,Afternoon,Good,Type_D,Medium,300,Op05,B08,78477.5
PP003744,123.4,15.0,12.1,16.5,77.0,32.2,38.6,Matte,Afternoon,Average,Type_A,Medium,171,Op07,B15,32521.3
PP003745,110.1,2.3,17.4,20.8,40.1,90.2,83.7,Matte,Night,Poor,Type_C,Medium,236,Op06,B03,73701.8
PP003746,133.1,0.5,10.6,28.3,49.2,87.2,63.6,Standard,Night,Average,Type_A,Medium,100,Op02,B19,71682.3
PP003747,148.7,10.4,12.1,20.9,67.4,,19.7,Glossy,Night,Average,Type_B,Medium,63,Op10,B18,88041.0
PP003748,146.1,9.5,8.8,15.0,43.0,88.9,46.3,Standard,Morning,Average,Type_D,High,145,Op02,B04,61517.7
PP003749,107.7,2.1,13.1,23.6,57.0,91.6,23.5,Standard,Night,Good,Type_A,Low,15,Op07,B07,72595.6
PP003750,117.9,4.3,17.4,20.9,48.7,88.6,53.8,Glossy,Night,Average,Type_D,Medium,106,Op08,B12,94681.6
PP003751,105.9,0.9,12.9,19.4,,83.4,55.1,Glossy,Afternoon,Good,Type_B,High,87,Op04,B20,67357.0
PP003752,180.0,0.7,12.1,22.0,75.3,92.5,49.4,Standard,Afternoon,Good,Type_B,High,6,Op05,B01,85652.8
PP003753,146.6,4.3,16.4,17.0,53.4,91.6,40.2,Glossy,Night,Poor,Type_C,Medium,18,Op08,B07,94768.0
PP003754,154.1,15.0,6.1,27.1,50.4,94.5,37.1,Matte,Afternoon,Average,Type_B,High,47,Op03,B14,38333.4
PP003755,83.8,15.0,8.0,19.6,61.5,92.0,44.4,Standard,Night,Poor,Type_B,Medium,337,Op04,B03,13595.3
PP003756,127.0,9.9,6.5,29.8,58.1,69.2,56.3,Glossy,Afternoon,Average,Type_D,Low,298,Op08,B06,30512.1
PP003757,159.9,2.2,5.9,,52.4,82.8,24.7,Glossy,Night,Good,Type_A,Medium,140,Op03,B15,47730.0
PP003758,75.3,4.3,13.6,23.2,67.9,6.6,20.5,Glossy,Morning,Good,Type_A,Medium,198,Op07,B15,19668.4
PP003759,112.2,1.5,8.5,35.6,79.7,79.4,19.7,Standard,Morning,Good,Type_A,Medium,252,Op06,B05,45007.6
PP003760,54.2,6.9,7.6,29.8,47.2,77.5,18.0,Cardstock,Night,Good,Type_B,Medium,264,Op09,B05,15708.6
PP003761,180.0,0.4,7.5,31.7,38.4,97.1,28.4,Cardstock,Night,Good,Type_B,Low,210,Op04,B19,27119.7
PP003762,122.9,5.0,14.7,28.3,60.1,95.0,32.4,Standard,Night,Good,Type_D,Medium,261,Op03,B01,94134.1
PP003763,99.3,1.3,18.2,24.5,34.3,79.2,65.9,Standard,Afternoon,Average,Type_A,Medium,316,Op03,B13,82555.0
PP003764,144.1,5.9,8.4,28.3,55.1,86.8,20.5,Standard,Afternoon,Good,Type_B,Medium,230,Op01,B18,72210.1
PP003765,103.0,0.3,14.9,28.8,49.7,79.5,38.0,Standard,Morning,Good,Type_A,Medium,185,Op09,B04,87465.0
PP003766,136.4,12.1,9.6,22.7,46.9,97.0,21.3,Matte,Morning,Poor,Type_D,High,17,Op03,B04,47655.6
PP003767,100.9,5.4,7.1,,50.8,83.1,32.4,Matte,Afternoon,Average,Type_B,Medium,26,Op08,B05,36695.5
PP003768,152.3,3.6,13.1,19.6,36.7,40.1,10.5,Matte,Morning,Good,Type_C,High,189,Op02,B07,83367.7
PP003769,94.8,0.7,5.6,15.2,29.0,86.4,38.6,Cardstock,Morning,Good,Type_B,Medium,227,Op04,B10,21318.7
PP003770,120.6,1.9,7.1,28.0,59.1,59.6,18.3,Standard,Afternoon,Average,Type_D,Low,220,Op05,B03,39809.6
PP003771,83.4,10.0,10.9,26.5,44.2,85.4,41.5,Standard,Morning,Average,Type_A,High,276,Op09,B14,43315.2
PP003772,121.1,1.1,8.3,22.8,58.5,60.0,33.7,Glossy,Morning,Poor,Type_B,Medium,110,Op04,B01,43377.7
PP003773,112.2,11.6,12.8,23.0,67.9,,37.6,Standard,Night,Average,Type_C,Medium,10,Op10,B03,63585.3
PP003774,75.7,2.8,11.8,19.6,71.4,89.8,48.5,Standard,Night,Good,Type_D,Medium,111,Op03,B08,39925.0
PP003775,173.4,1.4,12.3,26.1,78.0,75.6,37.9,Standard,Morning,Average,Type_C,Medium,151,Op06,B17,81763.1
PP003776,109.5,2.0,19.9,37.7,50.9,89.3,62.9,Glossy,Afternoon,Average,Type_D,Medium,326,Op03,B07,78324.0
PP003777,115.6,11.1,8.1,21.6,49.2,,51.0,Cardstock,Morning,Average,Type_C,Medium,86,Op08,B12,38660.9
PP003778,145.7,7.0,6.5,25.7,51.3,98.9,33.2,Glossy,Night,Average,Type_C,Medium,348,Op01,B11,47773.4
PP003779,85.4,13.9,14.7,23.0,34.0,77.9,39.4,Cardstock,Night,Good,Type_D,Medium,279,Op03,B02,42544.5
PP003780,81.2,9.8,9.3,29.6,,76.5,49.5,Glossy,Night,Average,Type_C,High,256,Op03,B06,29965.7
PP003781,94.8,5.1,8.7,29.1,53.0,83.0,45.5,Cardstock,Morning,Poor,Type_B,Low,360,Op10,B06,28660.6
PP003782,149.9,0.3,10.3,29.5,58.4,86.2,49.3,Matte,Morning,Good,Type_A,Low,103,Op01,B02,82441.1
PP003783,84.6,3.7,12.7,20.1,46.0,67.6,34.8,Cardstock,Night,Good,Type_A,Low,68,Op10,B15,42902.1
PP003784,180.0,0.4,15.7,27.6,33.8,61.2,43.1,Matte,Night,Good,Type_C,Medium,120,Op05,B10,95962.4
PP003785,123.6,0.9,15.2,29.0,45.1,93.6,39.5,Matte,Afternoon,Good,Type_C,Medium,301,Op07,B06,102260.1
PP003786,128.2,0.1,14.6,17.7,48.3,97.3,37.8,Glossy,Morning,Good,Type_C,Medium,301,Op06,B11,99768.0
PP003787,131.4,3.2,10.2,32.5,32.9,88.5,59.1,Glossy,Morning,Good,Type_B,High,101,Op09,B14,71156.8
PP003788,96.1,0.6,8.4,23.8,54.7,96.9,47.1,Standard,Afternoon,Poor,Type_A,High,130,Op10,B17,37098.1
PP003789,115.2,2.8,6.2,23.1,43.9,80.0,35.7,Standard,Night,Good,Type_B,Medium,38,Op08,B18,38698.2
PP003790,97.0,3.7,13.4,31.8,61.3,40.2,14.7,Standard,Morning,Average,Type_B,Low,271,Op04,B02,50455.8
PP003791,113.3,15.0,10.8,19.9,48.2,90.6,13.0,Matte,Morning,Average,Type_C,Medium,247,Op08,B16,51233.1
PP003792,108.8,0.0,13.2,26.2,39.7,56.6,22.6,Glossy,Afternoon,Good,Type_B,Low,349,Op06,B12,64764.3
PP003793,161.8,2.4,9.6,25.5,55.4,60.5,37.0,Matte,Morning,Good,Type_A,High,158,Op01,B18,81712.0
PP003794,122.8,3.9,8.5,19.3,31.5,89.9,41.2,Glossy,Afternoon,Average,Type_C,Low,320,Op09,B19,47793.5
PP003795,117.1,1.5,17.2,24.6,44.7,95.2,49.9,Matte,Morning,Good,Type_A,High,163,Op02,B02,116890.6
PP003796,111.3,0.8,15.7,15.6,,73.3,64.6,Glossy,Afternoon,Good,Type_D,Medium,365,Op08,B04,72279.5
PP003797,92.8,0.9,15.9,26.3,40.6,89.8,103.0,Glossy,Afternoon,Good,Type_B,Medium,331,Op09,B16,66294.5
PP003798,86.9,4.3,8.0,31.9,68.8,94.4,36.2,Standard,Morning,Good,Type_C,Medium,310,Op03,B15,35507.8
PP003799,109.5,7.2,6.7,26.6,36.4,8.4,28.1,Standard,Afternoon,Average,Type_D,High,161,Op03,B03,17215.5
PP003800,155.8,2.4,7.8,26.5,57.1,81.9,46.5,Matte,Afternoon,Poor,Type_B,Medium,205,Op03,B18,54025.7
PP003801,131.9,9.3,7.3,24.5,68.6,93.9,45.8,Standard,Night,Good,Type_A,Low,171,Op03,B04,47115.3
PP003802,96.6,3.3,6.0,18.0,59.2,,37.5,Standard,Afternoon,Good,Type_B,Medium,113,Op01,B18,17995.1
PP003803,91.4,0.9,5.5,,55.4,33.6,45.2,Standard,Morning,Average,Type_D,High,170,Op05,B10,18673.1
PP003804,106.5,2.8,15.7,30.8,43.5,89.5,43.6,Glossy,Afternoon,Good,Type_D,Low,4,Op03,B08,76347.2
PP003805,148.8,1.1,8.5,23.8,,64.4,45.4,Matte,Night,Good,Type_C,Medium,341,Op10,B16,64212.7
PP003806,148.1,2.4,9.8,20.5,42.1,74.4,27.2,Glossy,Afternoon,Good,Type_A,Medium,315,Op08,B12,82252.9
PP003807,103.6,8.2,7.9,15.0,46.9,97.5,25.6,Glossy,Morning,Average,Type_B,Medium,6,Op09,B16,37550.8
PP003808,96.6,1.8,22.5,20.4,53.8,72.7,32.6,Glossy,Night,Good,Type_B,Medium,361,Op04,B18,89114.6
PP003809,131.4,0.7,13.7,33.8,25.5,90.4,25.4,Cardstock,Night,Good,Type_A,Medium,330,Op03,B12,84393.8
PP003810,91.7,2.6,5.3,25.2,46.7,80.8,45.7,Standard,Afternoon,Good,Type_A,High,209,Op09,B12,24797.1
PP003811,108.0,4.2,11.5,22.7,54.6,96.7,24.9,Standard,Afternoon,Good,Type_C,Medium,342,Op04,B18,69249.0
PP003812,166.8,0.1,9.0,26.0,82.3,57.9,31.7,Standard,Afternoon,Poor,Type_D,High,45,Op07,B05,39060.4
PP003813,95.7,9.3,8.4,27.5,,81.5,59.3,Glossy,Morning,Good,Type_A,High,81,Op05,B01,40665.4
PP003814,119.5,4.0,8.0,33.4,,81.9,40.6,Standard,Morning,Average,Type_A,Medium,220,Op03,B01,50460.3
PP003815,115.3,10.0,7.5,24.7,,92.8,23.0,Cardstock,Afternoon,Good,Type_B,Low,182,Op08,B09,39284.5
PP003816,144.7,15.0,10.6,30.0,59.3,77.3,32.5,Matte,Morning,Poor,Type_B,Medium,149,Op10,B15,43912.3
PP003817,123.6,5.7,8.2,25.9,64.5,90.7,14.0,Matte,Morning,Good,Type_D,Medium,152,Op09,B11,57905.7
PP003818,71.0,5.4,16.4,20.8,51.2,84.5,33.0,Glossy,Morning,Good,Type_B,High,36,Op09,B18,56542.6
PP003819,82.5,2.0,12.0,28.8,67.8,81.3,19.7,Glossy,Afternoon,Good,Type_B,High,24,Op07,B10,50033.7
PP003820,133.4,3.6,7.1,26.0,46.0,97.3,28.8,Standard,Afternoon,Good,Type_A,Medium,6,Op01,B19,57191.1
PP003821,113.9,1.0,15.4,18.8,,90.6,45.7,Cardstock,Afternoon,Average,Type_A,High,316,Op09,B11,81044.4
PP003822,100.3,0.4,13.5,31.6,56.4,,37.1,Standard,Afternoon,Good,Type_D,Low,161,Op05,B03,63612.9
PP003823,72.8,10.4,6.8,26.4,39.3,91.2,34.3,Glossy,Morning,Good,Type_A,Medium,150,Op10,B18,23307.4
PP003824,123.9,3.3,8.9,19.2,71.2,78.1,24.0,Glossy,Night,Good,Type_C,High,109,Op03,B02,55873.6
PP003825,101.1,5.1,11.6,25.5,48.8,68.8,50.7,Matte,Morning,Good,Type_A,High,304,Op07,B09,60074.3
PP003826,137.6,4.1,13.2,21.9,50.8,91.3,45.1,Cardstock,Afternoon,Good,Type_D,Medium,111,Op06,B16,93215.8
PP003827,125.7,2.6,19.4,18.2,57.7,85.2,56.4,Standard,Night,Good,Type_A,Low,27,Op08,B17,116310.9
PP003828,86.9,5.8,7.5,21.0,56.5,87.1,31.4,Matte,Morning,Good,Type_C,Medium,235,Op05,B17,33500.7
PP003829,75.5,3.0,12.2,,56.5,78.3,39.3,Matte,Morning,Average,Type_D,Medium,338,Op09,B09,36926.4
PP003830,97.8,5.0,7.3,26.6,22.9,98.6,30.6,Cardstock,Night,Average,Type_A,Medium,140,Op01,B06,29338.0
PP003831,126.9,4.1,8.0,27.2,57.8,56.3,25.6,Matte,Night,Average,Type_B,High,58,Op08,B02,51908.6
PP003832,137.5,4.0,14.5,29.2,59.3,85.7,32.1,Standard,Morning,Poor,Type_A,Medium,357,Op09,B20,102111.0
PP003833,54.2,2.3,13.6,28.0,46.6,54.7,31.1,Standard,Morning,Average,Type_C,Medium,17,Op05,B03,30073.9
PP003834,158.5,6.8,6.5,23.0,49.3,,96.6,Standard,Afternoon,Average,Type_B,High,82,Op05,B01,40863.6
PP003835,123.5,5.2,12.1,34.0,,88.5,61.6,Matte,Afternoon,Good,Type_C,High,65,Op09,B06,74675.3
PP003836,105.0,3.0,12.7,23.9,42.6,96.0,45.0,Standard,Night,Good,Type_B,High,13,Op03,B08,75353.2
PP003837,53.1,12.0,10.8,,45.1,83.1,40.7,Cardstock,Afternoon,Poor,Type_D,Medium,51,Op02,B07,10496.3
PP003838,82.4,2.7,9.2,24.3,42.3,76.3,10.0,Standard,Night,Good,Type_A,Medium,71,Op04,B01,40450.5
PP003839,151.9,5.2,6.5,16.9,43.2,97.6,40.1,Standard,Night,Poor,Type_A,Medium,129,Op09,B07,40560.1
PP003840,117.2,0.1,9.5,29.5,72.4,73.1,21.3,Standard,Night,Good,Type_A,High,242,Op04,B15,60559.3
PP003841,118.1,4.0,9.3,24.8,62.0,65.0,31.8,Matte,Morning,Good,Type_A,Medium,15,Op07,B15,60535.6
PP003842,104.3,0.5,9.6,21.8,55.4,99.1,28.8,Glossy,Afternoon,Good,Type_A,Low,190,Op10,B03,51675.4
PP003843,99.3,1.8,7.3,23.4,47.0,84.0,44.2,Glossy,Morning,Average,Type_C,Medium,165,Op02,B20,33787.9
PP003844,104.5,6.2,6.7,16.9,52.9,53.8,40.0,Matte,Night,Average,Type_C,Medium,309,Op01,B11,27310.9
PP003845,143.2,12.6,18.2,26.0,53.9,91.3,36.1,Standard,Afternoon,Poor,Type_B,Medium,312,Op05,B03,80353.5
PP003846,142.2,10.3,11.7,,73.0,93.9,43.1,Standard,Morning,Good,Type_D,Low,120,Op07,B13,81382.4
PP003847,135.3,2.0,10.6,22.8,52.9,73.3,40.8,Standard,Afternoon,Average,Type_A,Medium,86,Op08,B12,80252.3
PP003848,107.6,5.0,12.5,31.4,44.0,32.8,21.1,Cardstock,Afternoon,Good,Type_B,Low,66,Op02,B13,42104.9
PP003849,127.9,4.3,13.1,17.5,54.4,64.2,29.5,Glossy,Afternoon,Average,Type_B,Medium,191,Op09,B11,80091.3
PP003850,164.6,1.3,11.9,34.3,61.6,92.4,48.5,Cardstock,Morning,Good,Type_B,Medium,288,Op10,B04,89111.5
PP003851,143.1,10.2,9.1,28.8,45.7,91.4,27.6,Matte,Morning,Poor,Type_B,Medium,348,Op03,B14,54797.0
PP003852,158.5,6.0,16.3,26.9,62.9,85.2,41.3,Matte,Afternoon,Average,Type_C,Medium,86,Op07,B20,119575.9
PP003853,71.6,2.5,6.6,22.1,67.1,63.6,56.3,Standard,Night,Average,Type_B,High,219,Op10,B07,19321.2
PP003854,53.2,8.3,11.8,22.2,39.1,95.7,25.2,Cardstock,Afternoon,Good,Type_C,Low,208,Op01,B14,23058.2
PP003855,141.2,0.5,10.3,23.6,45.8,,22.9,Cardstock,Morning,Good,Type_A,Medium,225,Op07,B18,81468.0
PP003856,111.2,0.7,8.2,26.9,51.9,78.9,24.0,Standard,Afternoon,Good,Type_B,Medium,220,Op06,B04,51103.2
PP003857,30.0,0.8,16.0,,38.5,95.6,29.8,Standard,Afternoon,Average,Type_B,High,272,Op02,B20,19008.1
PP003858,140.0,4.2,6.3,21.8,50.7,87.3,15.8,Standard,Night,Poor,Type_B,Medium,294,Op09,B15,42719.9
PP003859,151.1,4.0,8.5,34.6,38.0,87.5,43.8,Standard,Night,Poor,Type_B,Medium,248,Op04,B18,52879.4
PP003860,126.3,2.9,12.7,29.2,48.2,74.7,37.5,Matte,Night,Good,Type_A,Medium,229,Op09,B12,87121.8
PP003861,120.4,6.0,6.6,30.3,48.6,81.5,36.9,Glossy,Afternoon,Average,Type_C,High,263,Op01,B07,39700.4
PP003862,67.2,4.4,6.9,20.3,38.9,94.2,37.8,Standard,Morning,Good,Type_B,Medium,300,Op01,B18,23142.5
PP003863,150.5,3.1,6.9,15.8,57.3,83.5,29.2,Glossy,Morning,Good,Type_B,High,114,Op06,B16,56082.1
PP003864,180.0,1.2,8.9,26.2,46.2,92.4,41.9,Standard,Afternoon,Good,Type_A,Medium,89,Op03,B18,72403.2
PP003865,180.0,15.0,11.6,21.0,55.0,67.5,39.3,Standard,Morning,Good,Type_A,Medium,245,Op05,B17,71173.7
PP003866,117.4,3.2,16.9,31.7,38.6,80.0,40.6,Standard,Afternoon,Good,Type_C,Medium,136,Op03,B08,106686.4
PP003867,120.9,3.3,8.2,,32.8,,17.3,Cardstock,Morning,Average,Type_B,High,99,Op05,B08,54237.6
PP003868,141.2,0.4,19.6,28.8,60.5,70.3,25.7,Standard,Night,Good,Type_D,Low,185,Op06,B09,124714.7
PP003869,79.3,1.9,20.7,24.0,59.0,95.7,34.6,Standard,Afternoon,Good,Type_A,Low,110,Op07,B20,75798.1
PP003870,98.8,0.7,12.9,26.5,41.1,89.4,20.2,Standard,Night,Average,Type_B,High,28,Op03,B07,71657.9
PP003871,138.7,15.0,8.2,20.7,46.2,99.2,68.4,Matte,Morning,Average,Type_A,Medium,322,Op08,B19,48083.1
PP003872,125.2,0.9,8.0,17.0,51.7,81.0,14.7,Standard,Morning,Good,Type_D,Low,134,Op04,B11,50913.1
PP003873,99.1,1.5,12.2,34.7,60.3,86.6,18.6,Standard,Morning,Good,Type_D,High,120,Op01,B10,65739.7
PP003874,113.2,5.2,9.2,21.7,75.6,78.3,46.8,Matte,Morning,Poor,Type_B,Medium,305,Op04,B06,41147.3
PP003875,77.4,1.3,9.6,21.8,53.4,63.1,24.5,Cardstock,Afternoon,Good,Type_C,Medium,284,Op01,B20,31703.8
PP003876,103.7,3.3,8.2,30.9,54.5,85.9,36.8,Glossy,Morning,Good,Type_C,Low,294,Op02,B19,40041.3
PP003877,152.2,11.5,11.7,27.6,55.6,91.3,26.5,Standard,Night,Average,Type_A,Medium,107,Op02,B15,87161.1
PP003878,96.0,1.4,8.7,24.5,48.8,84.2,27.0,Matte,Night,Average,Type_A,Medium,332,Op02,B06,41979.1
PP003879,92.9,6.1,19.1,22.7,55.5,96.7,16.6,Glossy,Night,Average,Type_D,Medium,315,Op02,B08,74313.3
PP003880,102.5,10.9,12.1,27.7,21.2,81.3,28.4,Glossy,Afternoon,Poor,Type_C,Medium,155,Op10,B14,35781.8
PP003881,77.9,3.6,11.8,25.8,36.7,63.9,69.3,Glossy,Afternoon,Good,Type_C,Medium,326,Op02,B05,37344.3
PP003882,137.6,4.2,12.7,23.4,33.1,84.3,20.8,Matte,Night,Poor,Type_A,Low,110,Op03,B06,72038.5
PP003883,66.7,1.3,21.5,25.1,73.6,64.5,46.9,Standard,Night,Average,Type_D,High,11,Op04,B18,49015.1
PP003884,86.0,0.5,16.7,27.6,48.8,85.8,23.9,Standard,Afternoon,Good,Type_C,Medium,261,Op09,B12,76284.6
PP003885,124.1,2.7,8.4,26.6,65.7,92.5,35.0,Standard,Morning,Good,Type_C,Medium,191,Op04,B14,59816.7
PP003886,51.7,14.3,9.4,25.5,44.2,64.8,15.7,Standard,Afternoon,Average,Type_C,High,351,Op05,B05,15777.8
PP003887,164.9,5.7,9.4,24.6,34.7,79.8,32.2,Matte,Morning,Good,Type_A,Medium,197,Op08,B14,78970.9
PP003888,158.9,11.5,15.1,30.3,57.3,70.6,35.3,Matte,Night,Poor,Type_D,Medium,233,Op01,B05,66245.3
PP003889,117.7,0.2,10.8,21.8,43.1,43.1,24.0,Standard,Night,Average,Type_D,Medium,291,Op09,B18,54397.9
PP003890,156.2,15.0,4.7,29.0,52.6,,43.1,Cardstock,Afternoon,Poor,Type_A,Medium,137,Op04,B05,8819.7
PP003891,126.0,2.5,7.8,21.7,39.8,34.4,62.4,Standard,Afternoon,Poor,Type_C,Medium,4,Op07,B06,31432.5
PP003892,136.8,10.3,6.0,30.3,50.6,95.7,26.5,Standard,Morning,Poor,Type_B,High,48,Op07,B15,36578.9
PP003893,153.6,5.5,8.0,30.2,52.4,8.3,43.5,Standard,Night,Good,Type_D,Medium,42,Op05,B12,20575.2
PP003894,180.0,2.9,9.4,22.6,51.9,82.3,17.4,Standard,Afternoon,Good,Type_C,Medium,257,Op08,B09,72596.3
PP003895,124.9,0.4,9.6,27.1,47.2,85.5,24.8,Standard,Afternoon,Good,Type_A,Low,110,Op04,B18,65422.1
PP003896,180.0,5.0,11.8,22.2,71.7,,43.5,Standard,Morning,Average,Type_C,Medium,96,Op04,B09,46637.3
PP003897,153.4,0.6,9.5,24.7,47.1,72.2,41.1,Glossy,Morning,Good,Type_C,High,248,Op07,B18,80196.9
PP003898,169.6,8.0,16.3,20.0,54.1,61.7,46.0,Matte,Morning,Average,Type_B,Medium,213,Op02,B19,113546.9
PP003899,119.3,1.4,10.5,27.9,39.8,95.6,33.1,Glossy,Morning,Poor,Type_A,High,183,Op02,B11,60833.0
PP003900,130.5,0.8,12.0,32.0,55.6,88.2,44.1,Glossy,Afternoon,Good,Type_C,High,133,Op10,B11,86542.4
PP003901,180.0,0.9,13.6,21.5,55.5,83.3,29.1,Glossy,Afternoon,Good,Type_D,High,93,Op04,B05,99661.4
PP003902,98.3,2.1,8.3,23.0,,64.8,20.4,Glossy,Afternoon,Good,Type_C,Medium,204,Op01,B10,39624.8
PP003903,79.3,0.1,20.3,23.6,52.5,62.3,15.6,Cardstock,Afternoon,Good,Type_A,Medium,307,Op07,B03,65853.2
PP003904,180.0,3.0,10.5,20.5,65.8,91.9,48.1,Standard,Afternoon,Poor,Type_A,Low,110,Op07,B08,35836.2
PP003905,52.1,2.4,9.9,21.9,61.2,84.3,44.6,Standard,Night,Good,Type_B,Medium,218,Op07,B19,22640.7
PP003906,148.6,1.8,5.4,27.4,85.7,72.0,17.1,Glossy,Morning,Average,Type_B,High,112,Op04,B04,39725.0
PP003907,95.4,1.6,11.3,31.6,35.0,69.8,31.8,Matte,Afternoon,Good,Type_A,Medium,165,Op08,B16,51929.2
PP003908,111.0,7.7,21.1,15.0,57.3,85.9,23.3,Standard,Night,Good,Type_D,Medium,358,Op01,B11,94957.0
PP003909,58.6,1.5,11.3,17.9,53.8,73.3,17.2,Glossy,Morning,Good,Type_B,Medium,337,Op02,B11,28969.1
PP003910,110.2,6.4,20.5,22.9,40.1,96.6,23.3,Matte,Afternoon,Good,Type_A,Medium,220,Op07,B18,114905.0
PP003911,72.5,0.7,13.6,18.9,64.6,87.0,63.6,Standard,Night,Good,Type_B,Low,246,Op04,B04,39123.4
PP003912,114.1,1.0,8.5,24.6,44.3,89.4,53.7,Standard,Night,Good,Type_B,Medium,232,Op05,B09,52660.7
PP003913,130.3,8.8,9.7,26.7,61.3,81.1,45.5,Standard,Night,Poor,Type_C,Low,234,Op08,B20,41950.9
PP003914,69.2,6.6,10.1,17.8,47.3,60.2,23.5,Standard,Morning,Average,Type_A,Medium,133,Op07,B11,29907.5
PP003915,147.5,2.5,11.6,27.6,43.2,98.6,47.4,Standard,Night,Good,Type_A,Low,231,Op09,B08,97848.4
PP003916,145.5,3.2,7.5,25.1,55.6,94.7,33.3,Glossy,Afternoon,Good,Type_A,Medium,118,Op03,B17,64227.6
PP003917,47.1,8.2,16.3,26.2,69.6,88.8,22.7,Matte,Morning,Good,Type_D,Medium,119,Op05,B20,29915.6
PP003918,99.6,3.4,16.4,21.4,30.8,87.1,25.5,Matte,Afternoon,Average,Type_C,Low,199,Op03,B15,69298.9
PP003919,90.5,2.1,11.4,17.0,47.9,68.1,24.4,Matte,Morning,Good,Type_D,High,119,Op06,B13,48917.8
PP003920,180.0,8.9,14.2,30.3,65.6,81.4,26.7,Matte,Afternoon,Poor,Type_A,Medium,106,Op04,B19,59783.3
PP003921,116.0,2.2,21.3,24.4,42.1,89.7,29.9,Standard,Morning,Average,Type_D,Medium,243,Op06,B06,116856.2
PP003922,70.1,0.8,11.4,,63.0,61.7,38.3,Standard,Morning,Average,Type_B,Medium,189,Op08,B02,36493.1
PP003923,121.5,1.9,6.5,26.2,37.1,96.7,39.0,Matte,Afternoon,Average,Type_D,Low,164,Op08,B12,36325.3
PP003924,73.2,2.5,14.7,29.0,20.0,92.2,32.9,Standard,Morning,Good,Type_D,Medium,42,Op08,B07,50102.0
PP003925,91.0,12.5,14.3,23.6,42.0,90.0,39.4,Standard,Morning,Good,Type_A,Medium,326,Op02,B10,65736.7
PP003926,158.5,2.8,8.7,24.0,54.6,80.9,53.3,Cardstock,Morning,Good,Type_B,Medium,120,Op06,B11,68576.5
PP003927,115.5,4.8,7.2,31.5,48.4,98.5,33.5,Standard,Morning,Good,Type_D,Low,311,Op09,B10,41482.2
PP003928,119.5,7.4,11.4,24.9,48.8,71.2,20.2,Matte,Morning,Average,Type_A,Medium,8,Op06,B20,70848.0
PP003929,151.8,15.0,14.7,26.2,45.3,88.5,47.1,Matte,Morning,Average,Type_C,High,66,Op05,B19,94303.3
PP003930,180.0,3.3,18.1,26.7,71.9,92.2,21.6,Matte,Night,Good,Type_A,Medium,258,Op03,B05,112572.7
PP003931,126.9,2.7,11.4,27.8,66.5,86.8,13.2,Matte,Night,Good,Type_C,Low,214,Op01,B09,72726.0
PP003932,80.1,7.5,10.7,25.1,47.3,84.3,28.8,Matte,Afternoon,Average,Type_D,High,177,Op05,B05,40762.4
PP003933,114.0,1.8,11.3,22.7,59.0,85.0,51.0,Standard,Afternoon,Average,Type_B,Low,354,Op02,B16,61771.4
PP003934,126.2,1.5,12.9,18.9,,80.7,21.1,Matte,Afternoon,Good,Type_A,Low,331,Op01,B09,83367.5
PP003935,111.2,0.6,13.6,35.2,47.5,85.9,32.7,Matte,Night,Good,Type_C,Medium,175,Op07,B03,73549.0
PP003936,137.8,3.9,14.1,22.3,,91.8,27.2,Glossy,Morning,Good,Type_D,High,86,Op07,B16,112936.1
PP003937,92.0,2.9,13.9,25.8,41.2,91.1,24.8,Cardstock,Afternoon,Average,Type_B,Low,196,Op01,B04,52531.8
PP003938,176.5,0.3,20.9,24.8,42.9,90.3,27.3,Matte,Afternoon,Good,Type_B,Medium,225,Op06,B01,153768.5
PP003939,132.6,2.9,16.3,26.4,53.1,96.9,48.6,Glossy,Afternoon,Good,Type_B,Medium,226,Op10,B18,121028.6
PP003940,63.1,0.0,6.2,24.6,83.3,80.7,17.6,Matte,Night,Average,Type_A,Low,264,Op08,B04,13547.6
PP003941,116.6,6.6,18.3,18.3,47.6,79.0,45.3,Glossy,Afternoon,Poor,Type_D,High,192,Op07,B01,83226.0
PP003942,140.0,5.9,19.6,22.6,57.1,95.2,15.3,Standard,Afternoon,Average,Type_B,Medium,324,Op10,B01,148684.7
PP003943,130.3,1.7,7.4,22.5,36.5,84.1,40.3,Standard,Night,Good,Type_A,Medium,297,Op06,B01,53795.9
PP003944,167.3,15.0,10.1,32.3,51.8,95.1,85.8,Standard,Night,Average,Type_A,Medium,193,Op04,B15,52843.6
PP003945,82.3,15.0,15.8,,46.3,90.1,23.1,Glossy,Afternoon,Average,Type_A,High,69,Op07,B13,49188.7
PP003946,65.0,2.3,10.0,27.5,53.0,88.5,25.4,Glossy,Morning,Good,Type_B,Low,287,Op10,B04,27732.6
PP003947,144.2,5.6,12.6,20.8,54.6,82.3,32.7,Matte,Afternoon,Average,Type_A,Low,302,Op09,B11,90540.1
PP003948,102.0,0.4,8.5,26.5,59.6,90.0,22.8,Glossy,Night,Average,Type_D,Low,252,Op05,B11,39609.7
PP003949,103.9,7.9,12.6,26.0,,85.3,20.3,Standard,Morning,Good,Type_D,Medium,94,Op02,B04,70113.5
PP003950,143.9,0.8,10.4,20.3,39.3,54.9,57.5,Matte,Morning,Average,Type_C,Medium,173,Op08,B13,74328.0
PP003951,83.9,1.2,8.2,30.0,65.6,87.9,22.8,Matte,Morning,Good,Type_A,High,2,Op01,B01,37549.7
PP003952,71.8,12.8,12.8,16.6,35.8,84.0,50.5,Cardstock,Morning,Poor,Type_B,High,193,Op05,B19,15426.8
PP003953,78.2,4.4,12.3,15.0,48.3,87.3,18.8,Standard,Night,Average,Type_A,Medium,112,Op02,B15,40676.7
PP003954,139.0,4.1,15.0,23.6,20.0,63.6,41.0,Cardstock,Afternoon,Poor,Type_C,Medium,39,Op04,B06,70815.2
PP003955,110.6,0.9,7.5,22.8,64.9,54.1,40.0,Standard,Night,Good,Type_B,Medium,49,Op01,B05,40791.2
PP003956,91.2,3.0,11.2,27.9,64.6,80.7,71.9,Matte,Morning,Poor,Type_C,Medium,25,Op06,B11,38461.2
PP003957,47.2,5.0,12.8,24.0,56.4,82.4,57.2,Glossy,Morning,Average,Type_B,Medium,174,Op05,B10,23491.4
PP003958,138.0,7.3,11.8,19.5,43.0,69.7,35.9,Glossy,Afternoon,Good,Type_D,Medium,117,Op03,B17,82694.9
PP003959,80.2,5.6,14.3,25.9,70.1,81.2,20.4,Glossy,Night,Average,Type_D,High,95,Op07,B20,47254.3
PP003960,136.8,8.8,10.5,27.5,47.4,73.7,10.0,Standard,Morning,Average,Type_A,Medium,355,Op05,B13,77611.0
PP003961,101.5,1.1,13.4,26.4,60.8,86.0,23.5,Standard,Night,Poor,Type_C,High,302,Op04,B15,61166.3
PP003962,124.9,0.2,14.6,25.7,63.2,88.9,34.2,Cardstock,Afternoon,Good,Type_A,High,33,Op03,B19,98217.0
PP003963,91.9,7.3,6.1,21.9,49.7,78.0,24.8,Standard,Morning,Good,Type_C,Medium,118,Op05,B10,28829.1
PP003964,126.3,0.0,17.2,20.6,74.4,88.6,41.7,Standard,Morning,Good,Type_B,Medium,39,Op06,B01,119605.6
PP003965,46.5,15.0,12.1,27.2,48.3,17.3,71.8,Standard,Morning,Poor,Type_B,Medium,44,Op01,B06,1576.9
PP003966,89.7,3.2,12.2,25.4,61.7,79.6,59.7,Matte,Afternoon,Good,Type_B,Medium,39,Op02,B05,51325.3
PP003967,132.5,0.5,11.7,27.5,45.8,98.4,20.9,Glossy,Morning,Good,Type_C,High,151,Op05,B13,93295.8
PP003968,164.1,1.2,13.1,26.2,59.1,86.9,24.3,Glossy,Night,Good,Type_B,High,214,Op04,B13,115601.0
PP003969,130.8,14.0,8.2,26.5,40.9,95.4,13.1,Matte,Night,Average,Type_A,High,284,Op05,B16,51786.4
PP003970,92.4,0.5,11.1,28.7,60.5,82.5,36.3,Standard,Afternoon,Good,Type_D,Medium,91,Op01,B03,52141.2
PP003971,94.4,1.4,8.9,24.6,59.0,67.4,22.7,Standard,Night,Good,Type_C,Medium,9,Op05,B09,43555.2
PP003972,118.2,1.6,6.8,29.2,60.4,95.4,34.2,Matte,Afternoon,Good,Type_B,High,187,Op03,B08,44658.9
PP003973,75.8,1.0,11.5,19.4,35.3,,56.6,Matte,Afternoon,Good,Type_D,Medium,208,Op05,B05,40232.5
PP003974,149.2,0.1,18.5,28.1,45.8,89.9,12.3,Standard,Night,Average,Type_C,Medium,223,Op02,B07,148652.6
PP003975,180.0,0.8,7.6,25.2,68.1,74.3,52.7,Standard,Afternoon,Good,Type_B,Medium,17,Op02,B01,52746.8
PP003976,98.3,8.6,10.6,21.3,54.7,65.9,17.6,Standard,Afternoon,Average,Type_A,Medium,67,Op10,B16,50699.7
PP003977,42.1,6.3,10.4,32.6,52.9,74.9,31.9,Standard,Afternoon,Poor,Type_A,Medium,199,Op03,B17,13606.3
PP003978,89.4,6.5,11.4,26.5,50.0,91.2,25.4,Standard,Night,Average,Type_A,Medium,222,Op10,B06,52626.7
PP003979,108.5,15.0,7.5,21.7,66.6,60.8,31.4,Standard,Night,Poor,Type_A,Medium,256,Op03,B13,17380.6
PP003980,96.7,2.1,8.0,25.5,43.6,91.4,30.0,Standard,Morning,Good,Type_A,Medium,50,Op03,B19,45643.9
PP003981,155.6,2.9,14.4,30.8,42.4,85.6,31.7,Cardstock,Morning,Good,Type_B,High,327,Op06,B15,116528.2
PP003982,148.3,4.8,12.3,30.2,67.4,74.1,18.0,Standard,Morning,Good,Type_B,Medium,48,Op07,B08,104467.5
PP003983,88.2,9.7,9.2,21.7,57.9,86.9,59.4,Glossy,Night,Average,Type_D,Medium,302,Op09,B12,31430.3
PP003984,154.4,5.0,6.3,25.9,37.8,84.0,43.8,Glossy,Night,Good,Type_A,Low,73,Op09,B08,38568.6
PP003985,170.3,0.7,5.1,23.0,41.1,97.7,54.9,Matte,Morning,Average,Type_A,Low,59,Op03,B10,24644.6
PP003986,60.4,3.8,11.6,21.5,52.0,76.4,53.3,Standard,Night,Average,Type_A,High,114,Op09,B04,32788.8
PP003987,107.4,5.8,20.1,20.9,39.4,99.2,25.1,Standard,Afternoon,Good,Type_C,Medium,209,Op06,B02,108178.9
PP003988,119.3,3.5,6.9,24.8,41.1,73.6,18.9,Cardstock,Morning,Good,Type_A,High,26,Op06,B03,44664.4
PP003989,162.1,3.9,7.3,21.3,39.8,65.6,33.8,Cardstock,Morning,Good,Type_A,Low,348,Op08,B06,43476.2
PP003990,64.2,0.8,9.4,21.8,24.7,87.4,38.0,Cardstock,Afternoon,Good,Type_B,Medium,139,Op09,B05,24348.9
PP003991,104.7,1.5,6.9,,57.6,95.2,20.5,Standard,Morning,Good,Type_A,Low,125,Op07,B19,39676.5
PP003992,92.4,5.4,19.9,,,94.6,45.4,Standard,Night,Good,Type_C,High,91,Op02,B03,84933.8
PP003993,86.4,14.2,10.3,,49.9,96.7,28.3,Standard,Morning,Good,Type_D,Medium,299,Op10,B18,38927.7
PP003994,108.5,2.9,12.1,30.5,79.2,87.4,20.2,Glossy,Afternoon,Good,Type_A,Low,229,Op02,B17,57526.3
PP003995,139.7,15.0,9.3,32.0,41.0,99.0,21.6,Cardstock,Night,Average,Type_A,Medium,255,Op07,B01,50608.9
PP003996,135.9,4.4,12.7,18.9,67.3,81.9,18.4,Cardstock,Afternoon,Average,Type_D,Medium,157,Op07,B18,80918.4
PP003997,158.7,8.5,13.8,15.0,45.5,78.7,51.3,Glossy,Morning,Poor,Type_D,Low,204,Op07,B20,42624.8
PP003998,98.8,1.1,11.2,22.7,38.1,67.0,21.1,Glossy,Afternoon,Good,Type_B,Low,129,Op10,B06,49715.4
PP003999,119.9,1.3,9.3,20.0,50.8,99.6,39.1,Matte,Night,Good,Type_D,Medium,140,Op03,B11,60962.8
PP004000,132.4,9.4,11.8,16.4,72.2,37.3,47.9,Matte,Morning,Poor,Type_B,Medium,290,Op09,B13,37614.0
PP004001,162.9,2.0,11.5,21.2,44.7,44.8,48.8,Matte,Afternoon,Good,Type_C,Medium,289,Op10,B15,69385.1
PP004002,85.7,3.2,14.6,20.0,36.4,69.7,34.2,Standard,Night,Good,Type_C,Medium,115,Op03,B08,58424.3
PP004003,115.8,3.3,6.5,23.1,34.7,87.4,44.8,Cardstock,Afternoon,Good,Type_A,Medium,50,Op09,B13,36332.7
PP004004,83.2,4.1,17.0,23.1,81.2,86.5,21.2,Glossy,Afternoon,Good,Type_A,Medium,118,Op09,B18,61144.0
PP004005,127.9,2.9,12.2,23.1,56.6,,22.9,Glossy,Afternoon,Good,Type_C,High,87,Op02,B12,89318.0
PP004006,64.5,8.0,11.0,26.0,44.6,60.7,29.5,Standard,Morning,Average,Type_C,Medium,257,Op04,B11,29030.4
PP004007,76.4,5.2,6.7,27.4,66.2,98.4,14.8,Matte,Night,Average,Type_D,Low,286,Op07,B20,19906.8
PP004008,115.9,7.5,11.8,28.0,60.9,91.9,74.8,Glossy,Afternoon,Average,Type_B,Medium,147,Op09,B07,63440.7
PP004009,78.8,3.4,7.9,29.4,47.6,24.2,18.0,Glossy,Afternoon,Good,Type_A,Medium,298,Op03,B07,20146.7
PP004010,125.4,14.5,13.5,23.8,34.6,81.8,14.3,Glossy,Morning,Poor,Type_D,High,86,Op01,B11,43853.3
PP004011,87.7,6.0,7.9,25.4,63.2,78.7,42.5,Standard,Afternoon,Good,Type_A,High,292,Op09,B08,35584.0
PP004012,39.6,4.0,9.2,29.6,64.2,59.5,49.4,Glossy,Afternoon,Average,Type_C,Medium,180,Op10,B04,10917.8
PP004013,91.5,5.4,10.3,27.4,34.8,93.0,25.8,Matte,Morning,Average,Type_D,Medium,110,Op08,B14,46537.6
PP004014,150.0,6.5,6.5,24.0,52.6,72.5,20.4,Cardstock,Afternoon,Average,Type_A,Medium,228,Op04,B10,49712.4
PP004015,127.8,1.0,11.7,28.5,,78.0,31.3,Matte,Night,Average,Type_A,Medium,67,Op07,B11,69953.1
PP004016,133.2,11.0,10.6,29.4,56.4,85.9,39.5,Matte,Morning,Average,Type_A,Medium,273,Op08,B15,69681.6
PP004017,30.0,15.0,17.9,30.0,71.2,71.4,26.2,Cardstock,Night,Poor,Type_A,Medium,265,Op01,B07,1594.0
PP004018,98.0,1.3,13.0,30.7,55.1,80.7,19.4,Matte,Morning,Good,Type_D,High,304,Op09,B09,68157.0
PP004019,134.2,3.2,9.0,24.4,66.9,79.5,71.9,Standard,Night,Good,Type_D,High,318,Op09,B04,61327.7
PP004020,106.4,3.4,15.1,22.7,48.1,95.0,14.2,Standard,Night,Poor,Type_B,Low,216,Op03,B05,68025.9
PP004021,141.3,3.1,5.1,15.0,61.4,89.2,33.8,Standard,Night,Good,Type_D,Medium,15,Op07,B05,35962.2
PP004022,131.1,13.9,16.5,28.6,,89.1,16.7,Cardstock,Afternoon,Average,Type_B,Medium,72,Op07,B01,75998.6
PP004023,97.0,15.0,6.4,27.0,52.9,85.8,31.2,Standard,Night,Poor,Type_C,Medium,337,Op09,B12,13948.8
PP004024,146.3,0.9,10.1,27.6,63.2,91.9,42.9,Standard,Morning,Good,Type_B,Medium,138,Op05,B06,91043.4
PP004025,163.8,0.9,22.4,31.0,72.5,37.4,24.7,Standard,Morning,Good,Type_C,Medium,91,Op10,B10,89511.6
PP004026,139.8,2.5,11.9,,68.7,99.3,93.3,Matte,Afternoon,Good,Type_A,Medium,6,Op08,B11,85818.9
PP004027,136.1,3.4,13.3,21.1,47.0,93.3,35.1,Glossy,Night,Average,Type_C,Medium,102,Op09,B20,94763.3
PP004028,76.1,0.9,12.6,31.1,70.8,83.4,33.9,Standard,Night,Good,Type_A,Medium,83,Op06,B07,43522.0
PP004029,120.1,0.1,7.1,26.5,42.9,95.6,39.0,Cardstock,Afternoon,Good,Type_B,High,230,Op02,B10,45368.7
PP004030,124.0,0.4,8.8,29.4,53.3,91.7,31.1,Cardstock,Morning,Average,Type_C,Medium,9,Op01,B20,55063.2
PP004031,83.1,8.2,9.8,29.4,55.2,75.6,27.1,Standard,Night,Good,Type_C,High,196,Op10,B13,40477.5
PP004032,104.2,1.0,8.3,29.5,57.8,71.3,35.3,Glossy,Morning,Average,Type_B,High,252,Op06,B16,44127.0
PP004033,93.8,12.6,9.5,26.4,46.4,94.9,26.9,Glossy,Night,Average,Type_C,Medium,73,Op02,B13,35155.0
PP004034,154.4,3.4,7.0,29.6,60.0,97.0,20.5,Glossy,Afternoon,Average,Type_C,High,70,Op05,B14,57757.6
PP004035,82.2,3.3,16.3,25.1,50.7,,37.1,Cardstock,Night,Good,Type_A,Medium,35,Op09,B10,59824.2
PP004036,121.8,1.0,13.0,27.8,45.9,93.4,54.9,Standard,Night,Good,Type_D,High,212,Op05,B19,89603.5
PP004037,113.5,2.8,9.4,19.2,50.1,99.4,24.0,Glossy,Afternoon,Good,Type_A,Medium,203,Op08,B02,59770.2
PP004038,132.3,2.3,8.7,26.8,,62.3,51.1,Cardstock,Night,Good,Type_A,Low,49,Op03,B17,50293.7
PP004039,113.4,2.8,20.6,28.0,48.2,70.2,41.0,Standard,Afternoon,Average,Type_A,High,294,Op09,B10,119946.2
PP004040,86.1,9.1,8.7,24.8,36.1,85.1,17.8,Cardstock,Night,Average,Type_B,Medium,242,Op08,B14,29386.7
PP004041,122.9,13.2,6.1,15.7,57.2,85.1,27.1,Glossy,Afternoon,Average,Type_D,High,236,Op04,B16,29391.7
PP004042,177.8,5.0,7.6,22.4,64.7,81.2,17.2,Glossy,Night,Good,Type_C,High,40,Op07,B04,54062.3
PP004043,130.1,3.0,18.2,19.4,66.8,89.2,19.2,Standard,Afternoon,Good,Type_A,High,239,Op01,B17,131158.6
PP004044,148.7,6.7,16.1,29.2,42.2,70.3,21.6,Standard,Night,Average,Type_C,Medium,68,Op06,B17,120308.4
PP004045,63.3,1.4,8.0,25.2,49.9,51.8,62.7,Standard,Night,Good,Type_A,Medium,187,Op08,B02,20871.9
PP004046,173.3,9.8,8.8,22.0,54.9,92.8,44.6,Glossy,Morning,Average,Type_A,Medium,263,Op04,B10,65336.5
PP004047,153.9,4.2,11.1,24.0,77.4,90.4,47.3,Glossy,Morning,Good,Type_D,Medium,110,Op07,B13,79842.7
PP004048,111.4,6.3,7.5,20.6,30.5,75.0,36.2,Cardstock,Afternoon,Poor,Type_A,Medium,214,Op10,B16,32167.3
PP004049,137.8,1.9,7.2,17.9,40.1,77.8,32.7,Standard,Night,Good,Type_A,High,96,Op06,B18,57001.4
PP004050,170.8,2.7,7.5,19.6,68.3,97.4,33.7,Cardstock,Morning,Good,Type_A,Medium,57,Op04,B16,61669.1
PP004051,113.0,8.3,9.5,27.0,50.8,68.1,22.3,Standard,Morning,Average,Type_A,Low,300,Op03,B08,51012.8
PP004052,79.6,5.2,9.5,21.7,67.1,94.2,27.8,Cardstock,Morning,Average,Type_B,Low,121,Op03,B15,30556.8
PP004053,141.6,1.3,5.7,25.9,,94.2,36.5,Standard,Night,Good,Type_A,Medium,58,Op04,B03,46789.8
PP004054,107.3,6.8,7.4,23.2,57.5,95.1,32.1,Glossy,Night,Good,Type_C,Medium,113,Op01,B11,40847.3
PP004055,131.6,5.5,10.9,21.5,33.2,89.7,22.5,Standard,Morning,Average,Type_B,Medium,108,Op01,B02,81171.4
PP004056,104.6,2.4,7.1,18.6,43.5,80.9,18.3,Cardstock,Morning,Good,Type_B,Medium,16,Op10,B16,38687.5
PP004057,65.5,3.3,8.7,,65.4,87.6,24.5,Standard,Morning,Good,Type_B,Medium,264,Op08,B20,29783.6
PP004058,99.6,1.2,22.4,18.9,49.2,94.4,20.3,Matte,Afternoon,Good,Type_B,Medium,4,Op10,B06,102912.4
PP004059,132.1,0.9,9.7,23.2,48.3,71.8,18.6,Matte,Afternoon,Good,Type_C,Medium,181,Op06,B13,70706.7
PP004060,79.0,7.7,7.8,32.3,34.4,80.7,21.2,Glossy,Night,Average,Type_D,Medium,341,Op07,B13,25126.0
PP004061,167.7,5.7,9.5,25.0,36.5,96.8,21.4,Glossy,Morning,Poor,Type_C,Medium,323,Op09,B09,64191.6
PP004062,49.4,1.4,13.0,26.6,47.4,86.1,43.8,Glossy,Afternoon,Good,Type_D,Medium,213,Op01,B10,25674.3
PP004063,86.2,15.0,13.5,25.4,55.8,76.9,32.9,Standard,Afternoon,Poor,Type_C,Medium,90,Op02,B05,25168.3
PP004064,123.5,0.5,7.7,26.6,39.5,64.4,49.3,Standard,Morning,Average,Type_C,Medium,365,Op04,B01,48284.8
PP004065,121.0,0.7,12.0,28.3,53.5,98.9,31.6,Standard,Morning,Poor,Type_A,Medium,120,Op05,B05,74944.4
PP004066,140.6,0.5,7.4,24.6,,35.3,33.8,Matte,Night,Good,Type_A,High,185,Op01,B06,47241.3
PP004067,120.2,11.6,8.0,28.9,61.8,63.3,40.3,Standard,Night,Average,Type_B,Low,80,Op08,B13,36820.4
PP004068,167.2,3.9,10.0,16.5,46.3,70.9,10.3,Standard,Afternoon,Good,Type_D,Medium,57,Op08,B15,79658.6
PP004069,99.5,5.8,10.2,23.4,49.2,86.2,38.3,Glossy,Night,Good,Type_B,Low,300,Op04,B12,44896.1
PP004070,134.3,0.4,13.2,22.5,60.7,63.8,50.2,Standard,Morning,Good,Type_A,Medium,220,Op09,B02,97412.3
PP004071,93.6,2.6,15.5,24.1,61.5,91.4,24.9,Standard,Afternoon,Good,Type_B,High,126,Op05,B01,81374.6
PP004072,152.4,8.8,12.7,23.1,72.7,89.0,10.6,Standard,Night,Good,Type_D,Low,54,Op09,B16,74011.3
PP004073,108.6,0.7,12.0,21.1,,74.8,46.2,Cardstock,Afternoon,Good,Type_B,Medium,124,Op10,B08,61139.2
PP004074,105.3,1.5,10.4,23.2,48.0,91.3,57.6,Standard,Morning,Good,Type_C,Medium,147,Op01,B05,61808.8
PP004075,114.8,1.7,10.8,,61.4,56.8,39.3,Standard,Afternoon,Good,Type_B,Low,25,Op05,B02,61529.9
PP004076,85.7,3.3,9.0,27.6,51.0,88.7,22.7,Standard,Morning,Good,Type_C,Medium,69,Op06,B08,42489.4
PP004077,102.9,2.0,11.7,27.4,34.4,93.7,29.1,Cardstock,Morning,Average,Type_A,High,128,Op09,B02,60621.0
PP004078,63.6,15.0,9.5,23.2,46.8,78.7,19.0,Cardstock,Night,Average,Type_C,Medium,142,Op01,B12,15729.3
PP004079,105.2,0.9,10.1,22.2,57.3,73.2,35.1,Standard,Afternoon,Good,Type_A,Low,311,Op02,B03,51803.3
PP004080,112.7,2.6,11.2,,46.5,80.7,45.0,Standard,Afternoon,Good,Type_A,Medium,361,Op10,B16,71028.1
PP004081,135.8,3.3,8.0,28.2,58.2,95.5,38.0,Matte,Night,Good,Type_D,Low,143,Op10,B18,53771.2
PP004082,101.4,0.5,4.7,25.6,59.2,85.6,63.9,Cardstock,Night,Average,Type_A,Medium,295,Op10,B08,18237.5
PP004083,73.5,2.7,7.8,,38.1,78.6,82.7,Standard,Morning,Good,Type_D,Low,185,Op06,B13,21489.8
PP004084,113.6,0.7,6.7,25.7,43.3,84.4,36.1,Matte,Afternoon,Good,Type_D,Medium,164,Op03,B08,41793.4
PP004085,95.7,4.9,7.9,20.7,,97.1,57.5,Glossy,Night,Average,Type_A,Low,168,Op08,B02,31821.7
PP004086,85.4,1.2,9.8,29.2,48.4,89.7,61.6,Matte,Morning,Good,Type_A,Medium,21,Op01,B11,40839.5
PP004087,170.7,0.3,7.8,21.5,61.5,93.1,47.6,Standard,Night,Good,Type_C,Medium,23,Op01,B17,64120.3
PP004088,107.3,6.4,14.0,,46.7,70.5,25.8,Matte,Afternoon,Average,Type_B,Medium,63,Op04,B09,70432.9
PP004089,180.0,4.0,5.9,,32.0,67.1,63.7,Cardstock,Morning,Average,Type_B,Low,158,Op10,B07,15229.7
PP004090,103.4,1.9,7.3,26.7,50.5,64.9,27.6,Standard,Morning,Good,Type_B,High,247,Op06,B12,41864.1
PP004091,80.9,0.7,16.6,28.1,47.4,93.8,53.4,Cardstock,Night,Good,Type_B,Medium,295,Op01,B17,60138.9
PP004092,107.1,2.3,12.1,19.5,49.2,93.2,29.8,Glossy,Night,Good,Type_A,Medium,28,Op02,B19,67427.8
PP004093,88.5,0.3,12.1,30.3,53.9,90.1,30.9,Matte,Morning,Average,Type_B,High,198,Op03,B02,54084.1
PP004094,139.3,2.7,12.8,28.9,47.0,97.0,27.8,Glossy,Night,Good,Type_D,High,50,Op06,B19,101902.3
PP004095,98.8,8.4,12.4,35.1,57.5,98.1,58.2,Glossy,Morning,Average,Type_D,Medium,218,Op03,B17,51052.5
PP004096,116.1,14.9,7.5,22.0,71.3,76.3,23.9,Standard,Morning,Average,Type_C,Medium,76,Op09,B11,35256.6
PP004097,141.1,13.6,19.8,25.8,41.6,29.0,46.7,Matte,Afternoon,Good,Type_A,High,250,Op08,B09,89769.3
PP004098,112.1,2.2,7.0,28.1,59.5,15.4,63.0,Cardstock,Morning,Good,Type_C,Low,58,Op08,B07,15291.8
PP004099,121.8,3.8,6.7,21.8,41.9,95.8,37.2,Matte,Afternoon,Good,Type_B,Medium,92,Op06,B18,46971.5
PP004100,96.5,3.8,20.5,22.7,55.9,74.0,59.3,Glossy,Morning,Average,Type_B,Low,4,Op02,B18,78939.7
PP004101,145.6,8.0,8.3,26.8,66.3,71.0,61.2,Standard,Night,Average,Type_A,High,210,Op03,B09,59574.8
PP004102,169.6,15.0,11.8,30.1,62.6,88.9,35.0,Standard,Night,Poor,Type_B,Medium,216,Op03,B13,39537.0
PP004103,109.0,0.1,7.3,26.0,73.0,61.5,19.1,Standard,Morning,Good,Type_D,Medium,194,Op03,B07,40564.1
PP004104,84.4,0.6,8.7,34.7,43.1,86.9,32.7,Cardstock,Morning,Good,Type_C,Medium,321,Op01,B14,32701.7
PP004105,119.8,3.3,11.4,27.1,51.7,88.6,19.1,Standard,Afternoon,Good,Type_A,Medium,267,Op06,B08,83286.0
PP004106,171.7,1.3,20.9,24.3,48.6,87.0,48.9,Matte,Night,Good,Type_C,High,21,Op06,B12,152660.1
PP004107,109.6,2.8,7.4,16.9,41.5,88.4,41.1,Cardstock,Morning,Good,Type_C,High,64,Op06,B14,38305.0
PP004108,163.0,8.5,14.6,25.3,45.5,78.0,20.6,Cardstock,Afternoon,Good,Type_C,Medium,160,Op03,B12,112025.9
PP004109,88.2,8.9,14.5,,55.1,85.6,32.9,Glossy,Afternoon,Average,Type_A,Low,135,Op03,B06,49260.2
PP004110,110.6,4.0,6.2,29.0,46.4,86.8,60.2,Glossy,Afternoon,Average,Type_C,Low,164,Op04,B12,26860.4
PP004111,149.4,3.6,5.1,31.9,48.2,,68.0,Cardstock,Night,Poor,Type_A,Low,237,Op10,B05,14220.0
PP004112,125.1,6.0,12.7,27.3,50.6,79.5,27.9,Standard,Night,Good,Type_D,High,96,Op07,B12,90184.8
PP004113,101.9,1.7,20.1,24.4,,67.2,33.2,Cardstock,Afternoon,Good,Type_C,High,125,Op10,B09,83197.5
PP004114,172.4,0.9,4.8,21.6,62.6,,30.2,Matte,Afternoon,Average,Type_D,Medium,17,Op10,B06,34869.6
PP004115,115.1,1.2,15.9,26.9,54.7,91.2,47.2,Matte,Morning,Average,Type_A,Medium,26,Op06,B12,101434.6
PP004116,120.3,12.6,7.2,26.6,45.1,89.3,17.1,Cardstock,Night,Good,Type_D,Medium,237,Op09,B14,40295.8
PP004117,108.2,0.4,5.5,28.2,46.1,68.2,44.4,Cardstock,Night,Good,Type_C,Medium,24,Op02,B14,25178.7
PP004118,89.1,0.2,12.2,24.1,72.4,95.4,26.3,Glossy,Night,Good,Type_D,High,222,Op04,B17,50253.8
PP004119,122.3,10.1,6.7,16.1,70.1,86.5,29.0,Cardstock,Night,Good,Type_C,Medium,306,Op09,B15,32738.2
PP004120,157.4,5.7,7.5,22.6,63.8,84.1,24.6,Standard,Morning,Good,Type_A,Low,55,Op10,B02,54534.8
PP004121,112.2,7.8,5.6,27.9,71.1,79.7,37.3,Standard,Afternoon,Good,Type_D,Medium,265,Op05,B06,30217.7
PP004122,156.1,2.1,10.5,27.2,52.3,87.6,91.1,Cardstock,Afternoon,Good,Type_A,Low,177,Op10,B10,59014.7
PP004123,88.5,0.5,9.2,,40.4,91.4,31.8,Standard,Night,Good,Type_D,Low,325,Op02,B18,38480.5
PP004124,122.9,2.5,18.0,32.3,32.6,11.3,39.2,Standard,Night,Good,Type_A,High,14,Op06,B16,51699.5
PP004125,137.2,0.2,13.8,27.7,65.7,75.6,31.6,Glossy,Morning,Average,Type_A,High,350,Op03,B14,104614.5
PP004126,132.6,1.9,6.4,,40.0,67.2,21.4,Cardstock,Afternoon,Good,Type_A,Low,88,Op05,B18,39679.1
PP004127,110.3,5.5,13.2,26.1,51.4,64.4,49.2,Glossy,Morning,Poor,Type_B,Medium,4,Op05,B19,57983.4
PP004128,54.1,4.0,11.7,22.2,58.2,76.3,31.8,Standard,Afternoon,Good,Type_C,Low,308,Op09,B07,26594.5
PP004129,111.3,0.4,7.1,27.3,56.2,96.8,47.6,Standard,Afternoon,Good,Type_A,Medium,229,Op09,B11,46050.4
PP004130,144.9,6.1,14.9,32.5,31.5,97.1,10.0,Matte,Morning,Average,Type_A,Medium,126,Op02,B05,115324.6
PP004131,136.4,5.0,12.1,30.6,36.6,95.8,37.2,Matte,Afternoon,Average,Type_A,Medium,32,Op03,B07,88055.4
PP004132,112.6,1.3,17.1,28.4,56.9,96.7,25.3,Standard,Afternoon,Average,Type_C,High,112,Op06,B08,102623.8
PP004133,159.7,2.9,9.8,27.6,65.9,66.0,52.0,Standard,Afternoon,Average,Type_B,Medium,182,Op05,B08,71633.6
PP004134,81.7,2.0,10.2,30.5,65.4,62.6,56.5,Matte,Morning,Average,Type_A,Medium,78,Op09,B13,35134.5
PP004135,129.5,1.9,9.4,24.6,35.8,74.6,28.1,Standard,Night,Good,Type_C,Medium,241,Op08,B09,65216.4
PP004136,169.4,7.3,6.6,23.2,45.5,93.4,25.2,Cardstock,Afternoon,Good,Type_D,Low,39,Op07,B14,39720.9
PP004137,166.7,2.1,20.1,,45.9,90.5,12.1,Matte,Morning,Good,Type_A,High,137,Op07,B01,180823.5
PP004138,179.4,2.1,9.4,22.3,48.0,79.1,21.4,Standard,Morning,Average,Type_B,High,52,Op09,B10,74845.6
PP004139,76.4,0.7,7.9,25.5,43.3,74.5,52.5,Cardstock,Night,Good,Type_A,Low,219,Op02,B10,21922.4
PP004140,103.1,5.0,7.8,21.7,42.2,92.4,70.0,Matte,Afternoon,Good,Type_C,Medium,125,Op01,B18,37089.5
PP004141,121.1,2.0,14.3,22.8,49.3,96.2,34.1,Standard,Afternoon,Good,Type_B,High,298,Op01,B02,104223.4
PP004142,142.2,2.2,14.6,,46.4,89.0,79.4,Standard,Morning,Good,Type_B,High,289,Op05,B11,124877.8
PP004143,77.8,4.4,5.8,27.9,,66.6,39.1,Glossy,Afternoon,Average,Type_A,High,1,Op09,B06,19849.4
PP004144,125.5,11.1,10.6,22.7,27.1,38.0,13.6,Standard,Afternoon,Good,Type_C,Medium,358,Op01,B05,56705.5
PP004145,89.3,6.1,5.0,23.9,44.1,96.4,41.6,Matte,Morning,Average,Type_A,Medium,303,Op04,B17,20868.0
PP004146,112.6,0.2,15.3,28.6,69.2,86.0,40.1,Standard,Morning,Average,Type_D,Medium,15,Op05,B05,85986.0
PP004147,64.4,4.0,9.9,26.6,52.4,12.6,51.5,Standard,Afternoon,Good,Type_A,Low,118,Op02,B07,12514.6
PP004148,136.2,0.9,13.1,18.8,53.8,70.8,56.5,Standard,Night,Average,Type_D,Medium,159,Op03,B13,85819.1
PP004149,54.4,0.6,9.3,20.2,50.3,10.1,35.5,Standard,Night,Average,Type_B,Low,15,Op01,B07,5167.9
PP004150,128.5,2.4,15.5,22.2,62.6,21.6,34.9,Standard,Night,Good,Type_A,Medium,77,Op04,B02,66217.8
PP004151,75.7,0.8,17.0,20.4,42.0,95.4,14.1,Cardstock,Afternoon,Good,Type_D,Medium,117,Op04,B06,57572.1
PP004152,90.1,1.6,7.4,25.6,69.7,90.3,36.9,Matte,Night,Good,Type_B,High,296,Op08,B18,33618.6
PP004153,135.0,11.2,10.2,32.7,57.3,94.8,19.3,Glossy,Night,Poor,Type_C,Medium,296,Op03,B10,45953.7
PP004154,125.6,10.2,8.9,19.8,55.9,98.6,28.3,Cardstock,Morning,Average,Type_D,Medium,314,Op01,B05,52074.8
PP004155,75.6,0.7,14.0,,45.2,76.5,28.5,Glossy,Afternoon,Good,Type_A,Medium,312,Op02,B16,51780.9
PP004156,38.5,6.1,5.3,,58.3,86.8,52.8,Cardstock,Afternoon,Average,Type_A,Medium,17,Op05,B08,6263.6
PP004157,121.8,3.3,13.1,29.7,57.8,75.0,33.6,Standard,Morning,Good,Type_B,Medium,283,Op07,B20,91309.6
PP004158,122.1,0.3,13.0,19.4,30.6,59.9,53.1,Glossy,Night,Good,Type_C,Medium,347,Op01,B15,71996.1
PP004159,67.0,0.9,6.9,21.7,52.6,70.1,21.3,Glossy,Afternoon,Good,Type_C,Medium,58,Op05,B04,21086.5
PP004160,172.9,3.7,9.3,24.9,59.5,65.3,66.8,Matte,Morning,Good,Type_A,Medium,88,Op07,B06,70648.2
PP004161,143.5,1.7,8.2,27.8,50.4,88.5,30.4,Standard,Night,Good,Type_B,High,41,Op02,B19,71265.2
PP004162,67.7,8.5,16.7,23.5,40.7,74.4,102.1,Matte,Night,Poor,Type_A,High,38,Op04,B09,25553.5
PP004163,144.0,4.4,8.8,23.3,37.4,81.0,11.1,Matte,Afternoon,Average,Type_C,High,176,Op09,B13,75286.2
PP004164,71.8,4.3,10.0,27.9,66.2,82.2,35.0,Standard,Morning,Average,Type_A,Medium,76,Op03,B14,35451.8
PP004165,165.7,0.4,10.3,18.2,48.5,87.8,23.3,Standard,Morning,Good,Type_B,High,319,Op03,B18,95353.9
PP004166,169.6,13.5,20.8,22.9,61.5,82.0,41.9,Standard,Night,Good,Type_C,Medium,210,Op05,B17,102789.0
PP004167,172.3,13.6,17.1,25.9,27.0,81.8,38.8,Cardstock,Afternoon,Poor,Type_C,Medium,34,Op09,B17,24147.6
PP004168,74.8,0.1,10.3,25.3,38.1,86.8,28.4,Standard,Afternoon,Good,Type_D,Low,231,Op08,B06,35774.7
PP004169,104.1,3.2,16.0,24.7,67.4,96.4,27.7,Cardstock,Night,Good,Type_A,Medium,97,Op09,B01,80503.3
PP004170,74.1,2.6,13.5,25.1,26.8,93.7,41.0,Standard,Night,Good,Type_A,High,78,Op03,B02,48849.0
PP004171,84.1,5.7,15.0,26.4,47.2,83.6,42.9,Standard,Afternoon,Good,Type_A,Medium,258,Op10,B05,64762.8
PP004172,180.0,2.9,13.9,19.6,,96.8,61.5,Matte,Afternoon,Good,Type_C,Medium,82,Op06,B01,95274.5
PP004173,119.8,3.9,12.0,19.0,47.5,61.1,47.7,Glossy,Afternoon,Good,Type_C,Medium,225,Op08,B11,73212.4
PP004174,107.6,8.8,7.5,24.4,62.8,93.8,20.5,Glossy,Morning,Good,Type_A,Low,15,Op04,B12,40961.2
PP004175,109.4,0.5,12.1,20.3,33.6,96.8,24.5,Matte,Afternoon,Average,Type_A,Low,301,Op09,B19,65805.8
PP004176,88.4,13.3,10.9,25.9,44.5,64.4,23.2,Standard,Morning,Poor,Type_C,High,212,Op01,B12,24918.6
PP004177,97.7,4.8,8.7,22.1,43.9,81.2,23.2,Cardstock,Afternoon,Average,Type_C,Medium,237,Op10,B18,39171.7
PP004178,132.2,2.3,9.0,18.1,56.8,98.1,45.7,Matte,Afternoon,Good,Type_B,Medium,53,Op02,B13,65961.8
PP004179,105.5,10.8,7.0,23.0,65.1,95.4,38.7,Cardstock,Morning,Average,Type_B,Medium,81,Op05,B18,32492.0
PP004180,103.0,5.2,7.2,23.1,64.1,73.3,22.5,Matte,Morning,Poor,Type_C,Medium,165,Op01,B14,31831.5
PP004181,109.3,2.0,12.4,23.6,68.2,94.9,16.2,Standard,Morning,Good,Type_A,Medium,141,Op07,B02,81952.4
PP004182,118.6,2.0,17.8,30.2,58.3,93.6,28.4,Glossy,Afternoon,Good,Type_C,Medium,358,Op09,B10,112275.6
PP004183,109.8,0.1,12.9,20.5,56.7,86.8,56.7,Matte,Night,Average,Type_A,Medium,151,Op10,B17,70852.9
PP004184,99.3,6.2,12.4,25.0,46.6,89.1,24.0,Matte,Night,Good,Type_A,Medium,159,Op03,B09,63129.4
PP004185,101.4,5.0,19.1,21.7,49.2,98.2,31.1,Standard,Afternoon,Average,Type_D,High,128,Op10,B04,97085.7
PP004186,129.9,1.5,20.3,25.0,27.1,97.8,40.3,Matte,Morning,Good,Type_A,Low,62,Op10,B08,130160.9
PP004187,104.2,15.0,11.7,30.0,41.8,79.9,57.2,Standard,Afternoon,Good,Type_A,Medium,358,Op03,B13,52155.2
PP004188,108.5,0.5,13.4,34.0,31.2,81.9,40.3,Standard,Morning,Good,Type_D,Low,121,Op01,B04,66235.4
PP004189,93.5,1.2,7.2,22.2,57.6,86.5,44.5,Standard,Afternoon,Good,Type_D,Low,307,Op06,B16,31883.1
PP004190,112.3,2.3,10.9,24.8,63.9,95.0,50.7,Standard,Afternoon,Good,Type_D,Medium,301,Op05,B04,64325.1
PP004191,132.2,2.7,7.5,25.2,70.3,84.6,46.3,Matte,Night,Good,Type_C,Medium,227,Op10,B03,49814.9
PP004192,56.8,3.0,13.1,23.2,32.2,,21.3,Matte,Night,Good,Type_B,High,296,Op02,B14,33118.9
PP004193,121.4,2.3,8.8,22.9,53.5,37.7,60.1,Matte,Night,Good,Type_A,Low,78,Op04,B01,38085.4
PP004194,135.7,5.3,12.4,15.0,72.1,87.0,36.5,Standard,Afternoon,Good,Type_C,Medium,20,Op06,B20,79191.9
PP004195,116.0,0.4,10.5,23.9,59.0,82.8,31.8,Standard,Night,Good,Type_C,Medium,327,Op10,B12,65670.3
PP004196,95.2,1.5,3.7,30.2,29.6,66.4,67.4,Glossy,Afternoon,Good,Type_C,High,131,Op07,B05,12168.0
PP004197,145.9,5.3,6.5,21.9,30.7,98.9,40.1,Standard,Afternoon,Good,Type_A,Medium,117,Op05,B03,54293.7
PP004198,146.5,5.8,9.5,25.1,74.0,79.4,47.5,Cardstock,Night,Average,Type_C,High,296,Op01,B20,63253.1
PP004199,86.2,6.0,12.1,18.3,43.3,63.3,39.2,Glossy,Morning,Good,Type_D,Low,267,Op05,B06,40626.0
PP004200,129.9,0.2,7.2,25.1,86.5,,22.1,Glossy,Afternoon,Average,Type_C,Medium,102,Op04,B16,43139.0
PP004201,122.5,1.5,6.2,28.7,38.2,87.3,20.5,Standard,Morning,Average,Type_D,Medium,246,Op03,B19,41561.4
PP004202,49.3,7.9,12.3,27.1,62.9,88.9,28.5,Standard,Morning,Good,Type_B,High,133,Op06,B03,29028.9
PP004203,125.9,1.9,20.5,23.5,31.6,88.2,34.1,Standard,Afternoon,Average,Type_A,High,342,Op06,B04,136944.3
PP004204,70.0,5.3,9.3,20.3,62.8,88.3,31.0,Glossy,Afternoon,Poor,Type_A,Medium,102,Op04,B04,25142.4
PP004205,116.0,6.4,10.8,25.1,57.6,58.9,23.8,Matte,Night,Average,Type_A,High,351,Op08,B15,63505.9
PP004206,67.4,15.0,22.6,27.2,77.0,83.0,20.0,Cardstock,Afternoon,Good,Type_B,Low,116,Op01,B18,16499.6
PP004207,131.8,0.9,5.0,22.8,35.3,94.2,28.3,Matte,Morning,Average,Type_D,High,9,Op04,B19,35033.7
PP004208,180.0,2.1,10.1,22.9,65.7,65.9,35.7,Standard,Afternoon,Average,Type_D,Medium,314,Op08,B09,65462.9
PP004209,94.7,0.7,8.0,30.0,42.1,81.5,26.8,Glossy,Night,Average,Type_A,High,21,Op08,B05,36997.8
PP004210,84.6,15.0,13.4,29.2,59.9,79.3,48.3,Glossy,Afternoon,Average,Type_C,Low,72,Op09,B13,29745.1
PP004211,63.2,5.5,13.5,23.7,46.8,97.3,38.7,Standard,Night,Average,Type_B,Low,62,Op04,B01,35163.5
PP004212,81.8,15.0,13.3,27.5,51.5,93.9,21.9,Glossy,Afternoon,Average,Type_C,High,69,Op10,B10,40098.8
PP004213,148.4,6.1,9.7,20.9,52.9,79.7,46.5,Standard,Night,Good,Type_B,High,33,Op01,B08,78840.6
PP004214,116.4,1.2,16.0,31.0,34.7,96.5,30.1,Standard,Afternoon,Average,Type_B,Medium,133,Op02,B03,99444.2
PP004215,59.5,0.9,6.5,21.3,70.8,81.0,25.0,Glossy,Morning,Good,Type_A,Medium,58,Op06,B16,18329.3
PP004216,107.1,3.7,9.2,18.6,39.7,94.9,17.3,Matte,Afternoon,Average,Type_D,Low,146,Op10,B11,44263.4
PP004217,102.5,3.5,11.7,26.4,65.7,88.1,40.7,Matte,Morning,Good,Type_D,High,82,Op06,B11,63502.3
PP004218,134.3,3.9,7.5,17.3,50.2,88.8,21.5,Standard,Morning,Average,Type_B,High,336,Op02,B02,58978.7
PP004219,98.9,5.7,7.6,29.4,47.2,92.2,19.0,Standard,Night,Average,Type_B,High,117,Op04,B04,38910.6
PP004220,127.6,8.3,12.6,28.5,71.7,85.5,28.6,Standard,Morning,Good,Type_C,Medium,170,Op05,B03,90274.6
PP004221,111.5,0.3,7.6,22.5,34.4,88.8,65.0,Standard,Night,Good,Type_A,Low,312,Op03,B10,38420.7
PP004222,60.4,0.6,17.3,24.1,43.4,79.9,28.5,Matte,Afternoon,Good,Type_B,Medium,135,Op03,B04,48035.9
PP004223,81.3,5.4,6.4,27.9,65.7,85.1,21.1,Glossy,Morning,Average,Type_A,Medium,231,Op01,B06,24345.9
PP004224,157.0,4.5,13.2,29.4,48.0,90.8,41.0,Standard,Afternoon,Good,Type_A,High,24,Op06,B18,123237.2
PP004225,126.4,7.7,20.1,28.0,51.4,78.8,23.6,Standard,Afternoon,Average,Type_A,Medium,329,Op07,B01,128430.6
PP004226,121.0,8.7,6.0,26.6,49.3,98.3,23.5,Standard,Night,Average,Type_D,High,56,Op07,B07,38765.9
PP004227,114.3,1.3,7.0,17.7,31.0,76.0,36.3,Glossy,Afternoon,Good,Type_D,High,328,Op08,B13,39490.2
PP004228,62.3,0.0,11.4,26.5,57.3,86.8,38.1,Glossy,Night,Average,Type_A,Medium,180,Op02,B01,30195.0
PP004229,106.1,8.9,8.6,24.5,37.5,85.1,32.3,Glossy,Afternoon,Good,Type_A,High,240,Op04,B03,48992.9
PP004230,128.7,15.0,8.4,22.1,55.6,71.0,59.5,Glossy,Morning,Good,Type_C,Medium,96,Op07,B17,46005.5
PP004231,138.6,4.7,9.3,30.8,48.4,96.5,44.0,Standard,Afternoon,Average,Type_A,Medium,178,Op10,B06,72457.6
PP004232,148.7,0.1,17.8,22.9,43.9,78.7,35.5,Cardstock,Night,Good,Type_B,Low,245,Op01,B06,127863.0
PP004233,127.6,9.3,18.4,23.5,53.3,77.7,26.5,Standard,Night,Average,Type_A,Low,124,Op09,B14,94450.4
PP004234,134.3,4.9,18.4,26.7,55.0,74.8,30.8,Glossy,Afternoon,Average,Type_C,Medium,344,Op06,B08,112573.9
PP004235,97.3,1.6,7.8,23.4,55.7,99.2,25.5,Matte,Morning,Good,Type_C,Medium,284,Op06,B06,42170.8
PP004236,161.0,4.4,10.1,23.6,62.5,98.9,12.4,Standard,Morning,Good,Type_C,Medium,185,Op10,B10,91815.5
PP004237,84.4,3.8,5.9,27.5,49.5,81.7,32.2,Matte,Morning,Good,Type_A,Medium,140,Op06,B20,25064.9
PP004238,126.4,11.8,8.5,23.6,57.2,76.8,30.5,Matte,Morning,Average,Type_C,Medium,292,Op08,B15,52212.0
PP004239,107.4,0.6,9.8,29.5,43.7,95.2,21.8,Standard,Night,Poor,Type_C,Low,223,Op01,B17,42489.1
PP004240,156.2,8.9,10.5,29.0,32.0,78.4,51.2,Matte,Night,Average,Type_C,High,250,Op08,B19,68824.9
PP004241,111.4,1.1,12.7,16.8,57.2,82.8,63.9,Standard,Morning,Good,Type_D,Medium,79,Op01,B19,69126.7
PP004242,139.5,11.9,10.2,26.5,40.0,90.2,34.8,Glossy,Morning,Good,Type_A,Medium,237,Op04,B02,81175.8
PP004243,93.2,7.7,12.9,21.0,42.9,21.2,18.2,Standard,Afternoon,Average,Type_A,Medium,126,Op08,B16,35777.3
PP004244,154.3,1.1,10.5,25.5,60.3,74.4,48.4,Glossy,Afternoon,Good,Type_B,Low,10,Op08,B03,67094.1
PP004245,146.9,10.4,15.6,23.8,47.1,68.9,61.7,Standard,Morning,Poor,Type_D,High,197,Op10,B13,86929.0
PP004246,166.4,1.5,21.7,27.9,63.9,80.0,22.5,Standard,Afternoon,Good,Type_B,Medium,345,Op08,B07,167290.0
PP004247,107.0,9.3,13.0,27.1,76.8,97.1,19.2,Standard,Morning,Good,Type_B,Medium,20,Op05,B14,75759.6
PP004248,145.6,5.5,20.8,21.1,55.5,57.3,43.1,Standard,Morning,Good,Type_A,High,61,Op07,B17,168263.2
PP004249,139.4,8.9,18.1,,57.1,66.6,44.4,Standard,Night,Average,Type_C,Medium,266,Op04,B07,106910.5
PP004250,153.8,3.9,6.6,24.4,43.9,69.4,10.0,Cardstock,Night,Good,Type_D,Medium,157,Op07,B05,49310.4
PP004251,140.4,2.4,8.7,31.2,74.2,88.0,50.4,Standard,Afternoon,Good,Type_D,Medium,295,Op03,B04,63149.3
PP004252,122.9,7.1,6.0,26.7,31.5,90.2,27.0,Standard,Afternoon,Good,Type_B,Medium,134,Op06,B20,40489.1
PP004253,154.4,1.5,6.9,21.1,59.7,90.7,13.1,Standard,Night,Good,Type_C,Low,12,Op06,B19,49995.8
PP004254,30.9,15.0,18.5,20.8,39.0,89.0,36.0,Standard,Night,Poor,Type_A,Medium,260,Op03,B13,1832.5
PP004255,106.7,9.6,10.9,,48.2,87.1,25.1,Standard,Morning,Poor,Type_D,Medium,297,Op01,B15,43391.9
PP004256,89.7,2.4,16.1,16.8,38.8,67.2,20.0,Standard,Night,Average,Type_A,Medium,249,Op07,B02,62766.8
PP004257,154.1,7.3,11.9,,58.6,98.2,20.9,Glossy,Night,Good,Type_D,Low,89,Op08,B02,72949.0
PP004258,111.3,1.1,11.1,26.5,56.3,69.5,20.2,Cardstock,Night,Average,Type_C,Medium,44,Op10,B09,53952.4
PP004259,141.3,0.1,5.5,20.1,,62.5,51.6,Standard,Afternoon,Average,Type_C,Medium,141,Op10,B19,37723.1
PP004260,122.1,3.4,9.6,24.0,42.0,84.9,41.2,Standard,Afternoon,Good,Type_C,Medium,96,Op07,B20,65314.6
PP004261,152.6,14.7,11.4,19.8,58.1,93.2,18.3,Glossy,Afternoon,Poor,Type_D,High,311,Op05,B02,44832.7
PP004262,144.0,7.1,11.9,29.3,48.1,96.2,33.9,Cardstock,Afternoon,Average,Type_C,Medium,318,Op08,B16,84035.8
PP004263,117.7,5.3,10.5,31.0,48.0,55.3,18.6,Standard,Night,Good,Type_C,Low,26,Op06,B16,53568.6
PP004264,133.9,1.6,12.5,19.7,48.2,90.6,32.8,Matte,Night,Good,Type_C,Medium,285,Op01,B16,92684.8
PP004265,117.9,1.7,6.3,18.3,79.1,89.8,23.0,Standard,Morning,Good,Type_B,Low,234,Op08,B02,36689.9
PP004266,103.4,0.4,18.8,23.3,39.4,77.4,104.0,Standard,Afternoon,Good,Type_B,Medium,303,Op09,B08,86967.5
PP004267,133.8,15.0,20.5,20.8,54.3,75.5,47.0,Standard,Morning,Average,Type_B,High,42,Op07,B02,92719.2
PP004268,167.7,0.8,8.0,23.8,37.9,95.4,27.6,Cardstock,Morning,Good,Type_B,High,158,Op10,B04,68965.0
PP004269,145.5,1.9,9.1,26.8,76.5,83.7,52.9,Cardstock,Night,Average,Type_D,Medium,76,Op06,B07,56400.1
PP004270,92.5,6.2,12.1,25.8,57.1,81.6,29.1,Cardstock,Night,Average,Type_C,Medium,159,Op01,B06,47035.7
PP004271,145.0,5.0,13.3,32.6,56.1,91.0,49.2,Standard,Morning,Good,Type_A,Medium,224,Op07,B09,112016.3
PP004272,91.9,1.2,9.6,29.9,55.3,70.2,33.4,Glossy,Night,Good,Type_B,Medium,255,Op04,B02,40154.0
PP004273,30.0,2.3,8.4,34.5,20.0,95.6,38.0,Standard,Afternoon,Good,Type_A,Low,341,Op01,B02,7585.4
PP004274,86.7,0.2,8.8,30.2,,97.5,51.9,Matte,Night,Poor,Type_D,Medium,144,Op06,B08,28036.4
PP004275,122.5,2.4,11.5,25.2,46.4,87.5,69.2,Standard,Afternoon,Poor,Type_D,High,112,Op08,B14,64190.4
PP004276,70.7,0.9,16.4,25.1,49.2,83.8,23.4,Glossy,Night,Average,Type_A,Medium,53,Op03,B15,50623.4
PP004277,123.2,3.8,10.6,28.7,53.7,66.9,30.3,Standard,Afternoon,Good,Type_B,Medium,240,Op05,B12,70803.5
PP004278,154.6,4.7,7.6,21.2,70.3,80.9,32.1,Standard,Afternoon,Good,Type_C,Medium,178,Op01,B17,57499.4
PP004279,114.5,11.9,6.2,26.9,65.6,78.6,18.0,Standard,Afternoon,Average,Type_A,High,124,Op10,B14,36091.3
PP004280,131.1,8.5,8.0,31.0,57.5,93.7,18.7,Standard,Night,Average,Type_B,Medium,343,Op06,B04,53730.2
PP004281,108.0,0.7,16.3,31.0,63.6,58.2,20.7,Standard,Morning,Good,Type_B,High,64,Op08,B06,95304.4
PP004282,41.2,3.2,15.1,19.5,63.7,80.7,31.1,Glossy,Afternoon,Good,Type_C,Medium,184,Op02,B07,23984.3
PP004283,124.8,5.3,8.4,20.9,42.1,85.0,20.7,Glossy,Night,Good,Type_A,Medium,105,Op04,B05,57687.0
PP004284,92.8,9.7,7.1,15.0,42.7,95.5,68.1,Matte,Morning,Average,Type_C,Medium,101,Op09,B18,23878.8
PP004285,126.1,4.4,20.1,26.3,70.5,84.3,57.8,Standard,Morning,Good,Type_C,Medium,197,Op10,B12,129430.2
PP004286,54.0,2.6,7.8,29.5,47.4,55.8,21.4,Cardstock,Afternoon,Average,Type_D,Medium,248,Op01,B03,14105.3
PP004287,122.5,6.8,11.1,,63.8,96.9,24.1,Standard,Morning,Good,Type_C,Medium,255,Op08,B15,76062.3
PP004288,134.0,12.4,7.0,31.4,50.9,89.5,63.2,Glossy,Afternoon,Average,Type_A,High,132,Op10,B02,39763.0
PP004289,161.5,2.1,14.1,25.1,48.3,82.4,13.1,Glossy,Night,Good,Type_C,Medium,118,Op09,B01,117639.9
PP004290,124.1,1.6,15.6,20.8,51.4,93.1,21.5,Standard,Afternoon,Good,Type_C,Medium,46,Op09,B14,112003.3
PP004291,74.8,11.4,12.5,22.3,42.4,71.1,50.9,Glossy,Afternoon,Good,Type_C,High,325,Op09,B17,39496.4
PP004292,118.1,5.9,12.3,19.3,73.1,95.5,56.1,Matte,Night,Good,Type_D,High,266,Op01,B11,72029.3
PP004293,54.7,3.1,12.9,21.1,33.2,95.8,48.8,Standard,Morning,Good,Type_A,Medium,102,Op10,B12,35005.0
PP004294,56.3,3.7,11.6,25.0,52.4,21.7,20.7,Standard,Morning,Good,Type_C,Medium,102,Op06,B08,18323.5
PP004295,125.1,1.9,10.0,21.7,28.8,89.8,16.5,Standard,Night,Good,Type_C,High,60,Op03,B06,74379.4
PP004296,135.2,2.2,18.5,21.6,51.3,89.5,46.7,Standard,Morning,Good,Type_A,High,47,Op01,B12,151766.5
PP004297,124.3,4.2,9.2,20.6,64.2,98.3,30.0,Matte,Afternoon,Average,Type_A,High,109,Op10,B04,66807.7
PP004298,155.7,0.4,10.5,24.4,32.5,89.2,36.5,Cardstock,Night,Good,Type_B,High,13,Op10,B10,80433.9
PP004299,143.2,11.4,9.9,32.6,50.9,92.8,27.6,Matte,Morning,Good,Type_C,Medium,292,Op06,B03,77943.2
PP004300,135.7,0.4,13.5,24.5,71.2,68.0,38.3,Matte,Morning,Average,Type_D,Medium,178,Op05,B07,90298.7
PP004301,64.6,15.0,17.4,25.6,50.1,90.7,47.2,Cardstock,Morning,Poor,Type_D,Medium,334,Op02,B12,10626.6
PP004302,94.7,15.0,10.3,17.3,36.6,88.7,55.6,Cardstock,Afternoon,Poor,Type_A,High,224,Op07,B12,15451.3
PP004303,122.6,9.7,10.3,23.5,52.6,84.1,21.9,Matte,Morning,Poor,Type_A,Medium,89,Op05,B18,53269.0
PP004304,70.8,7.9,10.9,17.6,64.0,80.4,41.6,Glossy,Night,Average,Type_A,Medium,9,Op05,B13,28634.0
PP004305,77.9,1.9,8.0,17.5,39.5,92.6,20.9,Cardstock,Afternoon,Average,Type_D,Medium,35,Op02,B17,25254.0
PP004306,68.0,1.9,6.6,28.0,55.4,86.6,51.7,Standard,Afternoon,Good,Type_B,Low,39,Op08,B13,19812.0
PP004307,95.3,5.0,7.2,30.2,72.6,91.4,42.4,Matte,Night,Good,Type_A,High,221,Op05,B05,32989.0
PP004308,122.5,3.8,18.8,19.5,44.4,98.0,39.9,Standard,Morning,Average,Type_A,Low,40,Op02,B14,115618.2
PP004309,155.1,12.8,13.7,26.9,59.3,87.2,23.0,Cardstock,Afternoon,Average,Type_C,Low,310,Op09,B04,63714.6
PP004310,118.2,11.6,9.3,19.3,41.0,81.1,54.1,Standard,Morning,Good,Type_C,Medium,81,Op05,B11,56369.8
PP004311,105.6,2.8,11.7,26.2,60.1,99.2,28.9,Standard,Afternoon,Average,Type_A,Low,332,Op03,B16,62131.7
PP004312,83.5,5.4,22.4,21.5,39.7,87.2,18.5,Standard,Afternoon,Average,Type_A,Medium,317,Op09,B08,78972.6
PP004313,159.0,0.8,7.9,22.6,36.2,93.4,57.1,Glossy,Night,Good,Type_C,Medium,67,Op06,B18,59145.2
PP004314,125.0,2.5,15.8,26.6,52.7,98.4,32.6,Glossy,Night,Good,Type_D,Low,243,Op02,B01,94380.9
PP004315,140.1,3.5,10.3,21.3,51.9,90.9,58.5,Glossy,Night,Good,Type_D,Low,86,Op05,B18,70230.0
PP004316,83.6,2.6,11.8,23.0,70.4,92.6,17.4,Glossy,Night,Good,Type_B,Medium,354,Op02,B04,48405.8
PP004317,76.8,6.3,11.9,23.8,34.7,89.3,66.5,Glossy,Night,Good,Type_D,High,29,Op07,B16,37892.8
PP004318,124.9,6.7,9.1,25.5,50.0,97.6,29.4,Standard,Morning,Average,Type_C,High,349,Op01,B15,64047.6
PP004319,120.4,4.0,5.8,25.8,57.9,50.0,13.9,Glossy,Afternoon,Good,Type_A,Low,257,Op03,B15,34469.5
PP004320,156.0,6.7,9.6,28.4,50.7,68.1,52.6,Standard,Afternoon,Average,Type_C,High,7,Op02,B20,71448.4
PP004321,95.7,6.5,5.4,15.0,65.4,90.1,39.5,Standard,Morning,Good,Type_A,Low,104,Op09,B16,22042.6
PP004322,109.0,3.3,13.6,26.2,49.1,63.1,22.4,Matte,Morning,Good,Type_C,Medium,83,Op02,B11,78698.7
PP004323,100.1,15.0,9.1,19.7,43.2,50.1,42.2,Glossy,Morning,Average,Type_D,Medium,17,Op06,B08,27999.3
PP004324,150.1,2.5,11.3,30.0,50.7,73.4,28.1,Standard,Night,Good,Type_A,Low,145,Op05,B05,78860.2
PP004325,90.9,2.7,6.9,21.9,49.7,12.4,39.8,Matte,Afternoon,Average,Type_B,High,248,Op07,B03,15660.6
PP004326,141.7,8.6,21.9,21.9,41.7,92.8,24.3,Glossy,Afternoon,Average,Type_C,High,83,Op06,B19,136070.8
PP004327,115.1,15.0,15.6,16.0,41.5,72.2,32.9,Standard,Morning,Average,Type_B,Low,100,Op04,B13,59209.1
PP004328,134.6,11.6,8.9,20.4,40.1,81.3,85.2,Glossy,Afternoon,Good,Type_C,Low,110,Op05,B18,49491.9
PP004329,160.1,6.3,8.3,,72.0,82.9,39.2,Cardstock,Afternoon,Average,Type_B,High,90,Op02,B11,53807.5
PP004330,133.1,11.7,5.8,18.3,58.0,59.9,24.3,Glossy,Afternoon,Poor,Type_C,High,175,Op01,B12,26193.5
PP004331,178.5,7.0,11.6,22.0,37.6,85.3,30.3,Standard,Night,Good,Type_D,Medium,171,Op02,B03,81188.7
PP004332,127.9,8.5,11.1,17.8,50.5,66.4,24.9,Matte,Morning,Good,Type_B,Medium,345,Op05,B16,73757.1
PP004333,58.2,0.2,7.8,28.8,,85.5,53.9,Standard,Afternoon,Average,Type_D,Low,70,Op01,B20,16804.6
PP004334,128.6,10.9,12.5,27.2,42.6,94.6,41.2,Standard,Afternoon,Average,Type_D,Medium,2,Op03,B19,80745.3
PP004335,109.8,9.7,12.7,15.3,45.5,74.9,35.3,Glossy,Afternoon,Average,Type_A,Medium,132,Op02,B08,54776.5
PP004336,88.7,4.4,8.0,26.1,46.7,21.2,30.1,Standard,Night,Average,Type_C,Medium,198,Op06,B11,17948.2
PP004337,110.0,14.4,7.2,19.5,58.8,15.2,22.2,Standard,Afternoon,Average,Type_B,Low,51,Op06,B09,10769.9
PP004338,88.1,0.8,10.8,29.0,48.2,63.7,37.5,Matte,Night,Good,Type_A,High,357,Op10,B08,46776.1
PP004339,130.1,1.5,14.2,31.1,46.1,84.8,25.3,Glossy,Night,Good,Type_A,Low,87,Op04,B16,91163.1
PP004340,125.4,3.6,10.9,26.4,46.7,87.8,43.5,Standard,Afternoon,Poor,Type_B,Medium,330,Op10,B17,62952.9
PP004341,144.9,14.2,6.6,32.0,51.7,90.3,60.7,Matte,Morning,Average,Type_B,Medium,281,Op04,B16,37343.2
PP004342,136.4,7.5,11.9,26.9,58.0,87.7,43.9,Glossy,Morning,Good,Type_B,Medium,31,Op02,B07,90402.4
PP004343,136.9,2.4,9.9,25.6,55.3,87.3,40.4,Cardstock,Afternoon,Good,Type_D,High,7,Op05,B07,72901.6
PP004344,71.9,12.7,7.9,27.1,45.5,85.5,48.7,Glossy,Night,Average,Type_C,Medium,282,Op01,B19,19168.1
PP004345,107.2,1.4,10.4,24.0,42.9,84.2,15.4,Glossy,Afternoon,Average,Type_C,Medium,31,Op06,B09,56159.7
PP004346,53.6,3.9,17.7,23.7,59.3,85.4,32.6,Standard,Afternoon,Good,Type_A,High,323,Op04,B16,45228.6
PP004347,135.3,1.6,8.9,18.9,42.4,77.0,28.6,Glossy,Morning,Good,Type_B,Medium,42,Op01,B12,68258.2
PP004348,115.9,6.7,9.4,25.1,46.4,83.9,17.6,Standard,Morning,Average,Type_C,Medium,6,Op01,B10,59042.7
PP004349,124.7,4.4,10.6,27.4,34.2,97.0,24.8,Standard,Afternoon,Good,Type_A,Medium,320,Op09,B07,78804.4
PP004350,112.8,2.8,16.9,20.4,40.9,96.0,31.8,Matte,Night,Average,Type_C,Medium,44,Op09,B05,99072.6
PP004351,125.6,5.5,11.9,25.7,44.5,87.6,78.8,Cardstock,Morning,Poor,Type_A,High,171,Op02,B08,63181.2
PP004352,50.5,9.8,9.2,23.8,47.1,82.2,30.4,Standard,Afternoon,Poor,Type_A,Medium,137,Op01,B15,13746.5
PP004353,126.2,0.5,12.7,22.3,54.6,78.1,27.8,Matte,Morning,Good,Type_D,High,264,Op07,B19,94677.7
PP004354,171.9,15.0,8.8,29.2,70.4,63.5,27.8,Standard,Night,Average,Type_B,Medium,20,Op06,B20,38673.4
PP004355,127.8,0.7,11.0,,55.5,,26.2,Cardstock,Morning,Average,Type_A,High,270,Op05,B03,66373.6
PP004356,101.3,2.7,6.2,23.3,44.5,98.6,39.0,Cardstock,Morning,Good,Type_B,High,336,Op07,B04,32467.0
PP004357,158.2,0.3,9.2,29.4,28.3,93.6,46.0,Cardstock,Morning,Good,Type_B,Low,195,Op05,B05,54705.1
PP004358,126.2,5.8,7.0,30.1,67.7,93.0,75.4,Standard,Morning,Average,Type_B,Low,138,Op02,B16,37861.6
PP004359,127.7,0.1,8.7,31.6,57.2,90.0,82.2,Standard,Night,Good,Type_A,Medium,45,Op01,B18,57474.9
PP004360,179.2,4.3,8.9,28.2,55.1,85.6,24.1,Standard,Morning,Good,Type_B,High,341,Op02,B09,74267.3
PP004361,130.6,12.7,7.4,19.2,41.4,80.0,57.4,Glossy,Afternoon,Poor,Type_A,Medium,69,Op08,B05,27912.1
PP004362,94.9,2.4,7.7,26.7,45.0,70.8,21.7,Standard,Afternoon,Good,Type_A,Medium,287,Op08,B15,39838.7
PP004363,88.5,14.7,11.1,29.5,41.9,26.9,30.3,Matte,Morning,Poor,Type_D,High,304,Op06,B02,8210.8
PP004364,151.3,6.1,8.8,20.5,40.9,95.2,34.0,Glossy,Morning,Good,Type_B,Medium,288,Op09,B04,75558.8
PP004365,63.4,6.0,11.4,24.0,20.7,69.5,37.7,Matte,Afternoon,Good,Type_A,High,351,Op07,B17,31031.5
PP004366,99.2,0.0,16.6,23.7,80.1,76.7,31.2,Standard,Night,Good,Type_D,Low,45,Op10,B07,67191.2
PP004367,93.7,0.1,12.4,27.2,56.5,96.4,29.5,Glossy,Afternoon,Good,Type_A,Medium,87,Op06,B12,62652.3
PP004368,147.2,0.1,16.0,21.2,64.7,81.0,28.4,Standard,Afternoon,Good,Type_B,Medium,270,Op09,B01,138103.5
PP004369,108.7,7.1,9.3,19.8,47.3,12.5,24.0,Standard,Morning,Good,Type_A,Low,246,Op10,B09,25881.1
PP004370,121.1,2.5,12.0,25.1,55.9,75.2,39.4,Matte,Night,Average,Type_A,Low,20,Op08,B08,67508.3
PP004371,55.3,1.2,6.6,23.1,55.4,98.4,41.5,Matte,Night,Average,Type_A,Medium,277,Op10,B10,15197.4
PP004372,98.9,6.3,11.2,27.7,47.1,84.2,36.1,Standard,Morning,Average,Type_B,High,313,Op02,B08,59853.9
PP004373,114.2,2.4,10.4,22.2,38.9,83.5,21.3,Glossy,Afternoon,Poor,Type_B,Medium,329,Op04,B13,53514.6
PP004374,113.7,7.0,6.9,20.7,37.3,80.8,47.8,Glossy,Morning,Good,Type_A,Medium,187,Op02,B08,40983.0
PP004375,115.1,3.4,5.4,20.9,63.9,28.4,69.4,Matte,Night,Good,Type_C,High,260,Op06,B12,19403.3
PP004376,134.0,5.3,7.7,19.7,70.8,89.4,10.0,Matte,Night,Good,Type_D,Medium,32,Op02,B12,54619.3
PP004377,123.0,6.4,4.6,30.3,58.8,74.1,60.6,Matte,Night,Average,Type_A,Medium,210,Op06,B08,22369.2
PP004378,157.8,2.7,15.8,22.9,40.0,94.2,25.5,Standard,Morning,Good,Type_C,High,358,Op07,B09,148769.4
PP004379,98.2,2.9,6.9,19.9,35.5,78.7,30.6,Standard,Night,Good,Type_C,Medium,203,Op06,B11,33701.0
PP004380,111.2,0.5,11.7,22.6,37.1,92.0,27.3,Standard,Night,Good,Type_A,Medium,75,Op07,B09,72947.4
PP004381,100.8,5.1,11.8,,70.7,77.2,29.0,Glossy,Night,Average,Type_B,Medium,136,Op01,B02,51886.2
PP004382,165.1,6.1,7.8,23.8,75.0,95.5,42.5,Standard,Morning,Poor,Type_C,Low,72,Op04,B09,36101.6
PP004383,155.7,8.1,8.6,22.9,58.7,99.6,38.5,Standard,Night,Good,Type_A,Low,63,Op05,B12,63092.5
PP004384,72.3,5.2,13.5,26.7,65.5,89.9,51.0,Standard,Afternoon,Average,Type_C,Medium,362,Op08,B06,43895.7
PP004385,74.1,1.2,11.6,31.2,48.3,86.0,51.8,Cardstock,Afternoon,Good,Type_B,Low,15,Op08,B02,33279.6
PP004386,144.1,8.9,8.5,32.0,32.3,94.0,25.3,Matte,Morning,Good,Type_C,Medium,356,Op01,B06,67713.4
PP004387,148.0,8.0,9.5,19.5,77.5,92.2,55.2,Matte,Afternoon,Good,Type_B,High,40,Op03,B03,74939.8
PP004388,132.2,0.5,20.4,26.0,40.8,84.5,30.2,Standard,Night,Average,Type_B,High,337,Op02,B15,143019.6
PP004389,68.1,8.2,17.8,25.0,42.7,66.8,22.0,Cardstock,Morning,Average,Type_C,Medium,144,Op06,B11,39878.8
PP004390,96.8,4.0,7.9,26.9,53.5,62.1,51.1,Standard,Afternoon,Average,Type_A,Medium,155,Op03,B05,35475.0
PP004391,94.2,1.1,9.7,30.6,62.6,80.3,33.8,Matte,Afternoon,Good,Type_C,Medium,56,Op03,B15,45456.3
PP004392,106.7,9.5,9.3,18.6,55.7,81.0,18.1,Glossy,Morning,Average,Type_C,Medium,351,Op08,B01,47060.2
PP004393,109.1,10.1,15.4,28.0,74.5,24.9,29.8,Glossy,Morning,Average,Type_B,High,266,Op04,B13,44380.4
PP004394,62.8,1.2,7.5,18.6,54.0,96.0,46.8,Glossy,Afternoon,Good,Type_C,Medium,273,Op05,B20,20702.3
PP004395,93.3,0.6,9.7,26.6,36.6,66.2,32.5,Glossy,Afternoon,Good,Type_C,Low,64,Op10,B19,38741.9
PP004396,97.6,8.1,8.8,24.2,68.3,36.7,41.1,Standard,Afternoon,Good,Type_C,Medium,116,Op02,B15,34961.6
PP004397,47.9,0.8,19.3,26.3,39.2,22.5,38.5,Standard,Night,Good,Type_C,Low,185,Op07,B04,11240.1
PP004398,168.8,5.7,6.9,27.7,40.6,87.0,21.2,Matte,Night,Average,Type_D,Low,78,Op08,B05,41224.1
PP004399,168.7,15.0,9.7,24.0,53.2,79.7,67.9,Standard,Morning,Average,Type_C,Medium,111,Op01,B07,56302.2
PP004400,88.0,14.2,16.5,19.0,59.0,72.6,41.1,Standard,Morning,Average,Type_C,Medium,286,Op04,B12,47404.3
PP004401,97.8,2.3,5.9,20.6,37.4,80.4,31.3,Standard,Night,Good,Type_B,Low,139,Op02,B02,26628.4
PP004402,98.7,8.7,11.1,26.0,46.7,97.2,27.9,Standard,Afternoon,Good,Type_C,Medium,312,Op07,B18,57879.4
PP004403,90.5,6.3,9.5,27.5,48.5,77.2,18.4,Cardstock,Morning,Good,Type_B,Low,233,Op04,B19,36308.1
PP004404,132.6,15.0,10.1,28.0,66.1,85.2,64.8,Matte,Night,Poor,Type_A,Medium,70,Op06,B13,31064.5
PP004405,80.1,2.7,6.8,21.9,44.7,97.2,39.5,Standard,Afternoon,Good,Type_A,Low,112,Op07,B07,26193.8
PP004406,144.9,15.0,6.3,21.0,56.6,90.5,52.1,Standard,Night,Good,Type_C,Medium,176,Op10,B03,42180.2
PP004407,135.1,12.1,18.3,24.3,53.1,96.9,27.7,Matte,Morning,Good,Type_B,Medium,336,Op02,B18,123527.7
PP004408,114.6,4.1,17.3,,,89.1,31.2,Glossy,Morning,Good,Type_C,High,117,Op08,B17,107504.3
PP004409,177.7,7.1,13.4,21.9,39.4,66.8,49.0,Matte,Night,Good,Type_B,Medium,73,Op02,B18,85221.4
PP004410,142.1,15.0,6.4,19.9,,91.5,27.3,Standard,Afternoon,Average,Type_B,High,330,Op08,B09,42897.6
PP004411,103.2,2.1,7.4,20.7,59.9,93.9,53.7,Glossy,Afternoon,Good,Type_B,Low,43,Op05,B09,36350.2
PP004412,108.7,0.1,20.1,25.6,51.9,89.6,42.2,Standard,Afternoon,Good,Type_B,Medium,346,Op05,B18,113913.4
PP004413,152.3,2.5,15.1,25.5,46.8,94.8,47.1,Matte,Morning,Good,Type_D,Medium,73,Op02,B15,125003.2
PP004414,90.2,7.2,12.4,23.4,54.1,75.9,34.4,Glossy,Night,Poor,Type_C,Medium,7,Op07,B09,40312.4
PP004415,81.3,1.4,10.9,25.7,,83.9,43.7,Glossy,Night,Good,Type_B,Medium,305,Op06,B15,42048.2
PP004416,141.3,4.2,12.3,17.5,42.2,91.8,31.2,Cardstock,Night,Good,Type_B,High,27,Op01,B07,86759.1
PP004417,138.8,1.9,12.0,23.2,45.5,95.9,37.3,Standard,Afternoon,Average,Type_A,Low,328,Op07,B06,88592.9
PP004418,91.6,3.0,14.0,28.3,57.9,81.1,26.3,Glossy,Afternoon,Average,Type_D,Medium,338,Op06,B12,57847.8
PP004419,176.7,6.3,9.9,29.1,49.7,64.7,72.1,Cardstock,Night,Average,Type_C,High,176,Op01,B03,50882.1
PP004420,102.4,0.5,12.3,22.5,55.2,95.8,60.2,Standard,Morning,Good,Type_A,High,25,Op09,B18,71173.7
PP004421,148.7,1.7,13.1,20.1,60.2,91.9,95.4,Matte,Afternoon,Average,Type_B,Medium,57,Op03,B04,96096.1
PP004422,130.9,0.2,16.5,28.2,68.6,89.9,19.9,Matte,Morning,Good,Type_A,High,141,Op04,B10,129549.2
PP004423,89.8,2.0,10.1,31.9,52.4,95.1,62.7,Cardstock,Afternoon,Good,Type_B,Medium,293,Op10,B09,41083.6
PP004424,112.1,2.9,6.5,30.8,60.6,95.5,14.7,Matte,Afternoon,Good,Type_D,Medium,341,Op02,B08,40142.8
PP004425,36.9,7.0,14.7,20.6,67.2,82.3,25.9,Matte,Night,Poor,Type_B,Medium,81,Op03,B08,13669.6
PP004426,147.5,1.3,7.3,25.4,50.4,89.7,43.9,Matte,Afternoon,Good,Type_D,High,217,Op10,B20,63086.8
PP004427,118.2,4.2,10.8,,62.5,,48.2,Standard,Morning,Good,Type_B,Medium,94,Op09,B11,71964.4
PP004428,146.7,13.0,7.2,25.1,67.0,98.3,27.4,Standard,Night,Good,Type_B,Medium,262,Op04,B09,55559.4
PP004429,89.2,6.4,6.2,19.6,69.5,94.5,50.9,Standard,Afternoon,Good,Type_B,Low,30,Op07,B06,23397.3
PP004430,110.0,0.0,19.5,24.7,28.6,79.3,50.9,Matte,Afternoon,Good,Type_D,High,118,Op01,B13,100136.6
PP004431,71.7,6.3,21.4,30.7,35.5,81.7,13.7,Glossy,Afternoon,Average,Type_A,Medium,193,Op07,B09,54908.8
PP004432,92.3,0.2,23.5,29.9,32.6,68.9,16.1,Standard,Morning,Good,Type_C,Medium,297,Op04,B02,88787.3
PP004433,140.7,5.3,13.0,20.6,48.4,84.0,16.4,Standard,Night,Average,Type_C,Medium,269,Op04,B13,97884.4
PP004434,132.7,1.6,10.9,26.2,52.1,93.0,29.6,Standard,Afternoon,Good,Type_A,Medium,290,Op06,B12,88624.9
PP004435,158.8,15.0,8.6,27.8,58.2,80.4,18.7,Standard,Afternoon,Poor,Type_B,High,193,Op06,B01,38973.3
PP004436,149.9,2.6,13.5,34.2,66.4,84.4,29.0,Matte,Afternoon,Good,Type_A,High,189,Op05,B09,111748.7
PP004437,121.2,5.1,7.8,26.1,60.9,78.2,101.7,Standard,Night,Poor,Type_A,High,219,Op02,B13,35712.2
PP004438,35.1,8.3,7.1,20.8,39.9,64.9,83.2,Matte,Morning,Good,Type_B,Medium,257,Op07,B10,8067.3
PP004439,162.3,2.1,12.1,22.3,28.0,73.6,30.4,Cardstock,Afternoon,Average,Type_B,Medium,174,Op01,B05,84191.1
PP004440,122.9,11.3,8.8,27.8,47.3,92.5,52.0,Standard,Night,Average,Type_B,Medium,80,Op04,B01,51628.4
PP004441,180.0,4.3,5.3,30.1,43.2,97.5,74.6,Glossy,Night,Good,Type_B,Medium,79,Op09,B08,28305.0
PP004442,176.3,9.2,8.0,17.3,62.1,94.4,24.8,Cardstock,Afternoon,Average,Type_B,Medium,328,Op02,B09,45890.2
PP004443,136.9,4.6,11.3,23.0,61.3,85.6,55.9,Cardstock,Afternoon,Good,Type_B,Medium,87,Op03,B06,76462.9
PP004444,124.0,4.3,6.6,19.4,39.9,84.7,40.6,Matte,Morning,Good,Type_A,Medium,293,Op04,B20,44832.2
PP004445,106.9,0.5,12.5,31.1,58.9,61.4,49.6,Standard,Morning,Average,Type_D,Medium,51,Op08,B06,63633.5
PP004446,81.6,15.0,8.3,28.3,52.9,71.4,37.1,Matte,Morning,Good,Type_D,High,104,Op05,B18,27245.9
PP004447,96.3,3.4,12.0,26.1,53.4,89.0,26.8,Cardstock,Afternoon,Good,Type_B,Medium,213,Op08,B19,59373.7
PP004448,114.6,4.4,17.2,28.5,38.4,68.5,47.4,Standard,Morning,Good,Type_D,Medium,80,Op09,B04,102180.2
PP004449,81.9,7.2,10.7,31.8,,93.4,38.8,Matte,Afternoon,Poor,Type_A,Medium,56,Op09,B11,34340.4
PP004450,106.5,0.6,13.8,24.1,58.0,64.6,13.3,Cardstock,Afternoon,Good,Type_B,High,229,Op02,B13,73441.6
PP004451,150.6,2.4,6.5,25.4,48.7,91.3,40.2,Cardstock,Afternoon,Good,Type_B,Medium,39,Op02,B08,51282.0
PP004452,84.0,3.8,12.9,21.9,,68.2,20.2,Matte,Morning,Good,Type_A,Medium,154,Op09,B04,54971.8
PP004453,109.0,0.0,11.2,39.0,85.2,88.1,38.7,Standard,Afternoon,Good,Type_A,Medium,217,Op02,B11,40711.7
PP004454,106.4,0.9,8.0,35.1,53.3,90.6,42.1,Standard,Afternoon,Good,Type_A,Medium,136,Op09,B13,45833.1
PP004455,120.3,14.3,14.8,30.5,67.0,96.0,31.8,Standard,Afternoon,Average,Type_B,Medium,128,Op08,B06,75968.1
PP004456,85.7,0.6,8.7,21.1,49.7,55.6,36.3,Standard,Night,Good,Type_A,Medium,278,Op07,B15,35741.6
PP004457,101.8,1.5,8.3,25.4,58.8,81.6,20.2,Standard,Night,Good,Type_B,High,67,Op07,B03,48927.0
PP004458,41.7,11.6,10.0,27.1,38.4,81.7,17.4,Standard,Afternoon,Poor,Type_D,Low,141,Op09,B03,7669.7
PP004459,109.8,12.0,13.7,25.8,47.4,,44.2,Glossy,Afternoon,Good,Type_B,Medium,349,Op10,B04,66831.9
PP004460,137.3,1.1,12.9,24.0,60.0,87.8,15.7,Matte,Afternoon,Good,Type_B,Medium,209,Op05,B12,105060.1
PP004461,137.4,0.7,11.7,23.3,73.3,,29.5,Standard,Afternoon,Good,Type_C,Medium,113,Op09,B09,92498.0
PP004462,151.1,0.1,8.1,22.2,37.4,70.0,30.7,Cardstock,Afternoon,Average,Type_C,Low,136,Op05,B17,46218.6
PP004463,82.7,0.9,12.0,23.9,51.3,94.5,24.3,Glossy,Morning,Average,Type_D,Medium,11,Op03,B07,47390.6
PP004464,124.9,1.7,10.8,28.0,40.7,92.3,36.8,Standard,Morning,Good,Type_C,Medium,305,Op10,B06,78202.2
PP004465,119.2,3.0,11.7,28.6,39.7,96.6,56.1,Cardstock,Afternoon,Average,Type_D,High,22,Op09,B10,65465.9
PP004466,107.6,3.6,5.4,31.2,47.7,91.0,50.8,Standard,Morning,Average,Type_C,Low,345,Op01,B14,25944.5
PP004467,126.1,2.2,14.0,21.6,55.3,83.4,76.2,Matte,Morning,Average,Type_C,Medium,47,Op03,B13,87787.5
PP004468,118.1,10.9,10.8,25.6,59.6,86.3,31.2,Standard,Night,Average,Type_D,Medium,50,Op02,B01,59442.9
PP004469,86.4,4.7,10.2,19.8,51.4,95.1,62.7,Standard,Afternoon,Poor,Type_A,Low,292,Op04,B13,31811.0
PP004470,168.4,2.5,21.1,,59.5,86.9,43.1,Standard,Morning,Good,Type_A,Medium,72,Op08,B17,180730.9
PP004471,167.6,13.8,12.9,20.8,47.3,80.8,55.3,Matte,Night,Good,Type_B,High,110,Op05,B05,90679.2
PP004472,76.9,1.6,5.3,27.2,72.1,87.7,20.1,Matte,Night,Average,Type_D,Medium,272,Op05,B16,16945.9
PP004473,134.2,15.0,16.7,23.5,56.7,49.4,28.4,Standard,Morning,Average,Type_C,High,118,Op01,B02,80696.3
PP004474,95.5,2.9,9.7,,49.4,95.5,36.2,Standard,Morning,Good,Type_A,High,231,Op08,B05,52949.8
PP004475,142.2,3.2,8.5,28.5,64.9,79.9,25.9,Matte,Morning,Good,Type_C,Medium,328,Op05,B17,68884.6
PP004476,91.4,1.5,17.7,,47.2,85.1,45.2,Cardstock,Afternoon,Good,Type_B,High,213,Op06,B07,72566.2
PP004477,78.9,15.0,9.3,22.5,34.3,94.7,44.7,Glossy,Night,Average,Type_A,High,24,Op09,B17,25070.5
PP004478,132.1,2.1,14.4,26.5,39.3,98.8,31.0,Standard,Morning,Good,Type_C,Medium,171,Op02,B15,115020.5
PP004479,99.2,2.7,20.5,26.3,32.8,53.7,44.1,Cardstock,Afternoon,Average,Type_C,Low,6,Op02,B03,62279.7
PP004480,124.1,4.6,10.8,28.4,51.2,80.9,27.8,Standard,Afternoon,Good,Type_B,Medium,202,Op10,B13,78404.8
PP004481,102.2,1.4,11.7,21.7,56.4,72.7,31.7,Cardstock,Afternoon,Good,Type_C,High,364,Op01,B19,58710.0
PP004482,81.1,6.2,7.9,17.8,69.7,93.9,23.1,Standard,Afternoon,Good,Type_C,Medium,72,Op02,B16,30111.1
PP004483,33.9,3.3,13.4,18.5,50.4,81.9,33.0,Glossy,Afternoon,Good,Type_B,Medium,95,Op07,B20,16894.5
PP004484,147.9,15.0,20.3,29.7,34.7,98.2,43.3,Glossy,Afternoon,Poor,Type_C,Medium,175,Op02,B14,41129.0
PP004485,126.5,1.9,19.1,29.4,73.8,99.0,64.9,Standard,Afternoon,Average,Type_A,Medium,44,Op08,B05,113916.2
PP004486,47.3,11.1,10.2,19.5,64.4,88.7,35.5,Matte,Afternoon,Good,Type_B,Low,135,Op09,B09,16964.4
PP004487,81.0,1.6,8.8,18.0,47.3,85.4,44.3,Standard,Afternoon,Good,Type_B,Medium,26,Op10,B11,36053.1
PP004488,107.7,2.3,17.1,26.4,52.6,70.3,24.8,Cardstock,Night,Good,Type_A,Medium,239,Op05,B08,86197.5
PP004489,157.5,15.0,16.0,20.9,35.5,84.3,30.3,Glossy,Morning,Poor,Type_D,High,219,Op06,B12,55137.6
PP004490,138.1,4.5,8.3,23.8,77.0,77.9,16.4,Glossy,Afternoon,Average,Type_A,Medium,25,Op07,B17,59336.1
PP004491,141.2,2.7,8.3,28.7,22.8,67.6,35.9,Standard,Night,Good,Type_B,Medium,69,Op02,B05,59931.6
PP004492,128.2,0.1,8.5,23.4,69.3,83.4,18.3,Glossy,Night,Average,Type_C,Medium,70,Op02,B11,55926.7
PP004493,115.2,2.3,11.9,27.1,43.1,94.1,16.0,Glossy,Night,Good,Type_B,Medium,88,Op08,B07,77535.5
PP004494,119.6,3.1,7.1,19.6,46.8,91.8,46.9,Matte,Afternoon,Good,Type_B,High,190,Op01,B05,47331.0
PP004495,129.0,2.8,13.2,30.6,26.4,95.4,55.9,Standard,Afternoon,Average,Type_C,Medium,221,Op10,B20,85753.8
PP004496,96.4,10.4,10.5,18.8,54.6,94.9,44.7,Standard,Morning,Average,Type_A,High,314,Op03,B11,50022.6
PP004497,49.6,0.9,9.8,24.7,71.2,79.7,18.1,Standard,Afternoon,Average,Type_A,Medium,174,Op09,B15,20527.5
PP004498,127.3,1.8,13.5,,45.3,,13.2,Glossy,Night,Good,Type_B,Medium,276,Op01,B07,68124.4
PP004499,109.3,2.2,12.0,16.8,37.9,79.9,43.2,Cardstock,Night,Good,Type_D,Medium,303,Op01,B06,55489.1
PP004500,67.2,2.5,7.5,15.0,53.1,89.9,39.2,Standard,Afternoon,Good,Type_C,High,244,Op04,B12,22952.0
PP004501,107.7,4.8,9.6,27.3,63.3,97.2,46.5,Matte,Afternoon,Good,Type_A,High,115,Op09,B01,56797.4
PP004502,151.8,1.1,11.7,22.5,60.2,38.9,29.2,Standard,Morning,Good,Type_D,High,49,Op03,B03,77194.5
PP004503,86.5,1.3,9.6,33.3,33.8,,39.1,Matte,Afternoon,Average,Type_B,High,39,Op01,B17,36144.9
PP004504,104.7,3.1,9.6,19.4,60.1,87.8,33.6,Standard,Morning,Good,Type_B,Low,13,Op06,B09,51940.3
PP004505,100.3,3.0,20.8,24.4,62.3,78.7,40.9,Glossy,Morning,Good,Type_D,Low,137,Op02,B15,87044.0
PP004506,87.4,0.5,18.1,21.7,51.7,99.1,22.5,Standard,Afternoon,Good,Type_A,Low,223,Op10,B01,77343.4
PP004507,92.7,2.0,12.2,29.1,62.8,30.0,46.7,Glossy,Night,Good,Type_A,Medium,172,Op06,B17,37130.1
PP004508,108.2,15.0,12.5,34.0,65.2,79.0,42.6,Matte,Night,Average,Type_D,High,325,Op08,B11,44548.2
PP004509,143.2,6.0,7.4,23.6,44.0,95.7,44.8,Cardstock,Morning,Average,Type_C,Medium,213,Op06,B18,52918.2
PP004510,118.6,3.2,14.0,19.7,40.3,86.9,30.2,Matte,Night,Average,Type_B,Medium,169,Op05,B03,86847.3
PP004511,142.4,0.7,10.3,28.1,63.6,99.6,33.8,Matte,Night,Good,Type_B,Medium,232,Op09,B08,83679.9
PP004512,108.4,2.4,11.3,25.5,55.3,98.3,28.6,Cardstock,Afternoon,Good,Type_B,High,142,Op08,B18,66352.1
PP004513,117.9,0.8,9.8,24.0,45.1,92.3,71.9,Standard,Morning,Good,Type_D,Low,49,Op07,B08,58257.5
PP004514,64.7,3.9,18.5,25.6,51.4,60.0,51.2,Cardstock,Night,Good,Type_D,Low,19,Op01,B06,36034.9
PP004515,128.7,1.8,16.1,23.7,47.1,82.5,25.3,Matte,Morning,Poor,Type_B,Medium,44,Op10,B20,97922.0
PP004516,143.4,1.7,9.7,,42.6,94.0,14.9,Standard,Morning,Poor,Type_A,Medium,262,Op06,B18,75831.3
PP004517,117.5,2.2,10.1,30.6,42.6,90.9,38.9,Matte,Morning,Good,Type_B,Medium,365,Op03,B03,65607.7
PP004518,147.9,6.7,8.9,26.8,55.8,72.2,28.4,Glossy,Afternoon,Average,Type_C,Medium,157,Op03,B09,68639.0
PP004519,152.7,4.1,9.7,32.3,28.8,67.9,75.0,Matte,Morning,Average,Type_C,Medium,183,Op04,B12,59494.7
PP004520,120.1,1.9,9.0,23.6,54.1,78.2,44.9,Standard,Morning,Good,Type_D,High,282,Op05,B04,62704.5
PP004521,130.1,6.2,8.7,35.9,44.1,86.0,49.8,Cardstock,Morning,Average,Type_C,High,96,Op08,B10,51515.4
PP004522,177.1,1.2,11.7,22.0,46.9,91.4,25.7,Standard,Morning,Average,Type_A,Medium,305,Op01,B07,93103.1
PP004523,90.9,15.0,8.3,22.5,36.7,93.1,55.5,Glossy,Afternoon,Poor,Type_B,High,118,Op08,B17,16903.9
PP004524,127.9,2.1,10.3,,38.1,76.9,33.7,Standard,Morning,Good,Type_D,Medium,228,Op10,B19,75389.0
PP004525,173.6,2.1,12.5,24.9,59.9,82.3,38.4,Cardstock,Morning,Good,Type_D,Medium,353,Op01,B01,91379.4
PP004526,96.0,4.8,7.8,24.9,54.1,19.2,61.7,Standard,Afternoon,Good,Type_B,Medium,70,Op06,B13,21401.0
PP004527,175.6,15.0,10.6,24.7,57.6,99.2,40.4,Cardstock,Night,Average,Type_C,Medium,270,Op06,B07,46743.2
PP004528,120.3,2.7,13.6,21.3,37.8,94.9,30.8,Standard,Night,Good,Type_A,High,179,Op09,B11,98073.0
PP004529,95.3,1.5,8.5,17.9,,92.8,19.2,Glossy,Night,Good,Type_B,Medium,76,Op10,B19,40796.3
PP004530,135.2,7.9,13.8,27.8,44.9,78.8,32.1,Matte,Afternoon,Average,Type_B,Medium,67,Op01,B16,98267.7
PP004531,141.9,0.4,9.6,20.9,63.2,98.4,14.9,Standard,Night,Average,Type_B,Medium,16,Op07,B13,78836.7
PP004532,102.1,9.6,12.4,24.1,52.9,62.9,27.0,Matte,Afternoon,Average,Type_C,Low,325,Op05,B12,48558.1
PP004533,123.8,2.3,6.0,27.9,55.8,91.0,45.5,Standard,Morning,Good,Type_A,High,101,Op10,B13,43888.5
PP004534,105.6,1.6,10.7,22.1,39.8,87.1,39.8,Matte,Night,Good,Type_C,High,202,Op07,B18,60267.3
PP004535,99.3,7.0,10.2,17.3,28.6,98.6,30.7,Matte,Morning,Good,Type_B,Medium,197,Op08,B06,47630.7
PP004536,129.4,10.9,15.7,29.8,40.5,95.0,43.8,Glossy,Afternoon,Average,Type_C,Medium,269,Op05,B18,92688.6
PP004537,148.0,1.8,8.2,23.8,40.5,86.8,34.0,Glossy,Afternoon,Average,Type_C,High,283,Op05,B16,67201.9
PP004538,91.6,0.8,10.3,29.0,53.6,86.1,50.8,Standard,Afternoon,Good,Type_C,Medium,204,Op07,B07,48939.3
PP004539,112.0,1.5,13.3,36.4,36.9,87.8,26.3,Matte,Night,Average,Type_B,Medium,223,Op10,B08,65512.0
PP004540,180.0,15.0,8.3,22.9,45.8,91.4,22.7,Standard,Night,Average,Type_D,Medium,8,Op05,B15,39147.1
PP004541,135.5,0.3,8.1,31.3,46.1,82.6,36.8,Standard,Afternoon,Good,Type_A,Medium,36,Op09,B02,62707.9
PP004542,70.6,9.5,22.0,26.1,71.7,96.8,41.8,Glossy,Night,Average,Type_A,Medium,171,Op02,B09,42747.3
PP004543,141.3,2.5,12.1,26.2,54.8,93.6,45.2,Glossy,Morning,Good,Type_B,Medium,164,Op10,B13,97199.4
PP004544,80.1,2.8,15.0,25.9,66.8,90.8,45.3,Glossy,Afternoon,Poor,Type_B,Medium,315,Op05,B05,46785.3
PP004545,68.9,2.7,15.7,24.2,57.7,80.4,53.4,Matte,Afternoon,Good,Type_B,Low,74,Op10,B17,45207.8
PP004546,115.1,0.5,15.4,27.2,53.1,85.9,53.6,Matte,Morning,Good,Type_A,Medium,333,Op03,B04,98348.6
PP004547,160.6,5.4,16.4,21.4,40.8,96.3,19.1,Standard,Morning,Poor,Type_A,Medium,6,Op10,B07,128012.6
PP004548,146.7,5.2,7.9,31.9,50.6,75.1,17.9,Matte,Morning,Good,Type_D,Low,313,Op01,B17,59383.7
PP004549,162.2,0.6,20.1,24.7,49.5,93.4,18.2,Glossy,Morning,Average,Type_B,Low,214,Op05,B03,122010.0
PP004550,143.1,0.3,3.4,24.8,53.2,85.3,21.1,Matte,Night,Good,Type_B,Low,330,Op04,B01,25053.0
PP004551,106.4,7.4,7.2,19.3,39.7,77.2,30.8,Standard,Morning,Good,Type_A,Low,309,Op06,B08,38133.6
PP004552,133.4,2.1,8.0,28.0,,83.9,39.0,Glossy,Night,Good,Type_B,Medium,317,Op04,B05,54760.4
PP004553,173.0,14.9,9.6,27.0,59.6,87.8,23.3,Glossy,Afternoon,Poor,Type_D,Low,133,Op01,B07,5029.6
PP004554,180.0,7.9,9.2,24.6,51.0,46.5,44.2,Standard,Morning,Good,Type_C,High,87,Op03,B02,52426.5
PP004555,67.1,0.3,17.0,21.1,35.6,65.6,46.3,Matte,Morning,Good,Type_A,High,181,Op10,B14,54058.4
PP004556,127.1,2.1,12.0,26.0,44.6,31.7,37.2,Matte,Night,Average,Type_B,High,264,Op08,B17,59863.8
PP004557,96.1,1.3,7.5,23.9,55.4,81.3,35.9,Matte,Afternoon,Good,Type_A,Medium,270,Op03,B07,38503.2
PP004558,147.1,5.6,21.4,20.7,51.5,61.8,32.1,Glossy,Morning,Poor,Type_B,Medium,176,Op07,B11,122911.4
PP004559,139.0,2.3,14.9,24.6,37.9,92.9,67.1,Standard,Night,Good,Type_B,Medium,104,Op06,B01,113647.1
PP004560,117.4,2.1,17.3,28.5,70.0,62.8,25.8,Standard,Night,Average,Type_B,Medium,356,Op03,B02,93614.0
PP004561,94.9,9.8,17.3,24.6,,88.2,21.7,Standard,Afternoon,Good,Type_B,Medium,342,Op09,B08,70498.6
PP004562,130.8,2.1,7.8,,55.1,70.3,44.7,Cardstock,Afternoon,Good,Type_A,Medium,16,Op02,B09,52453.6
PP004563,114.6,1.3,8.7,23.0,52.1,,25.4,Glossy,Morning,Average,Type_C,High,208,Op06,B17,52404.8
PP004564,121.9,2.2,11.8,18.6,47.5,94.0,32.0,Matte,Morning,Good,Type_B,High,152,Op01,B09,83952.4
PP004565,112.5,2.5,4.6,28.5,54.1,57.8,28.6,Standard,Morning,Average,Type_C,Medium,171,Op02,B15,25635.6
PP004566,127.7,3.3,8.7,23.9,44.5,88.3,41.4,Glossy,Night,Good,Type_C,High,201,Op06,B14,60291.1
PP004567,117.7,8.1,8.7,30.8,31.5,85.3,28.6,Matte,Night,Average,Type_B,Low,148,Op07,B07,41941.9
PP004568,143.3,0.4,12.3,15.2,21.6,88.9,73.6,Matte,Afternoon,Good,Type_C,Medium,145,Op06,B17,77398.4
PP004569,30.0,8.3,11.0,17.6,28.2,93.8,28.1,Standard,Night,Average,Type_A,Medium,294,Op01,B18,9655.3
PP004570,109.5,4.0,9.7,17.6,43.8,98.4,39.1,Cardstock,Night,Good,Type_B,Medium,143,Op07,B08,48095.7
PP004571,101.7,2.4,15.9,15.1,51.1,96.2,37.2,Standard,Night,Good,Type_B,Medium,82,Op03,B15,77118.9
PP004572,127.5,13.4,22.3,27.6,52.8,75.8,37.7,Standard,Morning,Average,Type_C,Medium,364,Op09,B15,86934.8
PP004573,144.2,5.0,10.6,28.2,59.7,95.7,18.5,Standard,Afternoon,Average,Type_D,Medium,316,Op06,B05,90350.0
PP004574,124.0,13.6,10.0,,52.8,93.1,31.5,Standard,Morning,Average,Type_D,High,141,Op06,B13,59498.4
PP004575,119.3,0.4,15.7,36.2,45.2,89.0,42.5,Cardstock,Night,Good,Type_A,Medium,268,Op07,B14,84467.6
PP004576,101.5,1.0,19.9,30.7,50.0,76.4,23.3,Glossy,Morning,Good,Type_A,Medium,264,Op05,B03,102054.5
PP004577,140.4,15.0,8.4,24.2,48.1,78.5,37.4,Standard,Morning,Average,Type_B,Low,90,Op05,B03,48417.0
PP004578,175.5,12.1,11.2,21.5,42.1,79.5,48.7,Cardstock,Night,Good,Type_A,Medium,47,Op04,B01,68319.7
PP004579,130.7,2.5,5.9,23.3,48.2,29.0,42.4,Matte,Afternoon,Average,Type_A,Medium,89,Op09,B16,30054.3
PP004580,124.4,5.9,13.3,28.0,40.3,86.4,37.3,Glossy,Night,Average,Type_D,Medium,265,Op01,B19,80002.8
PP004581,130.8,6.5,17.0,27.2,56.6,90.6,25.1,Matte,Morning,Good,Type_B,High,266,Op07,B13,129650.5
PP004582,99.9,3.0,9.7,19.3,44.5,94.4,35.6,Standard,Morning,Good,Type_C,High,73,Op04,B09,56192.5
PP004583,92.2,1.9,7.8,26.1,37.9,,32.7,Standard,Afternoon,Good,Type_B,Medium,90,Op02,B06,37248.4
PP004584,90.6,10.2,17.0,22.1,54.5,84.9,27.5,Standard,Night,Average,Type_D,Medium,252,Op02,B17,61475.2
PP004585,122.5,4.6,17.6,28.8,48.6,84.0,38.9,Matte,Morning,Average,Type_B,Medium,62,Op04,B01,114503.8
PP004586,139.9,6.2,14.0,17.7,39.6,94.7,36.0,Standard,Afternoon,Average,Type_D,Medium,265,Op09,B05,98349.7
PP004587,126.0,3.1,13.3,18.7,64.5,77.5,48.5,Standard,Night,Good,Type_A,Medium,179,Op10,B01,88781.6
PP004588,106.6,1.2,13.2,25.2,41.7,79.6,65.2,Matte,Afternoon,Good,Type_A,Low,183,Op06,B05,66179.0
PP004589,136.4,7.1,14.1,27.0,51.6,77.1,57.3,Glossy,Morning,Average,Type_A,Low,125,Op04,B19,89910.5
PP004590,106.1,12.4,11.7,29.9,,80.5,19.4,Standard,Morning,Poor,Type_B,High,24,Op10,B08,39900.4
PP004591,127.3,3.5,14.0,,63.3,83.5,37.0,Standard,Night,Good,Type_C,High,319,Op02,B10,100082.1
PP004592,99.3,13.4,6.2,21.3,37.2,76.1,39.7,Glossy,Morning,Good,Type_B,Medium,218,Op07,B05,26788.3
PP004593,127.9,2.2,14.2,27.1,51.8,61.2,52.6,Matte,Afternoon,Good,Type_A,Medium,275,Op05,B08,96688.6
PP004594,87.0,2.0,6.8,28.7,56.2,37.5,22.4,Standard,Night,Good,Type_A,High,56,Op06,B12,25546.8
PP004595,65.7,3.4,12.8,30.5,56.8,84.5,41.5,Matte,Night,Average,Type_A,Low,250,Op05,B12,33686.1
PP004596,132.9,0.0,3.4,21.9,27.3,69.4,20.0,Standard,Morning,Good,Type_A,Low,326,Op09,B17,22603.8
PP004597,161.3,5.6,10.6,28.3,46.5,54.7,14.0,Standard,Morning,Good,Type_A,Low,306,Op05,B13,64742.3
PP004598,102.1,0.0,6.6,26.5,55.2,87.2,29.0,Standard,Morning,Good,Type_A,Low,4,Op06,B07,36126.0
PP004599,35.8,6.4,13.8,16.0,20.3,67.7,22.4,Glossy,Morning,Good,Type_D,Medium,174,Op08,B15,12857.0
PP004600,152.0,5.2,8.4,28.8,59.0,95.1,31.3,Matte,Night,Good,Type_B,Medium,93,Op08,B11,68592.2
PP004601,120.9,2.0,12.1,28.3,44.0,72.2,62.3,Matte,Night,Good,Type_D,Medium,281,Op09,B13,71221.0
PP004602,180.0,7.1,9.9,16.0,35.6,76.2,70.4,Standard,Afternoon,Poor,Type_B,High,160,Op08,B17,45202.9
PP004603,162.8,2.6,12.3,30.5,83.4,91.8,32.1,Standard,Afternoon,Good,Type_C,Medium,187,Op02,B13,87924.6
PP004604,99.8,1.9,10.5,24.2,61.5,65.6,25.5,Standard,Morning,Poor,Type_C,Medium,116,Op07,B14,44389.1
PP004605,115.3,8.2,19.7,22.6,66.6,91.4,33.5,Standard,Morning,Average,Type_C,Low,287,Op09,B11,90381.4
PP004606,132.3,7.7,11.0,25.8,62.5,80.6,19.9,Cardstock,Afternoon,Poor,Type_D,Medium,234,Op08,B12,60001.2
PP004607,97.2,0.9,7.5,22.3,73.1,93.1,21.6,Standard,Night,Average,Type_C,Medium,338,Op02,B20,34867.9
PP004608,166.5,8.4,8.7,28.2,56.0,97.9,55.8,Standard,Night,Average,Type_A,Medium,138,Op03,B02,67252.9
PP004609,137.6,2.9,11.4,17.5,35.4,96.8,40.3,Glossy,Afternoon,Average,Type_B,Low,35,Op03,B18,73695.5
PP004610,91.9,0.5,11.8,22.0,62.7,76.2,20.0,Cardstock,Morning,Good,Type_D,High,276,Op06,B07,52013.7
PP004611,160.5,7.5,12.1,15.7,54.9,,30.9,Standard,Morning,Good,Type_B,Medium,335,Op06,B15,89587.5
PP004612,76.0,15.0,9.5,27.0,37.8,71.1,34.0,Standard,Morning,Average,Type_B,Medium,87,Op08,B03,26383.2
PP004613,135.8,15.0,10.4,28.1,36.3,89.0,39.5,Standard,Morning,Average,Type_B,High,76,Op09,B19,63597.8
PP004614,76.5,15.0,10.3,25.1,30.9,40.3,35.2,Standard,Night,Average,Type_D,High,118,Op10,B09,17647.8
PP004615,148.8,9.0,13.0,27.1,65.4,42.2,50.4,Glossy,Afternoon,Average,Type_C,Medium,63,Op04,B16,74775.4
PP004616,91.1,0.9,5.6,22.8,55.3,74.1,41.8,Standard,Morning,Good,Type_B,High,168,Op07,B07,25896.4
PP004617,99.5,3.1,13.7,23.4,53.2,74.1,43.1,Glossy,Morning,Average,Type_A,Medium,327,Op02,B10,67475.5
PP004618,126.7,2.5,8.9,21.7,58.1,78.1,29.7,Glossy,Night,Good,Type_C,Medium,123,Op08,B08,57691.3
PP004619,127.8,1.9,15.6,24.9,62.3,95.4,45.5,Standard,Night,Average,Type_B,Medium,164,Op08,B01,104506.0
PP004620,128.3,0.3,14.6,22.6,46.8,78.5,45.6,Standard,Morning,Good,Type_B,Medium,355,Op09,B02,108440.2
PP004621,120.5,3.0,9.8,26.6,44.5,92.6,36.6,Standard,Afternoon,Good,Type_A,Low,126,Op01,B18,62711.4
PP004622,85.0,2.4,9.7,31.9,,,77.7,Matte,Afternoon,Good,Type_A,Medium,225,Op09,B12,35378.8
PP004623,109.2,1.3,15.9,30.1,45.5,82.4,63.8,Standard,Morning,Good,Type_B,Medium,212,Op05,B01,92458.5
PP004624,116.3,14.0,9.5,23.9,72.6,98.4,18.1,Cardstock,Morning,Poor,Type_B,High,114,Op10,B20,28938.1
PP004625,126.4,3.3,8.2,28.4,56.3,63.7,34.8,Standard,Morning,Good,Type_B,Low,216,Op07,B03,56315.0
PP004626,97.4,9.1,14.1,32.6,42.4,75.9,31.4,Cardstock,Morning,Average,Type_D,High,313,Op05,B04,53532.6
PP004627,140.1,1.2,11.9,31.1,61.6,81.3,23.9,Matte,Morning,Good,Type_B,High,361,Op09,B01,101674.3
PP004628,102.1,4.6,12.0,23.0,58.8,75.6,43.5,Standard,Afternoon,Average,Type_C,Medium,320,Op07,B05,59572.6
PP004629,95.2,7.0,6.8,18.6,,85.6,27.7,Standard,Night,Average,Type_A,Medium,261,Op07,B14,30717.7
PP004630,85.4,1.5,11.3,27.7,40.6,76.4,41.0,Glossy,Morning,Average,Type_A,High,311,Op04,B15,47005.6
PP004631,84.6,9.7,10.4,23.9,27.5,61.7,72.3,Glossy,Night,Poor,Type_B,High,63,Op07,B03,20343.4
PP004632,83.0,7.4,6.6,23.5,43.0,89.5,79.4,Matte,Night,Good,Type_A,Medium,296,Op02,B13,22868.8
PP004633,94.6,4.0,12.9,29.5,47.0,82.0,52.2,Glossy,Afternoon,Good,Type_A,High,134,Op04,B10,62509.1
PP004634,162.0,7.9,10.9,23.7,26.7,72.8,53.5,Standard,Morning,Good,Type_B,High,236,Op08,B01,85869.3
PP004635,116.2,4.6,5.3,,55.7,93.0,87.5,Matte,Afternoon,Poor,Type_D,High,232,Op01,B04,21698.5
PP004636,172.6,3.3,15.0,24.9,46.5,73.2,65.0,Glossy,Night,Good,Type_C,Medium,81,Op07,B10,102634.3
PP004637,58.6,0.3,6.6,21.4,80.4,87.5,36.0,Matte,Morning,Average,Type_C,Medium,201,Op03,B10,14412.7
PP004638,141.1,11.7,16.4,26.7,62.2,77.7,22.8,Matte,Night,Average,Type_A,Medium,231,Op06,B03,101608.7
PP004639,137.0,4.1,12.9,20.4,39.9,81.9,22.9,Glossy,Morning,Good,Type_C,High,96,Op03,B10,101796.2
PP004640,61.5,7.8,12.0,24.5,40.2,77.7,53.0,Standard,Morning,Good,Type_B,Medium,256,Op01,B11,35366.5
PP004641,121.0,10.7,16.6,26.1,64.1,95.2,28.4,Standard,Afternoon,Good,Type_D,Medium,220,Op04,B09,102771.6
PP004642,121.2,12.4,9.3,20.2,49.6,85.8,24.7,Glossy,Morning,Average,Type_C,Medium,184,Op05,B04,50784.1
PP004643,128.0,9.0,9.1,24.6,54.7,90.1,51.0,Standard,Morning,Average,Type_C,High,52,Op07,B15,59448.7
PP004644,95.4,0.5,8.2,23.0,47.1,81.9,18.4,Standard,Afternoon,Average,Type_C,Medium,93,Op05,B08,40606.0
PP004645,129.6,3.4,15.0,18.2,61.0,82.2,32.0,Glossy,Afternoon,Good,Type_A,Medium,155,Op09,B11,107163.3
PP004646,148.1,0.5,8.1,26.9,,66.7,49.7,Standard,Morning,Good,Type_B,High,128,Op08,B07,71554.6
PP004647,82.9,6.2,14.6,29.0,59.9,,34.3,Glossy,Afternoon,Average,Type_A,Medium,198,Op10,B04,55108.8
PP004648,102.8,1.7,12.4,25.4,63.5,79.1,43.2,Standard,Morning,Good,Type_B,Medium,125,Op10,B02,67820.5
PP004649,134.6,4.0,21.2,21.7,57.6,73.1,18.2,Glossy,Afternoon,Poor,Type_A,Medium,14,Op05,B17,113236.3
PP004650,86.2,9.4,15.0,24.4,59.6,84.3,21.9,Cardstock,Morning,Average,Type_A,Medium,341,Op08,B01,55850.5
PP004651,143.1,2.1,9.1,22.6,62.9,78.8,40.3,Matte,Morning,Good,Type_A,Medium,224,Op02,B11,74966.1
PP004652,115.6,3.4,6.6,28.2,61.3,65.0,24.1,Glossy,Night,Average,Type_A,Low,328,Op07,B05,32364.1
PP004653,144.5,1.5,9.4,25.3,,88.7,27.9,Glossy,Afternoon,Average,Type_A,Medium,146,Op03,B20,76786.3
PP004654,30.0,9.3,9.5,25.0,45.6,93.2,55.3,Standard,Morning,Good,Type_A,High,305,Op05,B18,11895.7
PP004655,146.0,9.2,11.7,26.4,45.2,88.5,11.7,Standard,Afternoon,Average,Type_A,High,127,Op02,B13,103863.8
PP004656,131.1,2.6,17.0,27.0,67.8,61.1,36.3,Cardstock,Afternoon,Average,Type_C,Low,249,Op06,B06,85206.8
PP004657,136.8,5.6,10.3,23.0,44.5,72.1,49.5,Matte,Afternoon,Average,Type_C,Medium,123,Op04,B05,70309.9
PP004658,92.9,6.3,12.0,30.4,52.8,25.3,25.3,Standard,Afternoon,Poor,Type_B,High,48,Op01,B01,30813.3
PP004659,168.8,11.1,16.1,25.9,53.7,91.7,31.2,Standard,Afternoon,Average,Type_B,Medium,85,Op01,B02,111798.2
PP004660,91.2,8.1,8.6,27.5,36.3,93.6,31.0,Standard,Night,Poor,Type_B,High,215,Op01,B16,30103.2
PP004661,145.4,1.9,18.8,19.6,42.8,95.6,34.0,Cardstock,Afternoon,Good,Type_C,Medium,187,Op05,B13,139209.7
PP004662,112.8,6.7,17.0,20.4,38.0,85.1,31.0,Standard,Afternoon,Good,Type_A,High,65,Op09,B12,107656.0
PP004663,54.6,5.0,7.7,,49.2,84.3,25.1,Matte,Night,Average,Type_D,High,244,Op07,B17,16210.0
PP004664,136.3,8.6,11.4,28.1,29.1,95.0,18.6,Glossy,Morning,Good,Type_A,Medium,324,Op02,B12,86477.9
PP004665,117.0,7.8,21.9,25.7,45.6,94.7,61.9,Standard,Morning,Good,Type_B,Medium,121,Op02,B05,129994.4
PP004666,91.3,1.7,21.3,31.4,46.8,86.3,42.4,Glossy,Afternoon,Good,Type_B,High,90,Op05,B15,91654.9
PP004667,110.4,0.4,11.5,26.6,40.8,68.2,25.4,Standard,Afternoon,Average,Type_B,Medium,86,Op03,B13,65825.9
PP004668,180.0,4.0,7.8,28.0,62.8,91.1,31.2,Glossy,Afternoon,Average,Type_D,High,49,Op08,B05,53942.5
PP004669,93.8,0.5,14.0,23.6,39.5,43.5,28.9,Glossy,Morning,Good,Type_D,High,363,Op04,B18,58195.2
PP004670,147.4,3.7,15.1,23.1,62.7,94.4,25.0,Cardstock,Night,Average,Type_B,Low,250,Op05,B04,105261.5
PP004671,110.3,15.0,11.6,21.8,53.9,80.0,49.8,Matte,Night,Poor,Type_D,High,165,Op03,B14,28993.6
PP004672,121.4,4.0,9.1,18.4,54.5,99.2,35.3,Standard,Morning,Average,Type_D,Medium,30,Op05,B19,57787.5
PP004673,145.9,2.3,12.4,24.5,46.3,83.0,53.6,Standard,Morning,Good,Type_C,Medium,10,Op06,B07,107399.1
PP004674,145.4,5.2,20.8,25.7,51.6,96.2,33.6,Standard,Afternoon,Good,Type_A,High,15,Op04,B08,173817.0
PP004675,128.6,3.4,7.4,31.3,37.5,67.9,39.1,Matte,Afternoon,Good,Type_A,Medium,110,Op10,B10,48383.7
PP004676,83.3,6.1,10.1,32.1,44.7,90.7,31.5,Standard,Afternoon,Average,Type_C,Medium,227,Op01,B19,38231.8
PP004677,124.2,5.0,12.7,18.9,53.5,87.0,17.1,Cardstock,Afternoon,Good,Type_A,High,11,Op02,B14,86185.3
PP004678,122.4,15.0,11.0,28.9,53.6,88.7,77.4,Matte,Night,Good,Type_B,Medium,182,Op04,B05,53564.5
PP004679,96.0,0.3,7.2,23.2,44.2,,62.5,Glossy,Afternoon,Poor,Type_D,Medium,80,Op01,B05,24702.7
PP004680,81.0,1.1,9.9,26.0,50.5,95.3,25.7,Glossy,Morning,Good,Type_B,Medium,266,Op05,B15,43997.8
PP004681,154.3,13.1,12.4,22.4,48.0,79.3,21.5,Standard,Afternoon,Good,Type_A,Medium,137,Op02,B13,98275.5
PP004682,78.1,0.5,8.2,18.1,50.2,94.1,81.5,Cardstock,Afternoon,Good,Type_C,Medium,249,Op07,B06,25354.1
PP004683,137.1,1.9,13.6,19.6,48.4,78.5,42.3,Matte,Afternoon,Good,Type_A,Low,45,Op02,B13,97006.2
PP004684,91.3,1.6,8.0,30.1,35.8,97.6,28.8,Glossy,Afternoon,Average,Type_B,Medium,220,Op05,B16,34888.7
PP004685,136.5,13.0,6.8,28.6,58.5,81.8,17.3,Standard,Morning,Average,Type_B,High,124,Op02,B18,47282.3
PP004686,52.6,6.1,7.1,30.8,43.9,97.6,19.8,Matte,Afternoon,Average,Type_C,Low,180,Op09,B14,14396.2
PP004687,143.3,4.7,8.3,28.5,58.1,93.4,32.6,Standard,Morning,Average,Type_B,Low,239,Op08,B16,64114.7
PP004688,105.2,3.5,8.1,18.9,38.1,87.0,26.8,Cardstock,Afternoon,Average,Type_A,High,311,Op04,B10,41409.1
PP004689,84.7,0.5,16.0,20.6,66.5,83.2,23.9,Matte,Night,Good,Type_C,Medium,331,Op07,B08,62778.7
PP004690,178.7,1.8,6.4,19.5,41.2,74.9,48.6,Cardstock,Afternoon,Average,Type_C,Medium,71,Op04,B06,37875.5
PP004691,114.3,0.9,16.2,23.3,50.1,89.6,18.9,Standard,Afternoon,Good,Type_C,High,308,Op02,B08,111107.9
PP004692,122.1,4.5,14.6,15.0,48.3,11.1,26.8,Matte,Morning,Poor,Type_B,Medium,10,Op04,B05,25724.9
PP004693,120.4,15.0,9.9,24.5,30.9,91.5,50.7,Standard,Morning,Average,Type_D,High,352,Op05,B16,51370.2
PP004694,139.7,3.0,13.2,22.2,73.0,86.8,41.5,Glossy,Morning,Good,Type_A,Medium,97,Op05,B08,102969.6
PP004695,98.2,2.5,13.0,29.7,46.7,87.6,80.4,Cardstock,Morning,Good,Type_D,High,159,Op07,B01,58982.5
PP004696,166.7,3.5,15.0,18.4,,17.8,54.3,Glossy,Night,Good,Type_B,Low,185,Op08,B16,7104.0
PP004697,89.6,4.9,12.9,30.7,62.7,92.4,61.5,Glossy,Morning,Good,Type_B,Low,174,Op04,B10,49807.3
PP004698,97.9,10.4,7.0,22.5,63.8,92.2,17.0,Standard,Night,Poor,Type_C,Medium,100,Op09,B04,23529.3
PP004699,121.8,2.3,14.8,23.3,22.7,83.1,22.9,Glossy,Morning,Good,Type_C,High,113,Op01,B16,95703.5
PP004700,180.0,1.4,13.4,22.1,61.3,94.3,23.4,Standard,Morning,Good,Type_D,Medium,267,Op03,B18,105952.0
PP004701,100.3,13.8,14.3,25.7,31.5,,22.6,Standard,Afternoon,Good,Type_B,Medium,69,Op08,B01,67041.2
PP004702,128.1,1.2,11.2,25.1,54.6,92.3,60.8,Cardstock,Morning,Average,Type_B,Low,95,Op03,B01,63870.1
PP004703,101.4,1.8,18.9,34.4,46.6,97.8,23.3,Cardstock,Morning,Average,Type_C,High,313,Op10,B12,86518.0
PP004704,91.3,4.4,10.8,,47.0,92.9,39.6,Cardstock,Night,Good,Type_C,Low,199,Op05,B04,36763.2
PP004705,124.6,0.2,6.8,22.8,41.1,91.9,27.0,Standard,Morning,Good,Type_C,Low,133,Op10,B07,46817.8
PP004706,163.0,14.2,6.5,25.4,52.7,83.9,47.8,Standard,Morning,Average,Type_D,Medium,86,Op02,B11,39862.2
PP004707,73.4,3.5,11.0,27.1,41.9,72.8,42.4,Cardstock,Night,Good,Type_D,Low,193,Op04,B14,28767.2
PP004708,123.2,5.1,10.8,26.5,44.2,86.3,38.1,Standard,Night,Good,Type_D,Low,335,Op10,B05,64150.0
PP004709,132.4,0.6,13.7,23.1,42.5,32.5,40.8,Glossy,Morning,Average,Type_A,High,314,Op08,B08,80593.4
PP004710,108.4,3.5,16.6,27.1,61.7,96.5,53.3,Standard,Morning,Good,Type_A,High,10,Op10,B07,106343.9
PP004711,105.6,1.3,6.7,30.3,55.6,96.1,32.0,Standard,Morning,Good,Type_C,Medium,55,Op06,B09,39088.4
PP004712,90.1,4.9,11.3,22.4,73.6,74.7,20.1,Glossy,Night,Good,Type_D,Low,133,Op09,B04,38595.4
PP004713,102.0,2.5,12.3,26.7,57.5,84.2,90.6,Cardstock,Morning,Good,Type_B,High,259,Op08,B12,57224.4
PP004714,96.8,4.2,5.0,21.0,44.1,95.2,35.8,Cardstock,Morning,Good,Type_C,Medium,170,Op09,B01,22282.2
PP004715,145.5,0.2,5.9,27.4,52.3,82.3,59.8,Standard,Morning,Good,Type_D,Medium,258,Op01,B12,46142.1
PP004716,96.1,2.8,11.1,19.5,68.6,81.0,15.1,Cardstock,Afternoon,Good,Type_A,High,37,Op07,B18,54325.1
PP004717,125.3,4.6,10.1,29.0,57.7,78.6,27.7,Glossy,Night,Good,Type_B,High,244,Op05,B14,68610.7
PP004718,155.6,1.5,7.5,15.8,26.0,59.7,65.8,Standard,Afternoon,Good,Type_C,Low,17,Op04,B06,30785.2
PP004719,83.7,10.9,12.6,20.2,44.1,78.3,35.4,Cardstock,Afternoon,Average,Type_B,Medium,319,Op06,B14,41725.9
PP004720,86.2,2.9,20.2,32.4,56.1,87.2,28.8,Standard,Night,Good,Type_D,Low,342,Op08,B07,70493.4
PP004721,116.7,2.9,8.7,24.3,48.5,94.2,40.2,Glossy,Afternoon,Good,Type_B,Medium,320,Op02,B12,56785.3
PP004722,97.8,9.4,14.6,22.8,40.4,85.1,19.7,Standard,Night,Good,Type_B,Low,173,Op03,B17,68360.4
PP004723,146.6,8.2,7.7,31.1,,,38.8,Glossy,Night,Average,Type_C,High,34,Op05,B03,56208.2
PP004724,140.5,15.0,6.7,31.5,51.6,86.2,19.6,Matte,Afternoon,Average,Type_B,High,133,Op09,B19,42060.0
PP004725,125.5,7.8,12.7,25.7,44.6,69.9,68.2,Standard,Night,Good,Type_A,Medium,58,Op01,B17,79466.0
PP004726,153.7,1.9,5.9,21.0,43.0,,90.7,Cardstock,Night,Good,Type_D,Low,32,Op08,B19,26423.2
PP004727,106.2,15.0,11.2,23.5,53.0,96.0,55.3,Cardstock,Afternoon,Average,Type_C,High,144,Op05,B02,41684.5
PP004728,118.9,14.7,8.0,19.0,54.9,88.9,15.7,Glossy,Night,Poor,Type_C,Medium,101,Op05,B12,22582.7
PP004729,153.5,10.3,12.1,,67.3,93.2,53.7,Matte,Morning,Good,Type_D,High,257,Op03,B20,93850.1
PP004730,180.0,1.4,7.0,24.8,53.7,93.1,25.0,Matte,Morning,Good,Type_D,Medium,210,Op07,B17,53400.0
PP004731,102.8,2.2,9.0,28.0,54.6,52.6,32.4,Cardstock,Morning,Good,Type_A,Medium,77,Op04,B06,43649.7
PP004732,105.7,14.6,7.4,27.4,52.6,95.8,68.1,Standard,Morning,Poor,Type_B,Low,273,Op01,B09,16629.3
PP004733,166.0,0.5,11.7,26.6,49.0,63.6,57.5,Standard,Night,Average,Type_A,Low,109,Op02,B20,71694.8
PP004734,118.3,7.2,14.2,28.1,52.3,85.0,25.2,Glossy,Afternoon,Average,Type_B,Medium,1,Op09,B12,82472.2
PP004735,70.2,0.2,11.1,27.4,26.2,83.7,16.1,Matte,Afternoon,Good,Type_A,High,353,Op06,B09,40095.6
PP004736,130.2,2.7,20.4,28.1,69.6,,14.4,Standard,Night,Good,Type_C,High,4,Op06,B20,133815.3
PP004737,116.3,6.6,11.2,18.9,77.8,70.9,19.3,Glossy,Morning,Poor,Type_B,Medium,344,Op03,B17,49849.0
PP004738,121.4,8.0,11.8,29.1,27.8,77.5,44.3,Standard,Afternoon,Good,Type_C,Medium,172,Op02,B10,71885.4
PP004739,146.4,0.2,4.9,17.1,59.4,84.9,39.1,Cardstock,Morning,Average,Type_D,High,12,Op03,B03,33900.9
PP004740,100.6,0.5,17.8,28.6,39.0,85.5,30.5,Standard,Afternoon,Poor,Type_B,High,144,Op09,B17,79007.7
PP004741,98.8,0.7,11.7,34.5,38.7,82.5,26.6,Standard,Afternoon,Average,Type_B,Medium,170,Op09,B19,56294.2
PP004742,93.6,0.4,21.4,25.0,45.6,77.0,51.5,Cardstock,Afternoon,Good,Type_D,Medium,180,Op09,B14,80169.9
PP004743,155.7,0.0,8.1,29.0,33.0,96.8,32.8,Matte,Morning,Good,Type_B,Medium,214,Op02,B18,69199.5
PP004744,126.7,3.1,14.8,23.2,55.0,84.9,25.4,Standard,Afternoon,Average,Type_B,High,364,Op09,B13,108470.6
PP004745,32.9,8.2,16.1,26.7,47.7,91.7,32.2,Matte,Morning,Good,Type_A,Medium,82,Op10,B03,21079.2
PP004746,147.1,1.2,9.8,26.4,48.5,88.1,54.9,Glossy,Morning,Good,Type_C,Medium,103,Op05,B05,84443.5
PP004747,130.2,8.2,6.5,21.0,56.2,50.9,35.0,Cardstock,Afternoon,Average,Type_D,Low,120,Op02,B15,30366.9
PP004748,30.0,12.8,13.3,16.1,41.1,81.4,44.8,Standard,Morning,Average,Type_B,Low,7,Op04,B12,8590.9
PP004749,168.9,1.6,8.9,29.9,58.7,75.5,52.4,Cardstock,Morning,Poor,Type_A,Medium,109,Op03,B16,55892.3
PP004750,175.9,0.8,7.4,27.7,48.8,78.3,37.3,Glossy,Afternoon,Good,Type_B,Medium,104,Op09,B12,55116.9
PP004751,120.0,7.9,17.3,,62.3,53.5,31.1,Standard,Morning,Average,Type_A,Medium,27,Op08,B06,101743.8
PP004752,137.3,2.4,6.2,33.1,40.1,74.0,20.6,Matte,Night,Good,Type_D,Medium,204,Op07,B20,44400.9
PP004753,103.8,7.2,11.8,23.0,46.5,90.7,29.3,Glossy,Night,Good,Type_C,Medium,262,Op06,B05,59974.9
PP004754,100.9,3.2,19.6,15.0,80.1,93.3,18.8,Matte,Night,Good,Type_D,Medium,131,Op10,B14,72812.7
PP004755,153.7,4.6,13.4,29.9,52.3,93.4,30.3,Matte,Morning,Poor,Type_A,Low,267,Op02,B20,76645.8
PP004756,102.4,4.7,9.4,24.2,59.0,83.0,48.1,Standard,Morning,Average,Type_B,Medium,214,Op08,B15,48451.7
PP004757,101.4,2.3,9.8,,73.4,97.9,20.6,Cardstock,Morning,Good,Type_A,Low,165,Op05,B19,44441.1
PP004758,131.2,0.8,5.7,19.7,51.1,96.8,50.0,Standard,Afternoon,Average,Type_D,High,27,Op01,B07,39497.8
PP004759,70.8,6.8,5.8,23.9,51.6,75.0,23.6,Matte,Night,Average,Type_D,High,359,Op02,B04,17834.6
PP004760,101.7,5.5,10.4,25.0,54.0,90.6,25.4,Matte,Night,Good,Type_A,High,39,Op05,B04,58377.9
PP004761,141.5,4.1,7.7,22.3,52.0,86.8,31.6,Matte,Afternoon,Good,Type_B,High,189,Op04,B18,65715.1
PP004762,58.1,0.9,8.7,19.1,49.3,95.6,57.2,Cardstock,Morning,Average,Type_B,High,295,Op10,B02,21265.4
PP004763,110.8,6.5,12.1,30.4,55.5,90.8,17.7,Cardstock,Afternoon,Poor,Type_A,High,289,Op07,B20,57360.7
PP004764,101.6,13.8,16.3,15.0,56.5,74.1,28.2,Standard,Morning,Good,Type_B,High,319,Op05,B16,65773.7
PP004765,90.1,13.4,12.0,26.7,71.7,75.8,47.2,Standard,Night,Poor,Type_D,Medium,338,Op02,B16,21313.8
PP004766,75.0,1.9,14.4,27.4,24.6,67.8,47.7,Matte,Morning,Average,Type_B,High,254,Op10,B20,44592.3
PP004767,84.4,1.3,22.3,24.4,59.9,92.8,47.5,Standard,Morning,Average,Type_A,Medium,25,Op10,B08,86144.2
PP004768,92.1,2.0,7.8,18.2,44.8,77.2,45.0,Standard,Afternoon,Good,Type_B,Medium,164,Op04,B08,36558.1
PP004769,87.9,0.6,15.1,23.1,60.5,91.4,37.7,Matte,Night,Good,Type_C,Medium,153,Op05,B17,65871.5
PP004770,106.0,1.5,12.2,29.5,57.8,85.4,30.5,Standard,Afternoon,Average,Type_A,High,305,Op01,B19,70414.9
PP004771,101.2,2.7,23.3,23.9,,74.2,12.0,Matte,Morning,Good,Type_B,Medium,121,Op03,B08,101473.7
PP004772,81.2,5.3,10.0,23.4,45.1,76.1,32.9,Standard,Afternoon,Average,Type_C,Low,55,Op03,B15,34832.5
PP004773,124.8,4.1,11.4,27.9,64.3,82.5,34.0,Cardstock,Morning,Average,Type_C,Medium,155,Op09,B19,71597.3
PP004774,122.7,8.8,7.9,23.1,41.5,95.0,18.6,Standard,Afternoon,Average,Type_A,Medium,178,Op06,B02,53433.7
PP004775,69.5,0.7,11.3,22.6,66.2,68.9,70.8,Standard,Afternoon,Good,Type_C,Medium,14,Op08,B16,33251.7
PP004776,147.2,1.4,7.0,15.0,48.3,89.6,43.0,Standard,Morning,Good,Type_D,Medium,56,Op01,B13,51908.9
PP004777,108.2,2.1,11.6,24.7,33.0,70.1,40.8,Standard,Morning,Average,Type_B,Low,190,Op03,B14,57450.8
PP004778,132.8,1.7,8.1,23.9,47.1,75.7,35.9,Standard,Night,Good,Type_A,Medium,178,Op06,B18,62744.2
PP004779,91.6,6.6,8.4,21.4,32.8,52.1,46.9,Matte,Morning,Average,Type_D,Medium,345,Op07,B09,30639.1
PP004780,80.7,2.4,17.4,22.3,68.6,,29.5,Standard,Night,Poor,Type_B,Medium,170,Op01,B06,52836.3
PP004781,115.5,1.8,8.3,,54.5,93.1,17.3,Matte,Afternoon,Good,Type_C,High,110,Op02,B14,50303.3
PP004782,82.9,9.1,8.9,22.4,46.2,,69.8,Standard,Night,Average,Type_B,Medium,22,Op10,B10,28371.9
PP004783,146.4,0.2,7.1,24.5,57.7,86.2,31.5,Standard,Night,Good,Type_A,Medium,302,Op10,B02,62042.6
PP004784,180.0,0.7,11.1,17.8,53.9,96.9,46.6,Matte,Morning,Good,Type_A,Medium,218,Op06,B08,81395.9
PP004785,138.7,1.2,9.9,26.7,51.5,49.8,25.7,Standard,Night,Average,Type_B,Medium,17,Op06,B18,66558.6
PP004786,115.1,1.7,9.0,,35.9,79.2,67.3,Cardstock,Afternoon,Good,Type_A,Medium,143,Op03,B01,38948.6
PP004787,101.7,0.5,11.2,34.8,,67.1,25.1,Standard,Night,Good,Type_D,Medium,248,Op04,B19,52313.0
PP004788,88.2,1.4,6.9,25.0,50.7,95.1,24.0,Standard,Night,Good,Type_B,Medium,281,Op10,B18,32194.1
PP004789,108.1,2.9,12.5,19.8,70.9,73.9,76.6,Standard,Night,Good,Type_A,Low,290,Op05,B04,57628.4
PP004790,88.3,3.1,6.2,29.8,20.0,75.5,28.0,Matte,Morning,Good,Type_C,Medium,88,Op06,B09,25359.7
PP004791,95.3,1.2,7.3,20.3,34.0,78.1,21.3,Glossy,Morning,Good,Type_A,Low,161,Op02,B19,33099.7
PP004792,156.5,10.1,13.3,21.6,43.5,95.1,27.9,Cardstock,Night,Average,Type_A,Low,291,Op02,B10,68644.9
PP004793,103.3,5.1,11.6,21.0,72.6,80.2,40.5,Glossy,Morning,Average,Type_C,Medium,159,Op04,B15,55658.9
PP004794,138.9,9.9,6.6,,,87.0,43.1,Matte,Afternoon,Good,Type_D,Medium,26,Op07,B14,43351.9
PP004795,148.0,5.5,9.5,27.3,57.5,74.2,18.6,Matte,Morning,Average,Type_A,Low,83,Op08,B15,74364.1
PP004796,119.6,0.6,16.1,20.8,66.2,83.6,58.2,Cardstock,Morning,Good,Type_D,Medium,296,Op10,B18,95880.5
PP004797,127.1,14.1,15.0,,34.2,94.4,21.7,Glossy,Afternoon,Good,Type_A,High,15,Op05,B05,93731.2
PP004798,120.5,2.9,9.7,31.5,49.7,87.2,14.8,Standard,Afternoon,Good,Type_A,Medium,154,Op10,B14,71324.9
PP004799,89.1,8.3,10.0,17.3,30.8,84.6,10.9,Standard,Afternoon,Poor,Type_D,High,59,Op10,B17,29924.4
PP004800,107.5,9.8,12.5,24.8,60.9,31.8,34.4,Glossy,Night,Poor,Type_A,Low,275,Op08,B08,20769.6
PP004801,136.5,0.4,6.0,24.3,35.8,6.5,45.4,Matte,Morning,Good,Type_D,High,242,Op03,B06,22839.4
PP004802,73.0,2.2,22.9,26.4,39.9,98.2,17.2,Standard,Afternoon,Good,Type_D,Low,237,Op09,B14,63741.4
PP004803,99.1,5.8,10.6,26.7,40.0,57.6,39.7,Standard,Afternoon,Good,Type_C,Medium,308,Op03,B11,50013.6
PP004804,128.2,2.4,9.4,21.5,35.6,82.3,16.7,Standard,Afternoon,Good,Type_B,High,16,Op03,B16,74296.1
PP004805,133.0,6.1,20.6,29.7,32.8,85.6,20.2,Standard,Night,Average,Type_C,Medium,264,Op06,B06,127141.5
PP004806,116.5,4.6,15.1,29.7,55.9,94.3,38.0,Matte,Afternoon,Average,Type_D,High,250,Op01,B08,92028.0
PP004807,104.3,11.6,7.8,28.6,32.3,96.9,12.8,Standard,Night,Poor,Type_A,Medium,258,Op02,B06,29878.2
PP004808,128.3,9.1,10.3,18.7,,85.7,45.9,Standard,Morning,Average,Type_B,Low,280,Op04,B06,62529.8
PP004809,124.2,5.8,14.5,15.0,53.8,96.3,24.8,Glossy,Morning,Average,Type_A,High,42,Op05,B02,90145.0
PP004810,116.7,5.7,11.9,27.3,45.6,94.6,14.3,Glossy,Afternoon,Average,Type_B,High,238,Op06,B04,77895.1
PP004811,116.5,2.6,8.0,27.0,46.4,84.4,32.2,Cardstock,Afternoon,Good,Type_C,Medium,271,Op04,B07,45532.5
PP004812,125.9,13.2,6.6,29.5,68.8,89.2,16.8,Standard,Afternoon,Average,Type_A,High,21,Op01,B15,41839.2
PP004813,96.3,0.2,10.5,32.5,59.6,94.6,39.0,Standard,Afternoon,Average,Type_B,Medium,57,Op06,B01,51529.8
PP004814,147.2,9.7,15.6,25.6,55.1,92.8,36.2,Cardstock,Night,Average,Type_B,High,138,Op05,B10,112858.7
PP004815,156.0,5.5,13.6,23.7,37.7,94.0,36.6,Matte,Night,Average,Type_D,Medium,355,Op06,B05,98245.7
PP004816,108.3,1.8,9.4,25.5,61.5,70.1,55.0,Glossy,Morning,Good,Type_D,Medium,2,Op01,B12,50215.9
PP004817,41.2,2.2,14.4,34.9,54.5,87.7,31.8,Standard,Morning,Good,Type_B,High,251,Op04,B10,25957.2
PP004818,77.2,2.7,10.6,24.7,52.1,,63.0,Glossy,Night,Average,Type_A,Medium,114,Op08,B04,34306.0
PP004819,137.9,1.6,13.8,32.1,69.0,83.8,120.0,Standard,Morning,Good,Type_A,Medium,11,Op07,B19,93593.2
PP004820,84.1,13.1,5.2,33.3,42.1,94.6,47.9,Cardstock,Afternoon,Average,Type_A,Medium,120,Op02,B08,14195.2
PP004821,130.1,2.0,6.8,20.9,,89.3,87.8,Matte,Night,Good,Type_B,Medium,352,Op03,B11,41621.7
PP004822,75.2,6.7,12.0,27.2,49.1,77.7,19.0,Standard,Morning,Poor,Type_A,High,26,Op04,B20,39362.4
PP004823,133.1,7.2,7.5,24.0,72.0,80.6,18.9,Glossy,Night,Good,Type_A,Medium,310,Op08,B03,52359.4
PP004824,118.8,2.3,12.3,19.6,47.0,80.5,43.6,Matte,Morning,Average,Type_B,Medium,144,Op10,B03,79518.8
PP004825,115.8,3.6,19.8,31.2,75.5,76.3,20.5,Glossy,Afternoon,Good,Type_B,Medium,298,Op03,B16,105178.2
PP004826,102.3,7.0,9.4,25.7,49.5,75.3,40.2,Standard,Night,Good,Type_C,Medium,55,Op03,B08,49147.2
PP004827,127.8,4.8,10.8,27.9,59.1,89.6,25.9,Standard,Afternoon,Good,Type_A,Medium,34,Op03,B20,83909.0
PP004828,78.4,0.1,7.2,18.5,32.1,79.1,41.6,Standard,Morning,Average,Type_C,Medium,137,Op08,B18,24359.2
PP004829,125.0,2.2,14.9,22.9,54.6,87.6,21.7,Matte,Afternoon,Good,Type_C,Medium,309,Op05,B20,104728.3
PP004830,107.2,2.2,16.4,28.4,49.4,83.3,25.5,Standard,Afternoon,Average,Type_D,Medium,101,Op03,B07,92027.3
PP004831,167.0,0.7,4.8,30.1,50.5,77.0,33.7,Standard,Night,Good,Type_C,Medium,310,Op07,B06,37576.5
PP004832,50.5,4.4,9.6,28.5,39.0,97.3,21.3,Matte,Afternoon,Good,Type_A,High,357,Op06,B13,22739.6
PP004833,121.1,9.2,8.9,30.2,68.0,93.9,54.7,Standard,Afternoon,Average,Type_C,High,228,Op05,B06,52603.1
PP004834,92.7,4.4,12.1,29.5,57.0,71.1,66.5,Matte,Afternoon,Good,Type_C,High,271,Op10,B04,52014.4
PP004835,130.8,1.9,18.6,26.7,70.4,88.4,35.5,Matte,Night,Average,Type_A,Medium,131,Op08,B17,117301.2
PP004836,144.9,4.4,9.3,25.1,47.8,90.7,35.7,Matte,Night,Good,Type_C,Medium,334,Op08,B20,75041.4
PP004837,70.5,6.8,9.3,25.8,67.5,81.8,25.5,Glossy,Morning,Average,Type_B,Low,88,Op06,B10,25913.1
PP004838,159.6,1.8,13.7,28.8,49.2,74.4,31.3,Standard,Afternoon,Average,Type_B,Low,2,Op08,B13,90157.1
PP004839,100.6,5.1,10.0,24.7,60.2,82.2,23.3,Glossy,Morning,Average,Type_A,Low,20,Op03,B01,44962.1
PP004840,107.1,1.3,9.3,20.2,64.7,79.6,15.0,Standard,Night,Good,Type_C,High,43,Op09,B01,54262.4
PP004841,92.1,6.9,14.3,27.9,46.0,95.7,51.3,Standard,Night,Good,Type_A,Medium,128,Op09,B12,65717.7
PP004842,42.0,2.4,9.1,26.2,63.7,97.3,30.2,Standard,Morning,Good,Type_A,Medium,74,Op05,B12,18006.0
PP004843,98.4,1.2,7.3,15.0,60.4,90.2,46.4,Matte,Afternoon,Good,Type_D,Low,175,Op10,B10,28373.0
PP004844,73.9,2.8,12.7,20.2,58.5,94.1,10.0,Matte,Night,Good,Type_D,High,333,Op03,B18,48837.6
PP004845,61.4,15.0,7.8,27.4,44.9,71.2,22.9,Glossy,Morning,Poor,Type_D,Medium,262,Op03,B08,7655.7
PP004846,150.9,15.0,13.7,21.4,59.1,65.2,27.3,Matte,Morning,Average,Type_B,High,185,Op07,B10,86742.0
PP004847,149.6,3.4,5.4,28.2,68.3,79.3,33.0,Standard,Morning,Good,Type_B,Low,294,Op05,B14,42712.5
PP004848,124.1,13.6,13.1,29.6,57.5,,24.0,Glossy,Afternoon,Average,Type_B,Medium,193,Op03,B12,69702.2
PP004849,83.7,4.6,7.5,25.1,40.6,92.2,32.1,Standard,Afternoon,Average,Type_D,High,306,Op05,B03,31783.2
PP004850,150.6,0.6,7.6,29.7,69.8,65.7,24.3,Glossy,Afternoon,Average,Type_A,Medium,100,Op09,B04,56890.3
PP004851,117.5,9.0,10.5,23.8,20.0,90.3,60.4,Cardstock,Night,Average,Type_A,Medium,350,Op10,B05,44784.8
PP004852,106.3,3.6,16.0,27.6,67.5,90.1,107.4,Matte,Afternoon,Good,Type_A,Medium,310,Op05,B09,79417.0
PP004853,88.1,15.0,12.5,26.6,62.0,83.5,23.5,Cardstock,Night,Average,Type_B,Low,214,Op05,B04,28283.3
PP004854,118.2,7.8,8.7,26.8,,91.1,48.2,Standard,Morning,Average,Type_A,Medium,341,Op03,B19,55749.9
PP004855,107.1,1.3,8.0,22.6,65.5,92.4,55.6,Cardstock,Morning,Average,Type_A,High,98,Op03,B16,40912.2
PP004856,103.2,10.1,12.0,20.3,49.2,84.9,17.0,Matte,Night,Average,Type_B,High,71,Op08,B19,57674.8
PP004857,103.3,0.6,13.9,28.1,67.9,84.9,17.3,Standard,Morning,Average,Type_A,Low,220,Op02,B14,70679.6
PP004858,135.0,6.9,13.7,30.5,57.1,89.0,22.3,Standard,Morning,Poor,Type_A,Low,174,Op03,B16,81616.7
PP004859,132.0,5.5,10.2,,49.3,67.4,47.3,Glossy,Afternoon,Average,Type_A,Low,323,Op08,B14,61365.9
PP004860,157.3,4.4,5.5,17.8,40.2,95.5,34.7,Glossy,Night,Average,Type_D,Medium,2,Op02,B03,38597.0
PP004861,105.0,1.1,7.9,21.0,77.7,96.1,12.8,Standard,Afternoon,Average,Type_A,High,238,Op03,B17,45768.0
PP004862,75.4,2.4,16.1,22.1,48.0,82.8,24.5,Glossy,Morning,Average,Type_A,Low,280,Op09,B06,52360.6
PP004863,119.6,2.8,15.2,25.7,67.4,63.8,46.3,Cardstock,Morning,Good,Type_C,High,300,Op10,B17,89348.0
PP004864,62.0,6.7,7.4,26.4,41.1,98.3,77.1,Standard,Night,Average,Type_B,Low,185,Op03,B08,16046.9
PP004865,85.1,0.2,12.8,29.6,62.7,17.5,24.6,Standard,Afternoon,Good,Type_A,Medium,179,Op05,B05,32462.8
PP004866,147.5,7.4,11.5,26.2,62.4,63.3,45.5,Cardstock,Night,Good,Type_A,High,177,Op02,B18,81744.6
PP004867,166.0,6.2,11.3,28.1,60.6,78.1,32.0,Standard,Night,Average,Type_C,Medium,279,Op01,B12,83960.6
PP004868,129.6,6.3,11.4,31.6,56.7,84.6,28.5,Matte,Night,Average,Type_D,High,39,Op05,B09,75054.4
PP004869,119.9,3.3,19.0,29.1,56.5,32.8,20.5,Standard,Morning,Good,Type_A,Low,163,Op06,B16,90206.0
PP004870,104.2,1.4,10.7,23.1,64.4,58.6,31.6,Standard,Afternoon,Poor,Type_A,Medium,317,Op08,B02,47454.2
PP004871,118.1,12.1,9.4,24.4,52.8,88.2,21.0,Standard,Night,Poor,Type_C,Medium,200,Op10,B18,34055.5
PP004872,115.8,0.5,12.4,23.2,61.4,91.5,43.9,Standard,Morning,Average,Type_C,Medium,53,Op03,B16,76297.8
PP004873,124.5,4.1,7.8,19.4,67.9,95.1,90.8,Glossy,Afternoon,Average,Type_C,Medium,307,Op07,B13,39951.0
PP004874,89.2,0.0,11.8,25.2,57.5,89.1,28.4,Matte,Afternoon,Average,Type_D,Medium,62,Op03,B02,50292.0
PP004875,120.9,0.0,10.5,30.9,55.4,90.1,16.5,Standard,Night,Average,Type_A,Medium,304,Op10,B10,69942.9
PP004876,69.9,0.0,9.9,22.7,62.7,37.1,33.2,Glossy,Morning,Average,Type_A,High,326,Op02,B16,26361.1
PP004877,63.6,15.0,8.4,15.7,40.6,72.3,68.6,Cardstock,Afternoon,Good,Type_D,High,222,Op04,B07,13543.2
PP004878,150.3,3.7,4.1,19.0,46.7,94.1,37.8,Standard,Afternoon,Good,Type_D,High,33,Op02,B10,33134.7
PP004879,180.0,8.3,6.9,24.2,52.9,94.6,10.5,Standard,Night,Average,Type_B,High,115,Op04,B17,51635.0
PP004880,120.6,0.1,12.9,27.0,32.2,74.6,68.5,Matte,Morning,Good,Type_C,Low,142,Op01,B06,71500.4
PP004881,116.2,1.5,14.0,21.0,,42.2,70.4,Standard,Afternoon,Average,Type_B,Medium,34,Op01,B06,69809.9
PP004882,158.0,2.7,5.5,21.2,,78.7,24.9,Standard,Afternoon,Average,Type_A,High,160,Op09,B09,47174.1
PP004883,72.1,5.8,7.7,20.1,46.9,28.5,51.1,Glossy,Night,Good,Type_D,High,280,Op04,B20,15945.5
PP004884,64.5,0.3,19.2,17.9,50.8,61.5,59.4,Standard,Morning,Good,Type_A,Low,251,Op01,B19,46320.4
PP004885,137.8,3.8,8.9,30.8,80.4,91.9,59.1,Glossy,Afternoon,Good,Type_C,Medium,69,Op08,B13,58573.3
PP004886,160.1,1.3,9.1,18.5,32.3,82.6,22.6,Glossy,Morning,Good,Type_A,Medium,169,Op07,B01,78976.1
PP004887,133.6,0.7,7.9,24.2,69.2,57.6,40.9,Standard,Afternoon,Good,Type_A,Medium,34,Op05,B20,55541.6
PP004888,108.5,1.6,11.7,32.8,45.4,73.0,89.0,Matte,Morning,Good,Type_D,Low,55,Op05,B12,50993.2
PP004889,171.6,1.9,9.5,23.8,57.4,95.3,21.1,Standard,Night,Average,Type_A,Medium,124,Op09,B09,80601.1
PP004890,98.4,0.8,10.0,16.2,49.4,62.4,37.4,Standard,Afternoon,Average,Type_A,Medium,30,Op09,B18,45189.4
PP004891,110.6,0.2,11.3,20.7,,75.3,63.7,Standard,Morning,Good,Type_B,Medium,356,Op05,B12,63420.9
PP004892,100.4,12.3,6.7,27.2,64.4,90.9,32.4,Standard,Morning,Average,Type_D,Medium,172,Op05,B14,30259.6
PP004893,76.6,0.6,14.8,30.7,61.0,78.3,13.2,Standard,Night,Poor,Type_B,High,114,Op10,B10,44302.1
PP004894,107.8,1.9,7.0,23.6,43.5,96.5,15.6,Standard,Afternoon,Good,Type_A,Medium,233,Op02,B19,45259.8
PP004895,110.8,0.2,10.3,23.3,52.8,15.6,30.3,Standard,Morning,Good,Type_B,Low,129,Op01,B16,32509.0
PP004896,111.1,2.2,7.0,21.2,40.5,75.9,19.4,Glossy,Night,Good,Type_B,Medium,171,Op03,B13,41476.8
PP004897,133.0,4.2,12.7,25.9,61.3,75.9,38.5,Cardstock,Afternoon,Good,Type_C,Medium,59,Op02,B14,85030.3
PP004898,95.9,0.1,12.6,24.7,20.0,74.0,34.7,Standard,Night,Good,Type_C,Medium,30,Op07,B17,56240.2
PP004899,155.4,1.6,12.5,26.2,47.2,89.8,27.1,Standard,Night,Average,Type_A,Medium,276,Op02,B18,103238.0
PP004900,104.9,2.5,9.6,,47.4,91.5,25.8,Standard,Morning,Good,Type_B,Medium,280,Op05,B06,58786.2
PP004901,81.0,10.3,6.7,29.8,43.3,82.1,59.4,Standard,Afternoon,Average,Type_D,Medium,341,Op05,B16,20736.5
PP004902,79.0,2.9,10.0,30.4,65.4,87.0,49.6,Matte,Morning,Good,Type_D,Medium,285,Op07,B14,36776.0
PP004903,101.4,14.9,6.9,24.8,61.4,92.7,32.1,Standard,Afternoon,Poor,Type_D,Medium,29,Op04,B07,17123.9
PP004904,108.2,4.8,14.9,29.1,,70.3,23.0,Glossy,Morning,Average,Type_B,Medium,269,Op06,B16,72463.8
PP004905,127.8,6.1,15.0,16.1,67.0,88.7,31.6,Cardstock,Afternoon,Poor,Type_B,High,132,Op05,B13,70960.7
PP004906,118.8,1.5,15.4,22.7,71.5,73.3,30.5,Matte,Morning,Good,Type_C,Medium,28,Op04,B12,95245.8
PP004907,150.0,1.1,11.1,22.7,68.5,92.8,35.4,Glossy,Night,Poor,Type_B,Low,90,Op06,B10,67736.1
PP004908,99.7,9.2,18.0,19.9,49.9,95.6,16.4,Standard,Afternoon,Average,Type_A,High,357,Op10,B03,86009.7
PP004909,136.1,7.6,6.6,33.3,58.8,91.4,28.5,Cardstock,Morning,Good,Type_C,Medium,74,Op05,B02,43563.2
PP004910,117.9,3.9,12.6,,73.3,76.3,61.5,Matte,Afternoon,Good,Type_D,Medium,121,Op08,B19,68934.0
PP004911,135.3,1.6,9.0,33.8,51.7,,68.5,Glossy,Afternoon,Good,Type_D,Low,303,Op01,B13,51001.9
PP004912,91.9,5.0,12.3,27.6,56.8,93.5,83.7,Standard,Afternoon,Good,Type_B,Low,324,Op05,B06,50190.2
PP004913,142.8,3.6,21.6,24.4,39.5,84.8,73.2,Standard,Afternoon,Poor,Type_B,Medium,320,Op01,B13,127230.2
PP004914,82.6,7.1,11.5,19.3,47.9,32.6,41.0,Matte,Afternoon,Good,Type_A,Low,266,Op02,B12,29453.9
PP004915,180.0,2.0,11.6,22.6,55.6,66.2,35.2,Cardstock,Afternoon,Good,Type_A,Low,70,Op09,B17,41183.9
PP004916,65.4,0.0,7.9,21.9,38.2,,42.9,Standard,Night,Good,Type_D,Low,244,Op06,B09,8370.0
PP004917,100.0,0.9,11.4,15.5,53.7,86.0,27.0,Standard,Night,Good,Type_B,Low,273,Op05,B20,50486.9
PP004918,112.3,11.2,16.5,25.8,58.7,88.2,26.2,Matte,Afternoon,Poor,Type_C,Medium,277,Op08,B14,61684.6
PP004919,163.2,0.0,7.8,28.4,20.0,90.1,14.9,Matte,Afternoon,Good,Type_A,Low,169,Op03,B07,53463.8
PP004920,170.3,7.0,7.7,24.6,48.5,76.9,20.2,Standard,Night,Good,Type_C,High,278,Op05,B06,66422.4
PP004921,83.2,15.0,8.4,24.6,44.4,74.3,20.0,Matte,Morning,Average,Type_A,Medium,92,Op06,B04,26106.8
PP004922,153.4,1.0,6.9,27.6,68.1,93.6,39.1,Standard,Night,Average,Type_C,Medium,215,Op08,B03,54220.2
PP004923,69.3,1.6,8.3,22.8,66.2,84.8,54.4,Matte,Afternoon,Average,Type_A,Medium,175,Op10,B09,25650.6
PP004924,173.1,4.9,13.6,22.9,57.7,86.6,26.3,Cardstock,Afternoon,Good,Type_C,Medium,139,Op04,B17,99355.6
PP004925,99.6,2.9,12.2,19.7,65.1,84.1,26.7,Glossy,Afternoon,Average,Type_A,Medium,101,Op01,B04,60782.7
PP004926,133.1,8.0,13.5,22.0,44.4,,33.8,Matte,Afternoon,Average,Type_C,High,360,Op10,B16,95507.1
PP004927,122.5,4.1,7.7,23.4,37.1,11.8,15.3,Glossy,Afternoon,Good,Type_D,High,241,Op10,B08,27322.5
PP004928,87.8,5.6,18.2,29.4,39.6,94.9,61.3,Standard,Night,Average,Type_A,Low,277,Op04,B12,61671.9
PP004929,117.2,5.8,12.9,26.6,39.8,90.8,34.0,Glossy,Morning,Good,Type_C,High,136,Op01,B10,84895.8
PP004930,128.4,0.2,9.9,25.5,61.3,86.3,45.5,Matte,Night,Good,Type_B,Low,86,Op09,B03,62035.0
PP004931,77.8,0.3,9.7,17.2,62.5,84.6,34.3,Glossy,Night,Poor,Type_B,Medium,348,Op10,B08,24649.2
PP004932,127.7,15.0,6.9,27.2,52.7,93.9,48.5,Standard,Night,Good,Type_A,Medium,186,Op01,B14,39346.8
PP004933,110.5,0.3,12.5,20.8,65.1,84.9,21.7,Matte,Morning,Good,Type_C,Low,177,Op02,B01,68594.6
PP004934,90.5,4.7,11.8,27.2,69.4,89.2,40.3,Matte,Afternoon,Average,Type_B,Low,359,Op07,B16,45105.1
PP004935,148.6,4.1,13.9,27.8,56.8,58.2,44.5,Cardstock,Afternoon,Good,Type_D,Medium,114,Op01,B16,99606.7
PP004936,92.6,0.8,8.5,29.0,60.7,42.1,29.8,Matte,Afternoon,Average,Type_C,High,333,Op02,B17,31249.1
PP004937,62.7,2.0,11.3,31.8,69.2,92.8,22.9,Glossy,Morning,Good,Type_A,Medium,278,Op08,B18,34190.5
PP004938,137.7,8.5,9.2,28.2,57.4,93.6,37.8,Glossy,Afternoon,Good,Type_B,Medium,252,Op07,B05,71410.7
PP004939,84.0,0.7,9.1,26.3,63.9,95.4,41.2,Glossy,Afternoon,Good,Type_B,Medium,233,Op02,B07,37308.4
PP004940,118.3,9.1,8.9,27.0,68.9,64.8,22.5,Standard,Afternoon,Good,Type_A,High,355,Op07,B17,61040.1
PP004941,84.4,0.8,13.9,21.3,53.8,93.6,15.0,Cardstock,Afternoon,Good,Type_A,Medium,142,Op10,B12,60436.6
PP004942,156.6,0.9,6.6,22.5,40.8,77.1,35.5,Matte,Night,Average,Type_A,Low,95,Op04,B10,40737.5
PP004943,120.7,1.6,16.2,24.3,47.3,86.6,93.0,Standard,Afternoon,Good,Type_A,Medium,124,Op03,B13,100970.3
PP004944,137.7,1.3,18.6,28.5,48.1,89.1,37.5,Cardstock,Morning,Good,Type_B,Medium,351,Op05,B07,132534.7
PP004945,96.0,2.5,11.4,28.3,31.7,87.0,21.2,Standard,Afternoon,Average,Type_B,Low,7,Op09,B02,50722.3
PP004946,84.3,8.5,8.8,22.1,60.6,6.4,33.7,Standard,Afternoon,Average,Type_A,High,42,Op05,B07,14894.3
PP004947,112.3,1.2,13.1,24.8,69.3,87.9,19.6,Glossy,Afternoon,Good,Type_B,Low,317,Op10,B16,71995.7
PP004948,134.7,6.0,12.3,29.1,43.9,83.6,41.7,Standard,Morning,Good,Type_B,Low,116,Op07,B18,87784.3
PP004949,135.2,1.2,7.4,32.2,45.5,84.3,33.2,Standard,Morning,Good,Type_D,Low,194,Op09,B11,50241.5
PP004950,164.6,5.2,11.7,34.7,35.3,43.3,31.4,Cardstock,Morning,Poor,Type_D,Medium,185,Op08,B09,36552.9
PP004951,124.8,2.1,9.6,18.5,39.8,93.5,24.2,Cardstock,Night,Good,Type_A,Medium,74,Op05,B04,61135.7
PP004952,165.9,4.5,11.4,27.8,65.7,84.2,30.7,Standard,Morning,Good,Type_A,High,164,Op04,B16,106212.8
PP004953,79.9,14.7,6.5,20.8,48.3,89.3,40.0,Cardstock,Morning,Good,Type_A,Medium,26,Op02,B11,19728.8
PP004954,104.0,4.3,8.5,,64.8,98.4,54.8,Matte,Afternoon,Good,Type_D,High,55,Op04,B03,44940.5
PP004955,83.8,1.2,8.2,21.9,80.6,91.6,22.9,Glossy,Night,Average,Type_D,Low,165,Op01,B18,25385.0
PP004956,120.3,1.0,7.8,25.7,31.2,79.0,68.5,Matte,Morning,Good,Type_C,High,157,Op01,B10,47340.3
PP004957,85.2,2.7,17.2,24.2,61.2,95.4,24.5,Standard,Night,Good,Type_D,Low,81,Op01,B02,64528.5
PP004958,131.4,0.1,9.5,29.5,44.2,6.6,28.6,Matte,Night,Average,Type_C,Medium,83,Op07,B20,25731.0
PP004959,115.2,2.1,6.4,24.4,31.4,67.4,22.0,Cardstock,Night,Good,Type_D,Low,214,Op05,B06,31333.1
PP004960,123.2,4.0,8.8,,36.8,94.1,35.2,Standard,Afternoon,Average,Type_B,Medium,221,Op08,B15,59390.3
PP004961,124.8,9.2,14.0,28.5,29.7,89.3,52.8,Matte,Afternoon,Good,Type_A,Medium,64,Op04,B04,93726.4
PP004962,105.6,1.5,12.1,21.1,36.2,86.7,30.9,Cardstock,Afternoon,Average,Type_C,High,245,Op08,B16,60544.1
PP004963,149.2,1.7,11.5,28.4,51.6,84.9,25.3,Standard,Morning,Good,Type_C,High,199,Op03,B03,107358.6
PP004964,180.0,2.0,8.3,24.3,36.0,88.9,44.6,Standard,Morning,Good,Type_B,Low,4,Op03,B10,41660.9
PP004965,132.3,1.9,5.7,28.7,63.6,92.7,60.2,Cardstock,Night,Average,Type_B,High,166,Op09,B07,33081.3
PP004966,121.2,10.4,8.6,23.8,68.9,88.2,30.9,Matte,Night,Poor,Type_B,Low,341,Op08,B07,32547.2
PP004967,133.2,8.4,8.9,24.7,46.4,76.8,30.8,Matte,Night,Good,Type_A,Low,162,Op05,B15,59600.3
PP004968,96.7,4.9,7.0,23.7,75.0,89.6,41.0,Cardstock,Night,Average,Type_A,Medium,39,Op06,B10,27516.2
PP004969,89.0,0.6,8.5,24.2,63.8,93.5,91.4,Glossy,Afternoon,Good,Type_C,High,49,Op09,B16,32416.9
PP004970,94.9,8.4,13.8,25.9,71.8,79.6,31.5,Standard,Afternoon,Average,Type_C,Medium,44,Op06,B10,58509.9
PP004971,130.8,5.9,10.9,24.4,60.6,77.4,62.6,Standard,Morning,Poor,Type_A,Medium,23,Op04,B15,65719.1
PP004972,125.9,0.9,20.9,,54.9,86.6,107.0,Standard,Night,Poor,Type_A,Medium,81,Op04,B10,103144.0
PP004973,165.9,0.6,8.7,22.2,54.1,85.1,52.5,Matte,Night,Good,Type_C,High,309,Op02,B03,72482.3
PP004974,71.1,0.6,6.3,22.1,52.5,85.9,20.1,Standard,Morning,Good,Type_A,Low,351,Op05,B16,22419.6
PP004975,133.2,2.6,10.8,20.2,,83.3,31.2,Matte,Night,Good,Type_B,Low,277,Op02,B10,72102.4
PP004976,160.5,3.4,7.5,26.3,55.3,95.5,38.9,Cardstock,Morning,Good,Type_C,High,277,Op04,B07,60392.2
PP004977,77.6,2.5,9.8,15.0,62.3,71.5,23.5,Standard,Night,Good,Type_C,Medium,200,Op06,B19,32282.5
PP004978,143.5,6.6,8.5,29.8,68.1,94.6,23.8,Cardstock,Night,Good,Type_B,Medium,233,Op09,B08,64952.3
PP004979,134.0,5.8,8.6,24.7,49.4,26.2,55.2,Cardstock,Afternoon,Poor,Type_C,High,178,Op02,B13,33531.3
PP004980,116.4,4.0,16.2,29.8,48.3,95.9,86.3,Matte,Afternoon,Good,Type_B,Low,224,Op10,B01,85566.1
PP004981,67.0,1.7,9.6,29.0,48.1,62.7,70.0,Glossy,Night,Good,Type_C,Medium,145,Op03,B03,23253.9
PP004982,92.9,0.5,9.8,,43.2,96.6,24.0,Cardstock,Morning,Poor,Type_B,Low,106,Op01,B09,33793.7
PP004983,141.8,2.4,8.7,25.5,70.8,99.3,27.4,Standard,Night,Good,Type_B,Low,353,Op05,B03,68784.6
PP004984,147.5,11.2,8.4,25.7,61.8,77.1,30.6,Standard,Afternoon,Poor,Type_A,High,282,Op02,B15,54986.8
PP004985,111.4,9.2,7.9,33.6,60.5,76.0,46.5,Standard,Night,Average,Type_A,High,290,Op03,B02,39792.3
PP004986,108.4,0.2,8.9,28.2,47.1,42.8,42.6,Standard,Night,Poor,Type_A,Medium,183,Op09,B19,33972.2
PP004987,157.0,0.6,7.0,28.9,70.9,83.0,47.3,Standard,Night,Good,Type_A,High,206,Op08,B01,54140.6
PP004988,121.7,7.2,12.1,23.5,63.2,61.8,96.4,Matte,Morning,Average,Type_C,Low,340,Op06,B19,53183.0
PP004989,134.3,2.8,9.3,24.0,53.2,85.4,36.8,Matte,Night,Poor,Type_D,Medium,41,Op04,B07,55802.3
PP004990,139.5,0.2,12.7,31.9,56.4,85.2,55.7,Cardstock,Afternoon,Good,Type_B,Medium,301,Op08,B13,89195.2
PP004991,57.8,4.1,11.8,22.9,81.7,66.4,65.2,Standard,Afternoon,Average,Type_A,High,169,Op02,B06,24908.1
PP004992,180.0,2.5,7.7,26.4,74.7,96.6,70.1,Matte,Morning,Good,Type_D,High,176,Op04,B07,47120.7
PP004993,135.2,13.0,12.1,21.9,,6.1,22.8,Matte,Night,Average,Type_C,Medium,58,Op10,B19,15230.8
PP004994,177.7,15.0,23.8,,68.6,96.1,26.4,Glossy,Afternoon,Average,Type_C,High,105,Op04,B12,44959.5
PP004995,93.6,5.9,9.4,27.2,,89.0,48.6,Standard,Night,Good,Type_C,Medium,205,Op04,B06,40577.1
PP004996,65.1,0.1,8.2,26.1,56.6,89.8,48.1,Standard,Night,Good,Type_B,Medium,184,Op05,B06,24909.5
PP004997,134.7,3.6,7.9,32.7,22.9,93.9,27.8,Glossy,Night,Poor,Type_A,High,253,Op05,B06,47261.1
PP004998,64.9,8.9,7.5,29.3,47.4,94.6,20.3,Glossy,Night,Good,Type_C,Medium,152,Op08,B03,21639.7
PP004999,95.3,3.3,5.4,26.5,29.0,98.7,15.9,Cardstock,Night,Good,Type_A,High,218,Op05,B12,25213.3
PP005000,114.0,6.7,5.9,24.3,46.0,93.6,18.2,Standard,Afternoon,Good,Type_C,Medium,55,Op06,B15,37943.4
PP005001,75.1,5.6,20.3,27.3,47.7,9.9,19.8,Cardstock,Morning,Good,Type_C,Low,214,Op02,B08,12170.9
PP005002,118.7,3.9,15.1,28.1,67.2,91.0,56.6,Standard,Afternoon,Good,Type_B,High,180,Op03,B05,106664.8
PP005003,115.4,0.0,10.9,22.6,45.0,97.3,30.0,Matte,Night,Good,Type_B,Low,157,Op04,B16,62340.4
PP005004,108.3,1.1,8.9,22.6,47.4,88.3,41.5,Standard,Morning,Poor,Type_B,Low,4,Op08,B03,42008.7
PP005005,99.1,4.6,14.3,19.3,57.0,96.5,31.0,Matte,Night,Good,Type_B,High,304,Op09,B06,74541.8
PP005006,158.3,4.2,18.2,24.2,55.0,,50.7,Glossy,Morning,Good,Type_B,Medium,87,Op03,B12,147753.5
PP005007,117.3,7.7,18.7,26.4,37.1,89.8,40.0,Standard,Afternoon,Average,Type_D,High,237,Op07,B17,107719.8
PP005008,123.3,1.2,7.2,23.6,51.3,84.7,19.8,Matte,Afternoon,Poor,Type_A,High,318,Op05,B18,46447.7
PP005009,129.4,9.3,15.8,19.1,56.9,68.7,21.1,Standard,Afternoon,Good,Type_B,Medium,155,Op07,B13,107267.6
PP005010,93.1,5.9,9.1,24.8,,95.9,32.9,Cardstock,Night,Poor,Type_A,Low,344,Op09,B07,26236.9
PP005011,107.9,6.9,14.0,26.1,37.4,81.5,44.4,Matte,Night,Good,Type_B,Low,363,Op04,B14,67442.0
PP005012,180.0,5.9,20.0,22.4,60.8,19.8,19.0,Cardstock,Morning,Average,Type_C,Medium,324,Op10,B08,8651.9
PP005013,95.9,1.1,6.7,31.7,,92.2,32.8,Standard,Night,Poor,Type_C,Medium,49,Op07,B05,26022.4
PP005014,167.0,1.4,7.7,20.4,53.3,90.8,28.6,Standard,Morning,Good,Type_B,Low,133,Op10,B12,57878.4
PP005015,59.8,4.3,6.1,19.5,45.2,86.5,47.0,Matte,Afternoon,Average,Type_D,Medium,297,Op01,B20,14185.4
PP005016,122.7,9.5,10.9,20.2,56.1,87.4,48.0,Standard,Morning,Poor,Type_A,Medium,278,Op08,B18,53865.1
PP005017,99.3,6.1,17.7,21.7,43.0,98.9,25.0,Glossy,Night,Average,Type_A,High,96,Op05,B03,84541.4
PP005018,124.6,15.0,18.5,,24.9,86.8,37.9,Matte,Morning,Poor,Type_A,Medium,341,Op02,B11,43432.9
PP005019,136.6,15.0,8.5,27.8,36.0,94.5,40.0,Cardstock,Afternoon,Average,Type_C,Medium,44,Op04,B16,43587.0
PP005020,133.7,3.5,12.2,25.3,76.1,91.6,26.6,Cardstock,Night,Good,Type_A,High,200,Op10,B16,85133.7
PP005021,91.4,2.9,14.3,24.0,44.7,68.2,43.5,Matte,Afternoon,Good,Type_A,Low,275,Op05,B20,59999.5
PP005022,82.3,0.1,4.9,28.0,71.0,94.4,21.1,Matte,Morning,Good,Type_D,Medium,309,Op03,B05,19481.1
PP005023,133.4,9.5,10.2,,50.4,89.0,15.1,Cardstock,Afternoon,Average,Type_D,Medium,106,Op04,B20,57512.7
PP005024,155.1,2.9,5.7,29.6,66.4,72.8,44.0,Cardstock,Afternoon,Good,Type_D,Medium,103,Op04,B03,37928.0
PP005025,135.5,4.7,10.0,28.6,60.2,89.8,47.5,Glossy,Night,Average,Type_B,Medium,103,Op04,B10,65410.4
PP005026,161.0,7.1,9.8,19.9,43.5,84.8,23.8,Matte,Afternoon,Average,Type_B,High,297,Op09,B17,78946.5
PP005027,94.2,2.4,13.2,22.9,58.7,92.6,49.7,Matte,Afternoon,Average,Type_B,High,299,Op04,B11,63583.9
PP005028,86.6,5.6,18.5,26.3,53.8,75.7,25.3,Glossy,Afternoon,Average,Type_A,Medium,352,Op07,B11,69305.3
PP005029,103.1,11.3,8.6,23.4,49.5,67.1,16.2,Standard,Afternoon,Average,Type_D,Medium,142,Op05,B16,40900.6
PP005030,147.0,0.6,11.8,31.2,62.9,87.1,35.5,Cardstock,Night,Good,Type_B,High,60,Op06,B18,92459.9
PP005031,105.1,4.5,13.0,23.8,44.4,75.2,29.8,Standard,Morning,Average,Type_D,High,80,Op10,B06,69420.0
PP005032,81.1,1.4,9.4,22.8,,92.3,38.6,Glossy,Afternoon,Average,Type_D,Medium,354,Op06,B05,33923.1
PP005033,141.8,5.1,10.5,25.2,,94.7,30.4,Cardstock,Morning,Average,Type_D,Medium,189,Op03,B19,75318.9
PP005034,97.4,5.3,6.8,,55.7,87.8,24.7,Standard,Night,Good,Type_A,Medium,217,Op04,B13,35650.1
PP005035,93.0,7.5,11.3,25.4,40.9,98.7,34.5,Glossy,Morning,Good,Type_A,Medium,18,Op05,B05,54682.6
PP005036,74.2,3.7,10.0,33.4,59.6,91.9,24.2,Standard,Afternoon,Average,Type_A,Medium,112,Op06,B04,36444.5
PP005037,131.7,1.9,9.5,21.8,53.5,79.1,53.9,Standard,Night,Good,Type_B,Medium,64,Op09,B16,69541.0
PP005038,119.0,2.7,6.3,30.9,44.0,81.3,25.5,Standard,Morning,Good,Type_C,Medium,352,Op04,B20,41630.8
PP005039,145.6,8.5,14.6,28.8,58.9,77.5,50.2,Glossy,Morning,Average,Type_C,Medium,62,Op02,B13,105158.0
PP005040,103.7,4.4,14.0,19.3,58.0,89.3,31.1,Standard,Morning,Average,Type_B,Medium,246,Op04,B18,75733.4
PP005041,122.1,2.8,10.3,28.8,53.5,73.5,36.1,Matte,Morning,Average,Type_D,Medium,247,Op06,B14,61613.4
PP005042,153.4,2.8,7.2,24.6,43.2,89.9,77.0,Cardstock,Night,Average,Type_C,Medium,106,Op09,B02,44460.3
PP005043,86.0,15.0,18.2,24.2,56.0,91.8,29.3,Matte,Afternoon,Average,Type_D,Low,291,Op09,B10,38473.0
PP005044,175.8,3.0,7.9,20.6,72.2,91.1,49.2,Cardstock,Morning,Average,Type_C,Low,25,Op08,B14,24830.4
PP005045,121.7,0.8,7.0,32.1,38.0,94.3,33.5,Matte,Afternoon,Good,Type_C,Medium,51,Op07,B15,45625.5
PP005046,110.6,7.6,7.9,28.6,62.6,90.1,24.8,Cardstock,Afternoon,Good,Type_C,Medium,214,Op08,B20,43582.6
PP005047,133.2,9.8,8.0,28.5,53.0,86.8,31.9,Standard,Morning,Good,Type_D,Medium,234,Op05,B03,61490.6
PP005048,124.7,6.2,9.9,19.2,47.0,58.3,80.0,Glossy,Morning,Good,Type_C,Medium,55,Op10,B04,55507.7
PP005049,105.9,8.0,10.5,19.5,41.8,98.6,75.4,Matte,Afternoon,Average,Type_D,Medium,201,Op03,B18,45686.6
PP005050,121.1,11.2,10.2,19.5,31.5,77.8,19.1,Standard,Morning,Poor,Type_B,Medium,125,Op05,B03,49420.7
PP005051,140.8,8.8,7.5,26.3,59.7,76.2,30.5,Glossy,Morning,Good,Type_C,Low,298,Op02,B05,54182.5
PP005052,169.4,4.6,12.9,25.2,42.3,95.7,119.4,Standard,Night,Good,Type_C,High,340,Op07,B17,93234.7
PP005053,154.1,1.6,11.5,27.8,51.6,94.5,52.8,Cardstock,Morning,Good,Type_A,Medium,77,Op02,B06,95630.7
PP005054,159.7,2.9,10.8,31.1,59.5,92.7,59.2,Standard,Morning,Good,Type_B,Low,94,Op02,B07,74620.9
PP005055,142.3,6.1,9.3,27.4,57.0,57.5,38.3,Glossy,Afternoon,Average,Type_C,Low,288,Op09,B06,56923.1
PP005056,119.9,0.1,17.0,28.4,31.5,10.3,30.4,Cardstock,Morning,Average,Type_C,Medium,187,Op08,B03,37834.5
PP005057,85.5,2.6,18.6,21.6,64.8,84.6,25.7,Standard,Morning,Good,Type_B,Low,332,Op09,B04,73581.4
PP005058,109.9,1.7,7.4,20.4,40.9,44.4,42.3,Standard,Morning,Good,Type_A,High,272,Op04,B19,40528.8
PP005059,96.4,1.9,11.7,27.5,25.4,90.2,34.6,Cardstock,Afternoon,Good,Type_B,Medium,87,Op10,B16,51561.9
PP005060,139.1,3.6,15.8,20.1,84.9,76.7,17.4,Glossy,Morning,Average,Type_D,Medium,17,Op08,B16,100296.6
PP005061,42.3,3.8,11.8,16.9,49.0,,42.4,Standard,Morning,Good,Type_B,Medium,269,Op06,B12,21081.9
PP005062,105.1,10.2,12.3,26.0,40.5,,59.6,Glossy,Morning,Good,Type_A,High,69,Op10,B11,65782.1
PP005063,133.4,5.1,8.8,31.5,64.3,88.2,21.1,Standard,Morning,Good,Type_A,Medium,337,Op09,B11,70498.6
PP005064,128.3,15.0,21.4,28.9,,94.5,46.2,Matte,Afternoon,Average,Type_D,High,207,Op08,B04,77719.2
PP005065,128.6,9.2,11.0,26.3,31.4,73.1,29.6,Standard,Afternoon,Poor,Type_A,Medium,107,Op07,B11,56558.9
PP005066,128.0,7.4,15.7,24.8,51.7,95.8,28.9,Standard,Morning,Average,Type_D,Medium,111,Op01,B05,114195.7
PP005067,73.6,7.8,14.1,21.8,47.2,90.0,24.2,Glossy,Night,Good,Type_A,Medium,319,Op02,B06,48718.9
PP005068,159.9,1.0,8.3,20.2,46.8,95.4,86.8,Glossy,Morning,Good,Type_B,High,339,Op01,B08,63927.3
PP005069,144.1,1.6,9.2,20.8,27.7,64.4,21.8,Matte,Night,Good,Type_B,Medium,23,Op07,B05,68849.4
PP005070,156.4,5.0,12.9,26.2,,91.9,56.3,Cardstock,Afternoon,Average,Type_C,Medium,187,Op09,B20,87277.1
PP005071,124.7,1.7,14.8,29.4,48.7,77.7,39.4,Cardstock,Morning,Average,Type_B,Medium,210,Op07,B19,89240.5
PP005072,105.6,0.1,6.4,22.9,57.5,91.4,23.1,Cardstock,Morning,Average,Type_D,Medium,228,Op03,B14,33175.1
PP005073,144.5,6.1,8.3,28.4,54.7,78.7,46.4,Standard,Night,Average,Type_A,Low,231,Op09,B20,56097.7
PP005074,97.7,1.4,9.1,29.8,41.7,82.6,31.9,Glossy,Night,Good,Type_D,Medium,122,Op05,B12,41034.3
PP005075,82.8,0.7,17.9,20.7,71.5,85.7,21.7,Standard,Morning,Average,Type_A,Medium,55,Op07,B09,75573.3
PP005076,56.8,10.0,21.5,23.2,55.0,89.3,20.0,Glossy,Morning,Poor,Type_A,Medium,57,Op04,B03,26086.4
PP005077,89.5,3.6,21.4,15.0,50.8,99.8,40.4,Standard,Morning,Good,Type_A,Medium,310,Op01,B19,86332.2
PP005078,110.0,2.1,11.6,,72.4,78.4,50.9,Standard,Morning,Good,Type_D,Medium,46,Op09,B16,65385.0
PP005079,67.9,5.8,7.3,22.9,27.1,,53.1,Matte,Afternoon,Good,Type_D,Low,244,Op02,B12,18451.1
PP005080,61.5,2.7,10.7,27.8,46.3,95.3,64.4,Standard,Morning,Average,Type_B,Low,65,Op06,B13,27504.0
PP005081,96.5,1.3,6.9,28.5,64.7,70.6,70.8,Cardstock,Afternoon,Good,Type_A,Medium,298,Op07,B06,27275.1
PP005082,147.4,3.1,16.2,,69.2,,53.7,Glossy,Afternoon,Good,Type_C,Medium,142,Op09,B08,126877.0
PP005083,105.4,15.0,7.0,22.4,65.6,72.3,53.9,Glossy,Afternoon,Poor,Type_B,Medium,9,Op08,B07,15135.4
PP005084,123.8,2.5,9.4,30.4,49.3,84.0,13.5,Standard,Morning,Good,Type_D,High,233,Op06,B06,70108.3
PP005085,80.8,13.7,20.0,28.0,58.8,97.1,41.4,Cardstock,Afternoon,Good,Type_A,Low,288,Op10,B04,46763.4
PP005086,119.7,11.2,7.8,33.4,72.0,63.7,24.6,Cardstock,Night,Average,Type_D,Medium,156,Op10,B14,27769.3
PP005087,132.2,2.7,12.3,31.9,60.8,29.1,26.0,Cardstock,Night,Good,Type_D,Low,128,Op09,B10,46233.5
PP005088,73.5,0.9,11.1,25.1,45.3,87.6,30.8,Standard,Morning,Average,Type_A,High,190,Op04,B19,42529.1
PP005089,98.9,7.6,11.4,19.9,62.8,96.6,29.5,Standard,Morning,Good,Type_A,Medium,60,Op01,B15,61481.4
PP005090,103.3,0.4,11.5,15.0,49.1,61.1,11.4,Cardstock,Afternoon,Average,Type_D,High,24,Op10,B12,46978.1
PP005091,126.8,1.7,19.3,23.3,37.0,88.0,51.9,Glossy,Night,Average,Type_C,Low,305,Op06,B01,102706.2
PP005092,95.7,7.4,8.2,26.8,56.8,90.3,24.0,Standard,Morning,Poor,Type_C,Medium,18,Op03,B15,35403.1
PP005093,60.7,0.5,13.4,18.1,55.4,74.4,11.0,Standard,Night,Good,Type_A,Low,267,Op09,B15,34770.9
PP005094,97.6,1.4,17.2,25.9,37.9,89.6,16.9,Standard,Night,Good,Type_D,Medium,256,Op03,B01,84554.7
PP005095,160.5,9.0,5.5,29.9,63.0,44.0,27.0,Standard,Morning,Average,Type_B,High,298,Op05,B07,32605.7
PP005096,157.1,2.2,6.7,30.3,36.2,78.9,48.1,Glossy,Morning,Average,Type_C,Medium,211,Op08,B14,45635.5
PP005097,97.0,2.4,10.7,24.2,47.1,57.0,29.1,Matte,Afternoon,Good,Type_A,High,312,Op07,B07,52003.9
PP005098,88.0,0.7,8.9,30.4,50.3,56.8,51.7,Matte,Afternoon,Good,Type_D,Medium,217,Op05,B13,35176.6
PP005099,83.8,0.3,13.1,32.6,45.8,33.9,13.8,Standard,Afternoon,Good,Type_A,High,7,Op06,B20,45997.1
PP005100,102.1,1.3,8.3,22.0,44.6,87.6,17.6,Matte,Morning,Good,Type_C,Low,297,Op03,B04,44260.0
PP005101,120.5,4.0,19.2,30.0,54.4,95.6,52.1,Matte,Morning,Average,Type_B,High,65,Op08,B09,119369.3
PP005102,139.9,2.5,7.9,22.9,53.4,92.9,36.4,Standard,Morning,Average,Type_B,Medium,296,Op08,B06,64196.2
PP005103,168.9,1.6,8.7,27.2,53.5,84.2,15.6,Glossy,Afternoon,Average,Type_D,High,281,Op04,B08,76485.7
PP005104,108.9,1.6,12.5,29.1,39.9,78.6,28.2,Glossy,Morning,Average,Type_C,High,359,Op04,B20,66912.6
PP005105,171.1,0.0,18.6,23.2,42.8,13.8,49.2,Glossy,Morning,Good,Type_B,High,119,Op07,B17,35928.0
PP005106,149.5,3.2,7.4,29.1,50.6,97.1,40.2,Glossy,Night,Average,Type_B,Low,168,Op03,B06,52532.9
PP005107,107.0,3.2,7.6,30.4,46.3,,17.2,Standard,Afternoon,Poor,Type_A,Medium,1,Op04,B16,38671.9
PP005108,70.2,4.7,17.7,33.2,55.6,79.1,10.6,Glossy,Night,Average,Type_A,Medium,190,Op10,B04,48623.8
PP005109,112.5,4.8,10.8,24.2,65.7,97.0,57.8,Glossy,Morning,Good,Type_C,Low,201,Op05,B19,58458.2
PP005110,165.8,2.3,11.9,24.6,83.2,84.7,15.2,Standard,Night,Good,Type_A,High,16,Op08,B14,90389.9
PP005111,110.1,9.2,8.0,24.4,56.8,89.6,21.9,Standard,Morning,Poor,Type_D,Medium,17,Op02,B05,35208.4
PP005112,171.5,5.2,13.2,29.5,22.0,99.3,44.0,Glossy,Afternoon,Good,Type_C,High,230,Op05,B01,99670.7
PP005113,80.9,9.0,12.9,24.0,54.1,97.3,12.3,Standard,Afternoon,Good,Type_A,Low,126,Op04,B09,52619.0
PP005114,174.2,0.5,11.7,27.4,46.5,78.0,33.6,Standard,Night,Good,Type_C,High,320,Op10,B11,92289.1
PP005115,100.4,11.7,5.9,24.9,50.6,97.4,21.7,Matte,Night,Average,Type_A,Medium,337,Op05,B10,26387.2
PP005116,86.4,2.4,8.6,29.4,71.1,58.6,63.1,Matte,Morning,Good,Type_A,Medium,96,Op08,B14,31731.6
PP005117,99.4,1.0,8.1,22.7,43.8,96.0,33.3,Cardstock,Morning,Average,Type_A,High,90,Op01,B07,41735.5
PP005118,96.8,10.6,8.4,24.6,71.2,86.3,45.7,Glossy,Morning,Average,Type_D,Medium,279,Op06,B08,32278.7
PP005119,65.6,0.1,6.8,21.1,47.0,92.2,65.5,Matte,Afternoon,Good,Type_A,High,150,Op02,B11,20097.2
PP005120,87.4,2.2,10.1,21.3,46.9,82.5,24.3,Standard,Afternoon,Good,Type_C,Medium,63,Op07,B20,47221.8
PP005121,41.3,5.8,12.5,25.8,59.5,77.3,23.8,Glossy,Morning,Good,Type_A,High,64,Op05,B09,22333.9
PP005122,154.6,3.1,6.9,16.0,43.3,96.9,28.3,Glossy,Afternoon,Good,Type_B,Low,46,Op10,B11,42474.4
PP005123,135.0,10.8,7.9,27.0,,87.8,56.4,Standard,Night,Poor,Type_B,Medium,143,Op01,B03,36430.1
PP005124,97.3,2.4,20.6,20.5,61.4,97.3,57.4,Matte,Night,Average,Type_B,Low,259,Op07,B18,80816.7
PP005125,90.9,0.3,13.1,28.3,62.2,69.7,44.3,Glossy,Afternoon,Good,Type_D,Medium,16,Op06,B07,54402.6
PP005126,160.0,10.5,10.9,27.5,42.1,77.5,27.9,Standard,Night,Average,Type_B,Medium,151,Op05,B04,77341.3
PP005127,82.7,5.0,8.3,27.3,60.3,89.1,45.5,Cardstock,Afternoon,Average,Type_C,High,208,Op10,B09,29881.2
PP005128,145.1,9.7,7.7,22.5,76.2,90.7,20.1,Standard,Night,Average,Type_D,High,138,Op01,B07,57849.9
PP005129,158.0,2.7,7.5,30.7,56.8,99.0,56.4,Standard,Afternoon,Average,Type_A,Medium,302,Op08,B10,59713.5
PP005130,139.1,8.6,7.9,24.7,67.5,73.3,63.4,Glossy,Afternoon,Average,Type_B,Medium,278,Op07,B05,48230.8
PP005131,116.1,2.2,7.5,,56.9,65.6,32.8,Standard,Afternoon,Good,Type_B,Medium,135,Op03,B20,45448.1
PP005132,137.5,3.2,11.7,26.9,45.1,77.4,40.1,Glossy,Night,Good,Type_B,Low,212,Op09,B14,79248.1
PP005133,111.5,5.2,9.5,21.9,53.7,80.7,20.6,Cardstock,Afternoon,Poor,Type_B,Medium,155,Op06,B04,43404.0
PP005134,151.4,1.6,12.1,16.8,48.4,92.6,31.8,Standard,Morning,Good,Type_B,High,328,Op02,B09,108391.2
PP005135,95.1,3.4,10.3,31.1,55.3,75.6,23.0,Standard,Morning,Good,Type_C,Medium,200,Op09,B20,52595.0
PP005136,175.6,10.0,6.3,22.9,75.5,77.3,21.9,Standard,Afternoon,Good,Type_D,High,195,Op05,B13,44054.7
PP005137,142.1,5.2,13.2,,72.9,90.0,54.3,Matte,Night,Average,Type_B,Medium,314,Op10,B14,94382.3
PP005138,111.5,6.2,7.7,29.1,72.8,75.7,20.2,Cardstock,Afternoon,Good,Type_A,Medium,286,Op04,B01,40535.3
PP005139,153.7,0.8,15.9,23.7,,77.1,44.2,Standard,Afternoon,Good,Type_A,High,61,Op08,B01,141669.1
PP005140,150.1,6.4,7.8,32.4,50.7,88.4,79.9,Matte,Night,Average,Type_A,Medium,117,Op01,B04,50278.8
PP005141,105.9,15.0,10.1,20.2,62.0,,32.9,Cardstock,Morning,Average,Type_C,Medium,159,Op02,B09,35777.6
PP005142,81.3,11.8,9.4,22.7,61.4,72.1,47.6,Standard,Afternoon,Poor,Type_C,High,208,Op01,B20,23255.8
PP005143,75.7,3.8,10.6,22.0,46.5,72.5,29.6,Matte,Night,Good,Type_C,Medium,249,Op10,B03,36283.2
PP005144,93.9,1.9,8.1,21.0,69.2,82.8,24.5,Matte,Afternoon,Good,Type_A,Medium,194,Op09,B15,39190.0
PP005145,108.5,0.4,14.7,16.2,40.7,93.4,24.4,Standard,Night,Good,Type_D,Medium,295,Op10,B05,77252.5
PP005146,111.2,0.6,10.0,22.5,38.5,73.1,33.8,Standard,Afternoon,Good,Type_B,Low,107,Op05,B16,58037.0
PP005147,180.0,15.0,10.7,21.6,42.6,65.5,31.1,Matte,Night,Poor,Type_C,Medium,153,Op03,B04,12967.6
PP005148,116.0,1.6,18.9,28.1,23.4,79.5,29.6,Standard,Afternoon,Good,Type_C,High,39,Op04,B19,115045.7
PP005149,121.0,6.1,14.2,22.9,77.3,61.9,37.1,Standard,Afternoon,Good,Type_D,Medium,165,Op10,B16,75759.5
PP005150,98.2,6.7,18.1,23.0,45.9,62.0,33.1,Matte,Afternoon,Good,Type_C,Medium,357,Op02,B03,76746.9
PP005151,162.6,0.0,17.2,,58.2,94.9,36.3,Standard,Night,Poor,Type_D,High,5,Op05,B11,118305.8
PP005152,71.9,1.0,18.6,27.4,,62.9,42.5,Cardstock,Morning,Average,Type_A,High,161,Op05,B08,52962.4
PP005153,125.0,0.0,13.4,16.7,38.6,,21.3,Standard,Morning,Good,Type_B,Medium,180,Op03,B19,97248.5
PP005154,114.2,7.3,6.5,23.6,68.0,50.7,28.3,Standard,Night,Good,Type_A,Medium,186,Op03,B20,35230.0
PP005155,113.4,1.6,7.3,28.8,65.3,95.2,37.4,Standard,Morning,Good,Type_A,Low,243,Op01,B10,42343.4
PP005156,118.4,9.9,11.5,26.1,43.2,87.9,37.3,Standard,Morning,Average,Type_A,High,267,Op04,B01,70720.7
PP005157,99.1,1.0,11.3,20.1,56.3,92.3,42.9,Glossy,Morning,Good,Type_D,Low,185,Op09,B08,53306.7
PP005158,83.0,3.5,7.1,29.3,42.9,89.8,78.6,Cardstock,Night,Average,Type_A,Low,168,Op10,B17,18881.2
PP005159,150.2,0.4,15.6,26.2,,92.7,18.2,Cardstock,Morning,Good,Type_A,High,3,Op04,B17,135184.4
PP005160,160.4,1.4,13.6,23.1,29.4,91.6,36.1,Standard,Morning,Good,Type_C,High,193,Op07,B09,122012.3
PP005161,138.4,5.4,5.2,26.7,,76.7,27.6,Glossy,Afternoon,Average,Type_C,High,339,Op05,B03,36716.2
PP005162,157.2,15.0,11.4,22.5,65.1,69.5,30.9,Standard,Morning,Good,Type_C,Medium,236,Op05,B10,77152.6
PP005163,122.7,0.5,12.3,25.7,25.2,90.6,20.1,Standard,Afternoon,Good,Type_D,High,317,Op06,B06,85456.5
PP005164,45.2,7.3,14.8,29.3,65.4,81.9,44.7,Glossy,Morning,Poor,Type_B,Low,9,Op07,B16,15877.6
PP005165,84.8,3.4,16.7,28.5,66.4,89.1,27.9,Glossy,Morning,Average,Type_D,Medium,248,Op03,B06,64258.8
PP005166,132.7,1.3,8.2,17.3,55.4,91.7,16.3,Standard,Afternoon,Good,Type_A,Medium,74,Op04,B02,66715.3
PP005167,42.7,8.3,15.7,26.2,50.4,68.5,26.5,Glossy,Morning,Poor,Type_A,High,159,Op03,B14,17697.3
PP005168,121.5,0.1,15.2,18.7,72.5,79.9,18.3,Standard,Afternoon,Good,Type_A,Medium,356,Op10,B14,101262.9
PP005169,127.8,6.2,12.3,,63.6,61.5,36.6,Matte,Morning,Good,Type_A,Medium,213,Op03,B09,83264.2
PP005170,126.6,3.0,9.1,27.7,58.0,88.5,35.3,Matte,Morning,Good,Type_A,Low,286,Op03,B17,63563.1
PP005171,83.0,0.5,13.0,26.4,66.1,86.1,107.4,Standard,Morning,Good,Type_C,Low,120,Op04,B03,42612.7
PP005172,105.7,0.1,14.6,27.6,45.5,96.0,31.0,Matte,Afternoon,Good,Type_D,Medium,332,Op06,B18,85340.3
PP005173,106.3,2.8,14.4,24.1,62.8,90.8,74.3,Standard,Afternoon,Good,Type_B,Medium,96,Op08,B19,82902.6
PP005174,124.5,9.5,13.2,21.5,58.3,98.0,23.2,Matte,Night,Poor,Type_C,High,91,Op08,B12,66580.0
PP005175,108.6,1.1,6.5,27.1,64.2,92.6,18.7,Glossy,Afternoon,Average,Type_B,Medium,51,Op06,B07,36802.8
PP005176,61.8,0.8,19.9,29.0,56.5,89.9,39.5,Standard,Afternoon,Good,Type_B,High,253,Op08,B19,57307.2
PP005177,180.0,6.5,7.5,25.4,65.9,72.0,19.9,Standard,Night,Poor,Type_D,Low,162,Op09,B14,17400.7
PP005178,127.3,4.3,9.8,22.3,52.1,81.7,36.0,Standard,Afternoon,Average,Type_D,Medium,354,Op03,B15,67132.7
PP005179,109.6,3.0,15.4,,71.6,34.1,78.0,Glossy,Morning,Average,Type_A,High,39,Op09,B14,62080.0
PP005180,100.1,2.3,12.1,22.2,62.0,84.0,72.1,Matte,Night,Good,Type_C,Medium,78,Op07,B20,54914.4
PP005181,141.0,7.5,21.3,25.9,44.5,73.0,13.9,Cardstock,Morning,Average,Type_A,Medium,136,Op02,B19,137890.5
PP005182,123.7,1.7,8.1,24.5,28.6,77.8,20.5,Cardstock,Night,Good,Type_B,Medium,11,Op03,B04,50277.7
PP005183,130.7,9.3,9.6,26.1,59.5,95.8,31.0,Glossy,Night,Good,Type_B,Low,88,Op05,B14,62554.8
PP005184,69.5,0.5,7.3,22.0,53.1,81.0,37.6,Standard,Night,Average,Type_C,Low,301,Op05,B10,20350.2
PP005185,51.1,0.4,10.6,28.0,45.3,95.8,42.8,Standard,Morning,Good,Type_C,Low,201,Op04,B12,22752.3
PP005186,159.3,2.0,20.4,21.5,28.0,91.4,25.6,Standard,Morning,Good,Type_B,Low,294,Op09,B04,141137.0
PP005187,123.8,0.7,7.0,16.5,60.0,60.9,36.8,Glossy,Morning,Average,Type_D,Medium,352,Op02,B18,38469.4
PP005188,125.9,11.2,13.1,24.1,66.3,88.8,32.5,Standard,Afternoon,Average,Type_A,Medium,334,Op02,B20,83381.0
PP005189,154.0,2.5,13.6,24.6,73.1,80.6,42.0,Standard,Morning,Average,Type_D,Medium,353,Op05,B20,96765.0
PP005190,104.6,12.1,8.1,19.9,44.4,96.3,67.6,Standard,Afternoon,Average,Type_A,Medium,217,Op08,B19,35611.2
PP005191,132.9,2.5,18.4,25.1,45.3,92.5,36.9,Standard,Night,Poor,Type_D,High,157,Op10,B09,117920.5
PP005192,59.7,3.8,9.4,24.4,53.2,92.9,26.5,Glossy,Afternoon,Good,Type_D,Low,164,Op10,B19,23540.7
PP005193,113.9,7.4,13.0,22.2,65.7,70.7,37.2,Glossy,Afternoon,Average,Type_C,Medium,183,Op10,B18,66061.3
PP005194,114.4,3.2,10.3,20.0,47.8,75.2,53.5,Cardstock,Morning,Good,Type_A,High,152,Op06,B05,62659.5
PP005195,148.3,8.3,8.2,24.7,67.3,90.8,60.1,Glossy,Night,Average,Type_A,Low,50,Op03,B11,51227.0
PP005196,102.5,1.7,12.7,26.3,53.1,76.5,20.5,Standard,Night,Good,Type_B,High,152,Op10,B04,72650.5
PP005197,180.0,3.1,11.2,25.2,49.6,78.7,37.3,Standard,Morning,Good,Type_C,Low,56,Op04,B17,55806.8
PP005198,35.2,5.7,12.9,28.2,49.4,88.8,36.8,Standard,Afternoon,Good,Type_A,Medium,202,Op03,B13,18754.5
PP005199,151.1,11.2,6.4,29.7,74.9,97.6,25.9,Glossy,Afternoon,Good,Type_B,Medium,226,Op09,B16,44678.6
PP005200,60.7,0.5,14.2,27.4,,90.6,36.7,Standard,Night,Good,Type_D,Low,332,Op07,B13,35179.3
PP005201,148.4,2.5,8.4,27.1,48.6,97.5,30.1,Standard,Night,Poor,Type_B,Medium,128,Op02,B05,66282.9
PP005202,142.3,7.3,20.0,15.0,49.0,,20.4,Glossy,Afternoon,Good,Type_A,Medium,161,Op02,B18,132805.7
PP005203,96.0,5.3,13.6,,24.0,76.8,33.6,Glossy,Afternoon,Good,Type_B,Low,191,Op06,B05,51606.3
PP005204,104.7,0.7,8.8,27.3,69.7,41.4,49.8,Standard,Night,Good,Type_D,Medium,170,Op08,B09,35765.2
PP005205,108.7,6.6,12.3,21.4,31.5,79.0,37.0,Cardstock,Morning,Average,Type_D,Medium,273,Op01,B04,59451.4
PP005206,142.1,4.4,12.9,20.5,55.3,,32.9,Standard,Night,Poor,Type_B,Medium,251,Op08,B06,90585.1
PP005207,100.4,1.2,12.3,27.9,35.6,77.1,19.9,Matte,Night,Good,Type_A,Low,45,Op03,B03,58537.0
PP005208,127.9,4.3,19.0,21.6,62.5,99.0,24.4,Standard,Morning,Average,Type_C,Low,117,Op05,B05,117443.2
PP005209,119.9,1.9,8.1,31.2,,98.1,31.2,Standard,Morning,Good,Type_C,High,22,Op04,B11,56644.7
PP005210,138.1,0.3,7.2,16.1,49.1,60.5,41.9,Matte,Morning,Good,Type_C,High,310,Op02,B10,50230.4
PP005211,123.4,4.4,10.8,26.0,61.5,71.5,33.3,Matte,Night,Good,Type_B,Medium,339,Op09,B20,66039.8
PP005212,131.7,1.3,12.0,17.6,67.2,74.0,37.8,Standard,Night,Average,Type_C,Medium,94,Op06,B04,76532.3
PP005213,141.0,1.9,15.9,21.9,64.6,79.1,19.7,Standard,Afternoon,Average,Type_A,Low,97,Op10,B08,117306.2
PP005214,140.0,1.8,18.3,19.2,38.9,71.0,32.5,Standard,Afternoon,Good,Type_D,Low,64,Op02,B11,121255.0
PP005215,139.0,3.0,15.3,25.4,38.0,92.0,30.0,Glossy,Morning,Good,Type_C,Medium,145,Op05,B13,121814.6
PP005216,112.0,1.1,8.2,22.4,49.5,73.4,58.8,Standard,Afternoon,Poor,Type_B,High,95,Op02,B17,41217.9
PP005217,114.6,2.3,5.1,28.5,,99.2,19.9,Standard,Afternoon,Good,Type_B,High,313,Op08,B06,32196.2
PP005218,93.9,6.4,14.0,21.2,,76.3,26.9,Matte,Morning,Good,Type_A,Medium,210,Op08,B06,68678.7
PP005219,137.3,5.1,6.3,28.3,64.3,20.9,73.5,Matte,Night,Average,Type_A,High,286,Op03,B20,22484.0
PP005220,87.6,2.0,22.6,27.2,69.8,89.6,27.2,Standard,Night,Average,Type_A,Medium,55,Op10,B19,81982.1
PP005221,110.2,6.0,16.8,22.7,51.4,93.6,61.9,Standard,Morning,Average,Type_A,Medium,239,Op03,B12,94447.8
PP005222,114.5,0.8,6.8,22.9,61.8,92.9,44.9,Matte,Morning,Average,Type_D,Medium,153,Op08,B05,39883.5
PP005223,135.7,1.2,11.8,20.1,43.9,99.3,42.1,Matte,Night,Good,Type_B,Medium,331,Op01,B06,89371.2
PP005224,133.1,1.8,14.1,18.9,41.2,94.8,64.5,Matte,Afternoon,Average,Type_C,High,265,Op09,B03,101112.8
PP005225,139.9,2.5,12.0,19.9,44.7,74.6,40.5,Standard,Afternoon,Good,Type_D,Low,142,Op08,B07,86416.6
PP005226,124.2,3.0,7.3,21.5,59.9,78.6,28.9,Standard,Afternoon,Average,Type_A,Medium,345,Op02,B02,51547.9
PP005227,74.4,0.9,18.6,32.9,33.1,9.9,33.0,Matte,Night,Good,Type_C,High,20,Op04,B18,16818.9
PP005228,102.2,4.7,9.5,24.1,45.1,82.8,25.8,Glossy,Morning,Good,Type_B,Low,213,Op06,B19,47035.3
PP005229,123.0,5.2,8.6,30.0,67.3,93.7,28.2,Matte,Afternoon,Good,Type_B,Low,240,Op05,B03,52606.2
PP005230,129.1,2.0,17.3,25.5,40.6,89.8,21.2,Matte,Night,Good,Type_A,Medium,339,Op09,B11,123370.1
PP005231,93.7,0.7,6.1,22.6,56.3,94.6,44.0,Standard,Night,Good,Type_D,Medium,326,Op02,B18,28829.0
PP005232,98.3,10.5,16.0,18.0,51.4,95.4,31.3,Standard,Morning,Poor,Type_A,High,334,Op10,B10,60775.0
PP005233,114.2,6.1,12.0,28.8,40.3,78.7,31.2,Glossy,Night,Good,Type_B,Medium,132,Op01,B15,69358.2
PP005234,80.5,0.2,9.9,25.0,41.1,85.8,26.7,Glossy,Morning,Good,Type_B,High,207,Op10,B09,41802.2
PP005235,112.0,0.7,8.0,32.7,57.3,71.3,24.7,Standard,Morning,Average,Type_C,High,45,Op02,B09,46385.8
PP005236,152.8,4.9,12.7,32.6,63.9,73.5,58.2,Glossy,Afternoon,Good,Type_D,Low,128,Op10,B11,69787.2
PP005237,78.6,15.0,17.1,22.6,68.9,90.1,35.7,Standard,Morning,Poor,Type_D,Low,184,Op01,B18,15248.8
PP005238,74.6,1.8,21.3,19.9,32.4,73.3,18.3,Matte,Afternoon,Average,Type_B,Medium,160,Op08,B12,61767.5
PP005239,149.8,2.6,9.4,22.6,50.5,71.4,53.3,Glossy,Night,Average,Type_D,Medium,245,Op08,B13,67023.5
PP005240,112.6,15.0,7.6,27.7,34.2,90.9,37.9,Standard,Afternoon,Poor,Type_C,Low,47,Op03,B08,18025.7
PP005241,167.5,7.9,13.3,19.4,64.7,83.9,40.5,Standard,Afternoon,Average,Type_A,High,159,Op03,B03,103367.1
PP005242,75.2,2.8,9.5,27.8,60.2,81.8,55.0,Glossy,Night,Good,Type_B,High,68,Op03,B15,33581.8
PP005243,148.8,4.1,11.1,19.1,68.5,85.7,46.0,Standard,Morning,Average,Type_A,Medium,309,Op07,B03,91849.1
PP005244,126.2,0.1,5.4,19.7,55.6,86.9,23.2,Cardstock,Morning,Good,Type_A,Medium,37,Op07,B04,35437.1
PP005245,80.0,1.4,14.6,16.2,61.1,,31.0,Standard,Morning,Good,Type_B,Medium,74,Op08,B14,57995.9
PP005246,128.9,0.1,7.4,29.8,59.1,88.6,13.5,Cardstock,Night,Good,Type_D,High,240,Op02,B11,51055.2
PP005247,180.0,11.1,5.3,28.3,61.9,71.1,22.4,Matte,Afternoon,Poor,Type_A,Medium,328,Op01,B11,20146.3
PP005248,144.8,7.4,11.3,22.8,50.3,78.4,51.5,Standard,Morning,Good,Type_C,Medium,153,Op03,B19,92724.0
PP005249,124.6,1.6,13.1,23.2,47.6,95.1,40.5,Standard,Morning,Average,Type_A,Low,228,Op01,B01,85355.2
PP005250,106.6,3.1,16.9,29.0,40.2,79.8,35.8,Cardstock,Afternoon,Average,Type_B,Medium,24,Op04,B05,83681.8
PP005251,76.5,0.1,13.7,20.0,49.4,71.1,39.1,Glossy,Afternoon,Average,Type_A,Medium,10,Op04,B06,45968.8
PP005252,75.9,3.9,9.8,,53.1,43.1,66.3,Cardstock,Night,Average,Type_A,Low,258,Op04,B06,18596.6
PP005253,105.6,9.9,15.5,19.1,33.6,93.4,37.0,Standard,Morning,Average,Type_C,High,19,Op03,B06,79051.2
PP005254,145.9,0.2,6.7,23.3,53.6,92.8,32.5,Glossy,Night,Average,Type_B,Medium,94,Op02,B14,51415.6
PP005255,112.5,0.7,19.8,28.3,41.2,84.3,27.1,Glossy,Afternoon,Good,Type_A,Medium,147,Op07,B06,112758.2
PP005256,169.9,1.9,16.7,22.6,53.4,92.6,31.8,Matte,Night,Good,Type_B,Medium,108,Op05,B05,139530.8
PP005257,88.0,11.4,6.9,27.6,64.0,95.6,42.5,Glossy,Night,Poor,Type_C,Medium,193,Op09,B04,17875.9
PP005258,83.9,3.4,13.2,21.9,50.8,78.5,69.0,Glossy,Morning,Average,Type_D,Low,301,Op03,B05,44095.5
PP005259,120.0,0.7,5.2,17.9,37.4,94.2,38.9,Standard,Night,Good,Type_A,Low,155,Op06,B04,28556.5
PP005260,115.5,9.3,15.8,28.1,63.5,90.0,98.5,Matte,Night,Average,Type_C,Medium,1,Op03,B17,70411.2
PP005261,166.4,0.8,9.4,20.2,32.2,86.1,25.4,Standard,Morning,Good,Type_A,Medium,304,Op08,B16,84614.1
PP005262,138.6,2.4,9.3,25.1,82.8,92.0,12.3,Cardstock,Night,Good,Type_A,High,98,Op02,B06,65322.0
PP005263,119.5,1.8,10.1,23.6,54.4,92.3,106.2,Standard,Morning,Good,Type_A,Low,129,Op06,B14,57446.0
PP005264,93.9,6.3,13.3,23.0,40.8,94.0,44.8,Cardstock,Night,Poor,Type_A,Medium,42,Op08,B14,45219.3
PP005265,140.0,2.8,7.9,24.9,41.8,69.7,48.2,Standard,Afternoon,Good,Type_D,Medium,117,Op02,B14,61795.2
PP005266,180.0,6.5,5.8,25.8,45.9,83.2,41.4,Cardstock,Afternoon,Average,Type_B,High,319,Op05,B10,35762.2
PP005267,121.5,3.3,12.8,27.6,78.0,80.0,20.9,Standard,Night,Poor,Type_B,Medium,23,Op02,B05,66505.1
PP005268,78.4,1.9,8.2,32.0,,94.9,25.1,Glossy,Morning,Good,Type_B,Medium,240,Op10,B14,33146.6
PP005269,68.5,0.1,14.2,20.7,31.9,86.9,36.0,Cardstock,Afternoon,Average,Type_B,Medium,312,Op10,B17,39237.1
PP005270,107.1,5.7,3.1,32.0,54.3,,52.3,Glossy,Morning,Average,Type_C,High,199,Op10,B19,12631.5
PP005271,125.0,0.6,7.6,21.9,52.5,39.2,34.0,Cardstock,Afternoon,Good,Type_A,High,34,Op04,B15,43246.0
PP005272,95.9,5.3,10.3,25.1,44.8,83.4,45.6,Matte,Night,Average,Type_A,Low,241,Op05,B17,43323.2
PP005273,104.0,1.5,6.4,23.2,49.6,80.9,48.7,Matte,Afternoon,Good,Type_D,Medium,40,Op03,B11,33122.2
PP005274,103.2,0.8,15.9,27.5,47.3,91.3,28.1,Standard,Night,Good,Type_B,Medium,10,Op08,B17,90967.5
PP005275,159.2,2.6,9.6,,49.8,8.2,37.5,Glossy,Afternoon,Good,Type_C,Low,222,Op04,B04,16565.3
PP005276,78.1,0.8,13.4,18.5,48.8,96.4,40.6,Cardstock,Afternoon,Average,Type_B,Medium,146,Op05,B17,45007.3
PP005277,103.0,2.2,10.7,27.2,40.3,89.8,27.5,Standard,Night,Average,Type_D,Medium,55,Op05,B11,55603.0
PP005278,152.5,2.5,10.4,21.1,65.7,76.6,30.2,Matte,Night,Good,Type_B,High,314,Op01,B08,84558.8
PP005279,166.3,1.0,8.1,28.6,42.7,89.6,42.3,Glossy,Morning,Average,Type_C,Medium,345,Op07,B05,65480.2
PP005280,99.9,1.4,7.0,23.7,61.8,88.2,31.4,Matte,Morning,Good,Type_C,Medium,99,Op06,B13,36454.8
PP005281,112.9,7.6,22.5,20.5,52.3,91.4,46.6,Glossy,Afternoon,Average,Type_B,Low,101,Op06,B19,93535.4
PP005282,177.8,0.5,7.8,22.3,56.2,74.4,26.6,Standard,Night,Poor,Type_B,Low,271,Op05,B14,26021.9
PP005283,159.7,2.6,16.0,23.1,51.5,76.4,64.9,Glossy,Morning,Good,Type_B,Medium,227,Op07,B01,125873.2
PP005284,93.4,0.7,12.4,28.2,45.7,64.5,18.3,Glossy,Morning,Good,Type_A,Low,307,Op09,B12,55406.9
PP005285,88.4,4.2,16.5,30.0,30.6,70.6,62.8,Cardstock,Afternoon,Good,Type_D,Medium,31,Op09,B03,54738.6
PP005286,123.2,1.1,17.0,23.3,51.3,95.6,26.9,Standard,Morning,Average,Type_A,Low,40,Op05,B09,112334.6
PP005287,90.4,8.7,13.2,23.6,59.0,88.3,56.4,Matte,Afternoon,Poor,Type_A,High,147,Op02,B05,44457.0
PP005288,106.0,1.2,9.0,19.9,62.4,38.4,33.0,Matte,Night,Good,Type_D,High,207,Op05,B08,37711.5
PP005289,130.4,1.7,8.0,16.7,23.3,77.8,39.3,Standard,Afternoon,Good,Type_C,High,299,Op06,B02,51483.7
PP005290,67.1,4.4,11.8,28.2,40.5,94.6,44.9,Cardstock,Afternoon,Poor,Type_B,Low,165,Op10,B09,23622.9
PP005291,127.4,0.1,17.5,28.2,57.5,87.1,15.5,Standard,Afternoon,Poor,Type_D,Medium,255,Op03,B20,106055.5
PP005292,134.2,3.2,15.0,18.6,36.1,88.9,21.6,Cardstock,Afternoon,Good,Type_C,Medium,106,Op08,B05,103935.7
PP005293,112.1,2.0,9.4,15.0,50.3,69.8,26.7,Glossy,Morning,Average,Type_D,High,320,Op07,B19,47707.6
PP005294,145.7,12.8,10.7,20.6,49.3,83.6,47.0,Standard,Morning,Average,Type_B,Medium,82,Op05,B12,73137.6
PP005295,99.2,4.6,17.1,17.3,73.8,76.3,35.3,Glossy,Afternoon,Good,Type_B,Medium,44,Op10,B16,70959.3
PP005296,110.1,1.3,7.7,18.3,55.8,91.8,17.9,Cardstock,Afternoon,Good,Type_C,Medium,360,Op05,B20,44215.7
PP005297,62.3,3.3,14.9,22.2,65.6,,22.2,Glossy,Afternoon,Good,Type_D,Medium,222,Op10,B07,38280.3
PP005298,30.0,15.0,13.1,29.5,61.7,84.2,12.3,Glossy,Morning,Average,Type_D,Medium,115,Op01,B08,8388.4
PP005299,84.0,12.3,17.4,24.0,60.1,51.3,23.1,Standard,Morning,Average,Type_B,Low,312,Op04,B03,43779.6
PP005300,115.9,5.1,10.2,26.4,56.7,72.7,10.8,Standard,Morning,Good,Type_C,High,361,Op05,B20,69800.5
PP005301,118.1,5.1,18.1,23.6,,99.9,55.6,Glossy,Afternoon,Good,Type_C,Medium,165,Op10,B16,108196.4
PP005302,108.5,5.3,8.1,20.9,38.4,78.2,29.6,Matte,Afternoon,Good,Type_A,High,81,Op10,B15,48743.4
PP005303,108.6,0.5,12.1,24.2,59.6,84.7,24.3,Glossy,Afternoon,Average,Type_A,Medium,89,Op01,B19,66476.3
PP005304,114.1,10.2,8.6,26.1,52.4,,39.0,Matte,Night,Good,Type_D,Medium,325,Op05,B09,48201.9
PP005305,119.0,14.8,10.6,24.4,45.0,82.1,30.5,Matte,Morning,Poor,Type_A,Low,50,Op05,B04,30477.1
PP005306,93.3,1.6,15.6,27.4,50.0,79.5,24.7,Glossy,Afternoon,Average,Type_D,Medium,180,Op02,B15,69706.7
PP005307,67.1,5.5,9.3,30.2,45.9,89.4,19.8,Cardstock,Morning,Good,Type_B,High,19,Op05,B07,28613.7
PP005308,137.2,7.5,13.4,19.7,57.7,91.9,24.2,Standard,Morning,Good,Type_B,Low,37,Op01,B20,103528.9
PP005309,75.1,3.2,6.8,31.9,41.3,69.8,34.3,Matte,Afternoon,Good,Type_D,High,58,Op04,B09,24034.4
PP005310,164.3,3.0,11.8,18.8,62.0,74.7,33.4,Glossy,Morning,Good,Type_D,Medium,298,Op08,B03,90802.2
PP005311,83.5,0.7,18.7,27.6,31.3,97.3,27.1,Standard,Afternoon,Good,Type_C,High,219,Op10,B20,78612.1
PP005312,105.8,2.0,10.5,21.0,45.7,89.5,38.6,Cardstock,Night,Poor,Type_C,High,298,Op03,B14,43973.2
PP005313,146.5,0.0,10.3,27.0,,88.5,48.5,Standard,Morning,Good,Type_A,Medium,338,Op01,B10,92302.2
PP005314,102.1,0.1,10.9,29.4,54.7,91.0,36.1,Cardstock,Afternoon,Good,Type_A,Low,18,Op07,B20,51528.2
PP005315,79.2,0.0,6.8,22.0,48.2,96.6,36.5,Standard,Afternoon,Good,Type_A,High,40,Op01,B07,30231.0
PP005316,110.8,1.0,8.8,22.0,29.6,84.5,75.4,Matte,Morning,Good,Type_A,Medium,104,Op03,B14,49539.8
PP005317,145.5,0.5,7.0,21.2,47.4,77.3,17.0,Glossy,Morning,Good,Type_A,Medium,317,Op04,B20,62100.1
PP005318,116.2,1.5,11.9,24.7,57.7,86.8,17.9,Standard,Afternoon,Good,Type_A,Medium,121,Op06,B10,79169.8
PP005319,110.9,5.4,13.0,17.1,75.0,80.6,28.6,Cardstock,Afternoon,Average,Type_D,High,279,Op04,B10,56196.4
PP005320,112.9,8.5,10.1,22.0,46.4,92.5,32.5,Standard,Night,Good,Type_C,Medium,110,Op03,B16,61090.7
PP005321,156.4,3.0,9.1,30.1,50.3,,33.3,Matte,Night,Good,Type_A,Low,193,Op09,B09,63457.3
PP005322,76.2,0.0,6.3,17.7,47.5,96.2,30.3,Glossy,Morning,Average,Type_A,High,289,Op05,B14,23033.1
PP005323,125.5,2.7,9.1,22.1,56.0,89.5,16.0,Standard,Afternoon,Good,Type_B,Medium,174,Op09,B05,70295.0
PP005324,180.0,0.4,10.3,16.6,45.7,93.0,24.4,Cardstock,Morning,Good,Type_C,Medium,321,Op05,B05,66563.6
PP005325,116.8,0.8,7.3,26.5,41.6,31.5,62.6,Matte,Night,Poor,Type_C,High,244,Op04,B06,24194.0
PP005326,142.7,0.9,10.6,20.0,55.3,97.0,12.7,Matte,Morning,Good,Type_D,High,285,Op08,B15,95058.7
PP005327,94.1,4.2,19.6,30.7,54.5,82.6,24.2,Standard,Night,Average,Type_B,Low,292,Op03,B06,73317.0
PP005328,99.7,1.0,15.1,20.0,49.3,83.4,39.8,Standard,Morning,Average,Type_C,Medium,336,Op08,B02,78702.4
PP005329,119.1,0.5,16.9,24.0,24.9,54.1,13.6,Matte,Afternoon,Average,Type_A,High,310,Op04,B11,97197.1
PP005330,114.0,0.8,12.6,26.6,44.2,94.1,23.3,Standard,Afternoon,Average,Type_B,Low,322,Op10,B10,71491.7
PP005331,85.9,3.7,7.3,23.6,58.1,96.1,35.8,Standard,Morning,Poor,Type_C,High,328,Op05,B19,27938.7
PP005332,142.4,2.3,12.3,27.4,58.6,91.2,20.3,Standard,Afternoon,Average,Type_C,Medium,123,Op02,B20,102755.1
PP005333,101.8,1.8,14.2,23.6,52.8,83.1,38.7,Cardstock,Night,Good,Type_C,High,246,Op05,B12,69723.2
PP005334,139.5,3.8,9.2,28.1,58.8,93.4,75.3,Glossy,Afternoon,Average,Type_A,Medium,146,Op07,B16,64020.0
PP005335,113.9,15.0,11.5,27.8,47.6,98.4,26.4,Matte,Afternoon,Average,Type_B,Medium,149,Op05,B15,55314.3
PP005336,160.6,0.9,13.4,25.2,58.8,98.4,66.5,Matte,Afternoon,Good,Type_D,Low,89,Op08,B10,82028.4
PP005337,111.7,0.1,8.8,19.9,59.6,95.6,52.9,Matte,Night,Good,Type_C,Medium,251,Op04,B02,50007.9
PP005338,89.8,10.1,10.6,18.6,36.4,78.3,39.3,Glossy,Night,Average,Type_B,Medium,169,Op10,B06,35373.6
PP005339,152.9,2.7,7.2,27.4,52.5,95.8,11.2,Glossy,Morning,Average,Type_C,Medium,123,Op07,B09,60359.8
PP005340,72.7,10.6,9.8,25.9,40.0,92.6,33.3,Glossy,Afternoon,Average,Type_B,High,133,Op06,B17,32084.2
PP005341,105.0,9.7,10.9,19.9,45.2,78.2,51.5,Standard,Morning,Average,Type_B,Medium,319,Op01,B09,52974.4
PP005342,107.3,15.0,7.7,32.4,58.1,70.6,32.2,Standard,Night,Average,Type_C,High,275,Op04,B17,29261.6
PP005343,149.7,15.0,9.7,25.8,53.5,95.5,42.6,Standard,Afternoon,Average,Type_A,Low,144,Op10,B07,61616.8
PP005344,131.3,0.1,7.2,21.8,45.6,82.0,87.6,Cardstock,Night,Good,Type_C,High,168,Op09,B10,40492.5
PP005345,122.4,4.5,11.9,30.7,58.1,87.9,28.5,Standard,Afternoon,Good,Type_B,High,175,Op02,B20,84837.0
PP005346,168.2,0.8,12.0,25.5,44.6,96.9,76.6,Standard,Night,Good,Type_B,Medium,218,Op08,B01,97512.1
PP005347,120.3,2.6,10.2,30.8,,77.7,11.6,Standard,Morning,Average,Type_C,Low,87,Op09,B08,60212.0
PP005348,74.2,4.5,16.1,23.7,62.3,96.4,29.4,Standard,Morning,Average,Type_B,Medium,81,Op09,B18,56565.6
PP005349,80.0,3.1,8.8,27.5,40.2,99.0,48.6,Matte,Afternoon,Good,Type_D,Medium,100,Op07,B19,33901.4
PP005350,70.8,0.8,20.7,29.2,54.6,93.0,50.0,Cardstock,Afternoon,Good,Type_D,Medium,180,Op09,B05,55366.7
PP005351,114.9,11.0,11.2,25.5,49.3,65.2,34.0,Cardstock,Morning,Average,Type_A,High,59,Op09,B20,56878.4
PP005352,113.3,9.1,7.9,23.1,59.4,63.0,22.2,Matte,Morning,Average,Type_D,Medium,146,Op01,B16,43266.2
PP005353,126.8,0.1,11.1,,56.6,87.8,40.6,Glossy,Morning,Good,Type_A,High,123,Op03,B14,81210.2
PP005354,122.9,5.5,10.5,25.1,59.0,79.5,23.5,Glossy,Afternoon,Good,Type_A,Medium,312,Op01,B16,72846.0
PP005355,121.4,3.7,9.2,20.9,66.4,90.3,60.1,Standard,Afternoon,Good,Type_C,Medium,115,Op03,B13,59179.4
PP005356,169.6,0.4,14.8,24.8,54.7,83.5,47.9,Matte,Morning,Good,Type_C,High,206,Op06,B05,128435.2
PP005357,126.0,13.4,15.9,18.7,55.3,98.2,39.7,Matte,Night,Poor,Type_B,Low,351,Op06,B18,45837.0
PP005358,88.9,1.9,13.0,29.2,84.3,97.1,32.2,Cardstock,Morning,Average,Type_C,Medium,182,Op07,B13,44329.1
PP005359,100.3,1.2,8.6,27.4,42.9,,41.0,Standard,Afternoon,Good,Type_B,Low,88,Op09,B08,43629.4
PP005360,100.0,5.2,9.9,21.2,51.8,85.8,27.0,Matte,Afternoon,Good,Type_A,Low,153,Op04,B02,48441.0
PP005361,113.1,5.8,9.9,23.7,59.9,84.4,13.5,Standard,Afternoon,Good,Type_B,Low,32,Op02,B05,61088.8
PP005362,68.8,0.8,12.0,25.1,46.8,86.8,18.2,Standard,Night,Good,Type_B,High,172,Op02,B10,43793.7
PP005363,149.6,1.0,10.2,26.7,64.6,43.9,44.0,Matte,Afternoon,Good,Type_C,Low,59,Op01,B06,67002.2
PP005364,75.6,4.6,8.0,22.2,20.0,95.8,22.9,Standard,Morning,Good,Type_C,High,279,Op09,B18,30952.6
PP005365,131.0,3.6,6.9,30.8,50.7,,27.0,Matte,Afternoon,Good,Type_B,High,79,Op01,B20,52795.1
PP005366,143.1,0.8,19.8,18.1,45.6,84.9,26.5,Standard,Afternoon,Good,Type_B,Medium,336,Op01,B11,159116.7
PP005367,137.7,0.9,22.3,27.4,,85.3,38.3,Cardstock,Afternoon,Good,Type_B,Medium,174,Op05,B19,139941.4
PP005368,121.5,2.5,14.9,18.2,70.2,78.3,21.6,Cardstock,Morning,Good,Type_B,Low,45,Op05,B16,82595.1
PP005369,117.4,1.6,12.4,29.2,45.0,92.6,18.2,Cardstock,Morning,Average,Type_A,High,29,Op06,B19,80139.1
PP005370,167.9,2.3,14.9,20.7,81.7,87.9,33.6,Cardstock,Morning,Good,Type_C,High,224,Op03,B19,98710.0
PP005371,140.2,1.7,7.4,26.1,44.5,84.2,17.7,Standard,Afternoon,Average,Type_D,Medium,92,Op02,B03,57260.0
PP005372,73.7,11.2,7.1,25.7,35.4,61.9,36.7,Matte,Afternoon,Average,Type_B,Medium,256,Op05,B10,19542.2
PP005373,135.3,7.7,13.8,24.4,34.8,97.9,54.4,Glossy,Night,Good,Type_A,Low,302,Op09,B11,90061.4
PP005374,81.1,6.6,5.7,27.6,47.7,83.3,24.2,Matte,Morning,Good,Type_C,Low,347,Op08,B08,19716.8
PP005375,141.7,7.1,13.7,20.0,41.7,95.8,33.0,Matte,Morning,Average,Type_B,Medium,95,Op02,B05,107298.3
PP005376,141.1,3.1,18.8,26.3,37.7,90.0,18.7,Standard,Afternoon,Average,Type_A,Low,228,Op02,B11,141814.4
PP005377,180.0,3.1,7.8,22.3,57.8,98.9,36.0,Cardstock,Afternoon,Poor,Type_A,High,132,Op06,B16,45573.7
PP005378,121.3,8.7,8.7,22.6,56.2,34.1,27.4,Standard,Afternoon,Average,Type_B,High,189,Op02,B10,44336.2
PP005379,110.2,1.4,11.5,23.2,60.1,74.5,39.8,Standard,Night,Average,Type_B,Medium,25,Op04,B05,62770.0
PP005380,107.4,0.8,6.5,18.6,37.1,98.3,45.3,Standard,Night,Good,Type_B,Medium,176,Op09,B18,35891.7
PP005381,136.1,3.9,7.4,32.6,65.1,86.2,33.9,Standard,Afternoon,Good,Type_A,Medium,175,Op07,B15,57272.7
PP005382,133.4,9.9,11.1,28.0,41.2,38.8,39.4,Glossy,Afternoon,Poor,Type_B,Medium,98,Op05,B18,43126.2
PP005383,132.1,2.2,18.9,21.7,36.1,69.4,22.9,Cardstock,Afternoon,Good,Type_B,Medium,92,Op07,B18,117024.7
PP005384,155.9,1.4,14.6,23.0,42.9,,19.2,Standard,Morning,Good,Type_D,Medium,53,Op05,B15,127056.2
PP005385,133.6,3.9,11.0,,50.1,,25.5,Matte,Night,Good,Type_D,High,348,Op10,B16,83253.2
PP005386,69.7,13.5,11.3,29.3,70.5,87.0,72.2,Cardstock,Night,Average,Type_C,Medium,259,Op03,B06,19889.8
PP005387,102.2,2.7,8.2,31.9,48.0,92.6,21.2,Glossy,Night,Good,Type_D,High,66,Op03,B13,44312.6
PP005388,120.8,11.8,18.2,18.0,39.7,79.9,37.7,Cardstock,Morning,Average,Type_A,Medium,325,Op09,B12,87111.5
PP005389,131.9,13.8,13.6,39.2,59.9,78.7,34.8,Standard,Night,Average,Type_B,Medium,125,Op01,B15,59087.7
PP005390,79.8,15.0,10.6,22.6,52.7,96.5,41.1,Standard,Afternoon,Poor,Type_A,Low,65,Op08,B01,15966.6
PP005391,153.1,6.0,8.5,23.6,56.4,92.1,17.4,Glossy,Morning,Average,Type_B,Medium,57,Op01,B05,69471.8
PP005392,105.0,0.1,6.8,17.9,54.1,95.7,78.3,Standard,Night,Good,Type_A,High,291,Op02,B19,33749.8
PP005393,146.7,3.9,7.9,25.3,59.9,79.7,23.2,Matte,Night,Average,Type_C,Medium,261,Op10,B03,64572.5
PP005394,144.5,9.7,18.4,21.9,75.6,69.1,28.3,Glossy,Afternoon,Average,Type_C,Medium,41,Op01,B11,102992.9
PP005395,96.5,7.8,11.6,18.9,43.9,78.5,32.0,Standard,Night,Average,Type_B,Low,159,Op06,B01,47028.7
PP005396,138.6,4.0,11.1,31.6,49.4,70.7,17.4,Matte,Morning,Average,Type_C,Medium,194,Op10,B18,80964.7
PP005397,155.0,4.2,13.4,21.0,59.6,87.2,54.1,Glossy,Night,Good,Type_D,Low,119,Op06,B18,81634.0
PP005398,121.9,2.0,9.2,33.2,66.2,98.7,28.0,Standard,Afternoon,Good,Type_D,Low,210,Op06,B17,55641.5
PP005399,138.2,0.0,16.6,23.2,59.1,76.8,94.1,Standard,Morning,Good,Type_C,High,118,Op02,B04,124964.1
PP005400,80.0,0.6,6.2,24.3,37.7,93.5,47.9,Matte,Night,Good,Type_D,Medium,115,Op02,B03,22310.4
PP005401,79.4,1.8,10.1,15.0,69.2,76.9,33.5,Matte,Afternoon,Good,Type_D,Low,223,Op06,B05,30623.1
PP005402,130.9,3.4,7.3,26.5,30.1,76.5,29.7,Standard,Afternoon,Good,Type_A,Medium,135,Op07,B20,55377.4
PP005403,58.4,15.0,12.1,24.0,53.8,94.1,27.5,Matte,Night,Good,Type_D,Low,145,Op07,B15,20571.7
PP005404,97.2,7.6,9.7,20.3,32.9,77.5,47.5,Matte,Afternoon,Good,Type_B,Medium,126,Op08,B19,44092.2
PP005405,114.1,5.2,12.3,21.8,,94.8,26.7,Standard,Afternoon,Average,Type_C,Medium,191,Op08,B10,73713.7
PP005406,138.6,11.9,10.9,23.5,61.4,89.7,33.0,Glossy,Morning,Good,Type_B,Medium,173,Op06,B17,82724.8
PP005407,161.3,8.7,11.9,32.2,50.2,73.8,48.9,Standard,Morning,Good,Type_D,Medium,85,Op03,B19,93911.6
PP005408,148.6,3.0,7.5,22.0,43.7,90.6,38.1,Standard,Morning,Good,Type_D,Medium,273,Op05,B04,68807.2
PP005409,76.2,2.7,6.2,36.4,46.9,90.0,30.1,Glossy,Afternoon,Good,Type_A,Medium,312,Op01,B06,21242.3
PP005410,106.4,2.4,6.9,23.5,51.8,97.5,74.3,Standard,Afternoon,Good,Type_B,Low,42,Op04,B13,32483.4
PP005411,130.8,8.5,12.4,25.9,56.1,88.5,19.9,Glossy,Afternoon,Good,Type_C,Medium,256,Op08,B02,89621.5
PP005412,104.1,1.8,7.6,24.1,72.6,61.5,19.1,Cardstock,Afternoon,Good,Type_D,Medium,149,Op01,B20,34896.2
PP005413,130.8,4.0,16.6,27.4,76.9,76.0,34.8,Matte,Afternoon,Average,Type_B,Low,206,Op09,B20,95520.8
PP005414,84.9,2.1,13.7,26.4,68.3,74.0,30.3,Matte,Night,Poor,Type_A,Low,284,Op03,B09,39621.2
PP005415,86.3,6.9,13.3,25.0,43.3,41.1,30.4,Standard,Morning,Good,Type_A,Low,160,Op07,B11,45445.6
PP005416,180.0,3.4,10.4,22.8,51.6,94.1,25.0,Matte,Afternoon,Good,Type_A,Medium,217,Op05,B15,83483.8
PP005417,102.6,0.2,10.2,21.5,48.2,58.7,55.8,Standard,Night,Good,Type_B,Low,130,Op02,B10,47045.5
PP005418,114.3,3.4,6.3,27.8,59.5,98.9,21.0,Standard,Afternoon,Good,Type_B,High,304,Op02,B15,44089.4
PP005419,152.8,0.6,11.4,25.9,48.4,83.8,27.0,Glossy,Morning,Good,Type_A,High,113,Op05,B10,102613.4
PP005420,117.1,1.6,4.8,28.0,60.3,88.2,49.3,Glossy,Afternoon,Average,Type_D,Medium,43,Op10,B15,24976.0
PP005421,161.0,5.3,11.4,28.2,47.2,58.1,34.0,Standard,Night,Good,Type_A,Medium,11,Op07,B10,78463.5
PP005422,180.0,3.9,11.1,27.1,41.5,83.5,31.0,Standard,Afternoon,Good,Type_A,Low,270,Op02,B07,55697.4
PP005423,126.8,0.6,9.0,22.4,72.5,97.2,88.3,Matte,Afternoon,Good,Type_C,Medium,342,Op04,B16,53856.5
PP005424,180.0,2.4,9.3,31.1,35.7,,26.1,Cardstock,Morning,Good,Type_A,Medium,250,Op04,B04,68109.5
PP005425,104.7,3.9,5.6,22.2,41.9,90.5,94.6,Cardstock,Night,Poor,Type_C,Medium,95,Op02,B05,16623.7
PP005426,41.1,3.5,8.8,15.0,37.1,90.5,26.4,Matte,Afternoon,Good,Type_B,Medium,130,Op09,B05,13954.2
PP005427,129.3,15.0,16.9,15.0,66.8,93.1,18.9,Glossy,Morning,Poor,Type_C,Low,215,Op02,B02,24810.1
PP005428,136.6,1.2,10.3,18.5,71.0,71.7,30.3,Cardstock,Afternoon,Good,Type_B,High,350,Op09,B13,67205.9
PP005429,77.6,10.6,15.3,30.5,49.8,86.5,28.0,Standard,Afternoon,Poor,Type_C,Medium,106,Op08,B12,36036.8
PP005430,74.9,2.3,19.2,16.4,37.0,92.2,34.5,Matte,Morning,Good,Type_C,Medium,137,Op07,B02,58686.9
PP005431,89.4,1.0,12.7,24.6,52.1,50.9,76.1,Standard,Night,Good,Type_D,Medium,166,Op05,B07,46863.1
PP005432,64.0,2.5,13.6,28.0,31.6,80.2,23.5,Standard,Night,Good,Type_D,Low,337,Op08,B12,36109.3
PP005433,117.4,3.1,6.3,25.0,64.0,75.4,23.5,Standard,Night,Average,Type_C,Low,216,Op07,B01,33655.4
PP005434,95.2,1.2,13.2,17.8,35.7,84.7,27.6,Matte,Night,Average,Type_D,Medium,6,Op10,B06,54332.1
PP005435,172.6,0.4,7.8,24.4,,89.5,30.0,Standard,Afternoon,Good,Type_D,Medium,363,Op01,B04,64127.1
PP005436,152.8,15.0,13.0,15.0,49.1,63.7,21.9,Standard,Afternoon,Good,Type_A,Medium,346,Op04,B01,78900.7
PP005437,109.8,1.4,13.0,20.0,31.5,92.4,86.8,Standard,Night,Good,Type_B,High,221,Op08,B19,73049.8
PP005438,110.8,5.1,8.0,19.8,70.1,68.9,31.8,Glossy,Morning,Good,Type_A,Low,325,Op07,B05,39902.2
PP005439,162.7,0.8,11.5,25.7,57.5,90.8,43.3,Matte,Night,Poor,Type_D,High,108,Op10,B09,77914.2
PP005440,143.0,0.9,11.6,32.6,,95.9,24.1,Standard,Afternoon,Good,Type_D,High,93,Op02,B16,101228.8
PP005441,69.5,8.7,10.8,24.2,65.5,74.4,98.5,Standard,Morning,Average,Type_B,High,351,Op10,B03,28354.7
PP005442,123.4,2.7,15.0,29.3,50.3,90.5,19.2,Standard,Afternoon,Good,Type_D,High,121,Op02,B02,108846.5
PP005443,131.3,3.0,8.2,21.2,62.4,70.1,51.3,Cardstock,Afternoon,Good,Type_B,High,132,Op04,B11,53400.3
PP005444,124.3,15.0,14.2,22.9,40.9,97.3,25.5,Standard,Night,Good,Type_A,High,77,Op07,B18,88042.0
PP005445,147.8,11.3,10.1,36.1,59.8,93.8,26.8,Glossy,Morning,Poor,Type_A,Medium,197,Op09,B16,56937.1
PP005446,103.0,8.4,6.3,19.4,57.0,88.8,18.5,Glossy,Morning,Poor,Type_C,Low,26,Op09,B18,20643.2
PP005447,60.5,9.2,8.5,27.3,44.5,58.9,46.2,Glossy,Night,Average,Type_B,High,273,Op08,B02,18747.9
PP005448,151.2,3.2,7.4,28.3,50.2,74.0,69.9,Standard,Afternoon,Good,Type_D,Low,109,Op08,B10,45079.8
PP005449,84.1,2.0,12.0,29.4,56.8,90.9,85.6,Glossy,Morning,Good,Type_B,Low,77,Op01,B18,41772.8
PP005450,102.7,0.4,23.0,29.3,54.4,64.2,31.0,Standard,Night,Good,Type_D,Medium,10,Op04,B13,97449.3
PP005451,125.6,6.4,9.8,28.1,43.7,77.8,33.8,Standard,Afternoon,Good,Type_C,Medium,112,Op08,B17,67249.4
PP005452,72.4,11.4,5.5,24.5,53.7,71.6,28.8,Matte,Afternoon,Poor,Type_C,High,124,Op07,B18,12233.7
PP005453,112.0,2.1,12.4,28.4,34.9,87.5,40.9,Matte,Morning,Average,Type_A,Medium,27,Op01,B15,74067.0
PP005454,82.5,3.6,20.5,24.2,75.0,83.7,27.0,Standard,Afternoon,Good,Type_B,High,268,Op05,B06,82061.5
PP005455,94.7,1.4,6.0,17.7,45.7,42.8,39.9,Glossy,Afternoon,Good,Type_D,Medium,158,Op06,B08,20980.8
PP005456,83.8,13.6,9.9,20.5,42.7,95.2,58.9,Matte,Afternoon,Average,Type_A,Medium,285,Op03,B09,32879.9
PP005457,77.7,4.4,8.0,26.9,50.1,78.6,22.0,Cardstock,Morning,Good,Type_D,Medium,263,Op04,B03,29043.1
PP005458,142.4,3.7,9.8,16.5,56.7,76.5,47.1,Glossy,Night,Good,Type_C,Medium,267,Op07,B11,67752.7
PP005459,137.3,6.1,6.6,17.8,61.8,86.7,21.4,Matte,Night,Average,Type_C,Medium,126,Op10,B01,43734.9
PP005460,119.3,2.7,13.8,15.0,58.7,80.3,50.5,Matte,Night,Average,Type_D,Low,73,Op08,B05,62064.7
PP005461,96.9,1.3,9.9,24.4,67.2,79.1,35.7,Glossy,Night,Good,Type_B,Medium,220,Op09,B11,46462.5
PP005462,76.3,0.9,9.7,23.9,83.9,98.2,82.4,Standard,Night,Good,Type_A,Medium,264,Op10,B11,29238.7
PP005463,34.4,4.7,12.2,21.9,41.5,65.3,29.6,Glossy,Night,Average,Type_D,Low,192,Op04,B20,10427.8
PP005464,96.5,2.0,20.9,26.4,74.4,59.3,34.7,Glossy,Morning,Average,Type_C,High,118,Op10,B10,75346.8
PP005465,104.2,12.8,9.1,25.7,39.8,79.5,17.6,Standard,Morning,Average,Type_C,Medium,295,Op01,B17,43308.6
PP005466,124.8,3.8,7.7,18.9,54.3,97.6,40.3,Matte,Morning,Good,Type_A,Low,347,Op04,B08,50308.6
PP005467,144.9,2.6,7.9,28.1,47.1,,22.0,Glossy,Afternoon,Poor,Type_D,Medium,330,Op09,B01,54345.3
PP005468,113.2,0.2,6.5,24.7,76.1,63.2,31.7,Standard,Afternoon,Good,Type_A,Medium,227,Op03,B10,35470.1
PP005469,117.3,6.2,10.8,25.8,76.1,82.7,51.4,Matte,Afternoon,Average,Type_D,Medium,167,Op09,B09,56778.7
PP005470,94.7,7.8,14.6,24.8,46.1,86.0,17.8,Cardstock,Morning,Average,Type_A,Medium,66,Op09,B09,63442.6
PP005471,109.8,7.2,7.4,19.4,44.0,80.9,44.0,Glossy,Afternoon,Average,Type_C,Medium,41,Op01,B16,36891.3
PP005472,131.6,4.1,12.1,25.4,54.2,92.3,20.3,Standard,Afternoon,Poor,Type_A,High,181,Op10,B02,84387.8
PP005473,84.9,5.1,9.2,,67.3,80.9,29.0,Matte,Night,Average,Type_D,Low,303,Op05,B06,30400.6
PP005474,112.9,2.5,7.1,27.4,59.9,90.2,21.8,Standard,Night,Average,Type_B,Low,174,Op05,B15,39587.1
PP005475,116.8,3.4,15.1,26.2,59.4,75.7,53.7,Standard,Night,Average,Type_A,Medium,221,Op10,B15,91598.1
PP005476,84.6,1.6,8.0,26.4,38.5,86.2,15.0,Standard,Afternoon,Good,Type_C,High,201,Op07,B03,38230.5
PP005477,79.2,4.7,12.6,31.1,69.7,91.6,44.8,Standard,Night,Good,Type_B,High,57,Op09,B15,49592.9
PP005478,158.4,6.5,16.1,30.6,53.1,76.5,39.9,Cardstock,Morning,Good,Type_C,Medium,159,Op09,B14,117371.4
PP005479,140.5,15.0,10.4,21.7,48.0,92.1,34.0,Glossy,Night,Average,Type_A,Medium,239,Op05,B13,64281.9
PP005480,103.8,0.9,14.7,25.2,39.9,96.4,41.7,Glossy,Morning,Good,Type_D,Low,169,Op04,B15,72191.4
PP005481,113.5,3.8,7.7,15.0,24.7,,87.0,Matte,Night,Good,Type_C,Medium,83,Op05,B14,32103.1
PP005482,140.0,9.4,14.0,21.9,,62.0,78.2,Standard,Afternoon,Average,Type_B,Medium,326,Op07,B18,87869.1
PP005483,82.8,0.1,12.2,26.5,31.4,93.7,25.5,Matte,Morning,Good,Type_A,High,199,Op08,B16,54055.0
PP005484,113.8,9.5,6.9,20.2,49.8,79.5,40.2,Cardstock,Morning,Average,Type_C,Medium,112,Op08,B03,34789.2
PP005485,141.9,6.3,6.0,23.6,64.6,95.6,18.5,Matte,Morning,Good,Type_B,Medium,147,Op05,B12,49360.0
PP005486,88.5,6.1,6.1,24.2,45.3,96.3,46.6,Matte,Night,Average,Type_A,Medium,190,Op07,B02,23877.5
PP005487,122.1,5.4,10.9,24.0,57.4,92.6,50.6,Standard,Afternoon,Good,Type_B,High,330,Op08,B17,79164.7
PP005488,52.6,3.9,20.7,30.9,,77.6,48.8,Cardstock,Night,Good,Type_C,Low,338,Op05,B04,29704.1
PP005489,117.2,3.8,11.5,21.5,50.3,32.8,28.9,Matte,Morning,Good,Type_C,Low,353,Op07,B14,55027.4
PP005490,110.9,0.3,5.7,16.6,41.1,89.7,36.4,Cardstock,Night,Average,Type_A,Medium,228,Op09,B14,27630.0
PP005491,175.8,8.4,13.0,16.9,48.2,83.7,62.4,Standard,Night,Good,Type_B,Low,356,Op07,B18,50525.2
PP005492,122.2,15.0,6.0,31.7,53.9,91.8,30.7,Cardstock,Afternoon,Average,Type_C,Medium,119,Op03,B07,25657.2
PP005493,100.2,1.6,13.6,25.5,50.2,87.0,21.5,Cardstock,Morning,Good,Type_A,High,153,Op02,B04,73272.8
PP005494,132.1,9.8,20.5,20.1,53.9,51.1,13.3,Standard,Afternoon,Good,Type_A,Low,97,Op01,B12,114059.1
PP005495,122.2,6.0,9.7,25.9,61.1,85.5,41.2,Glossy,Morning,Average,Type_C,Medium,320,Op01,B02,57521.1
PP005496,84.4,8.5,8.7,,71.3,84.4,24.0,Matte,Afternoon,Average,Type_A,Medium,3,Op06,B15,33816.2
PP005497,115.5,2.9,9.8,21.7,24.6,87.4,18.9,Standard,Afternoon,Good,Type_C,Medium,150,Op09,B02,63238.5
PP005498,177.2,9.1,6.8,23.7,59.2,90.9,75.0,Standard,Afternoon,Good,Type_A,Medium,203,Op08,B14,47927.7
PP005499,129.1,2.8,10.2,21.3,33.3,89.2,16.1,Glossy,Morning,Good,Type_B,High,329,Op03,B03,78681.6
PP005500,67.2,0.6,12.6,16.4,34.6,86.7,26.0,Matte,Night,Average,Type_B,Medium,46,Op09,B18,34242.4
PP005501,107.6,1.8,18.7,31.2,50.0,,68.3,Glossy,Afternoon,Good,Type_B,Medium,280,Op04,B05,51813.5
PP005502,127.7,1.3,18.9,24.2,51.6,95.0,26.4,Standard,Night,Average,Type_C,Low,224,Op09,B04,112714.5
PP005503,112.4,1.6,7.7,25.6,59.7,94.1,29.3,Matte,Night,Good,Type_C,Medium,232,Op07,B04,48144.2
PP005504,161.4,2.4,6.5,18.7,44.0,96.8,21.9,Glossy,Morning,Good,Type_A,High,332,Op04,B20,59234.6
PP005505,102.2,1.3,9.4,24.0,21.8,91.5,25.0,Matte,Night,Good,Type_D,Medium,131,Op06,B19,47290.3
PP005506,168.2,8.2,13.8,21.7,38.4,82.3,42.9,Matte,Night,Average,Type_C,Low,101,Op01,B15,71350.2
PP005507,96.0,2.8,13.4,19.7,39.4,93.7,43.2,Cardstock,Afternoon,Good,Type_D,Medium,165,Op05,B07,59368.9
PP005508,116.0,1.1,21.4,32.5,38.0,93.8,31.9,Matte,Afternoon,Good,Type_D,Medium,284,Op07,B09,118714.4
PP005509,153.8,7.6,18.6,21.6,48.9,90.9,30.6,Glossy,Afternoon,Good,Type_D,High,308,Op08,B20,144951.8
PP005510,64.9,3.9,8.7,29.0,58.5,60.3,69.7,Matte,Afternoon,Good,Type_B,Medium,50,Op04,B07,22784.2
PP005511,87.5,0.6,14.2,28.6,51.3,79.8,28.2,Glossy,Morning,Good,Type_B,Medium,125,Op04,B12,60135.0
PP005512,134.2,9.6,11.1,27.4,48.9,83.7,49.4,Standard,Night,Average,Type_B,High,169,Op01,B11,77449.8
PP005513,163.6,0.4,16.3,,49.0,98.9,35.4,Standard,Morning,Good,Type_B,Low,99,Op02,B12,108118.2
PP005514,94.5,1.4,8.2,18.1,55.2,81.2,51.1,Standard,Night,Good,Type_A,Medium,269,Op05,B09,38556.9
PP005515,133.8,5.5,6.6,30.4,43.5,89.4,41.5,Glossy,Morning,Poor,Type_B,Medium,296,Op02,B02,38346.3
PP005516,78.9,11.0,12.9,24.6,42.4,94.8,21.4,Cardstock,Morning,Good,Type_A,High,332,Op04,B20,50005.7
PP005517,133.1,1.3,9.4,24.0,44.9,82.9,34.1,Matte,Morning,Good,Type_A,Low,135,Op06,B11,66599.7
PP005518,166.1,1.1,12.1,23.4,45.1,96.6,26.4,Standard,Night,Average,Type_C,Low,342,Op02,B04,80073.7
PP005519,106.3,0.9,6.9,30.2,54.6,95.4,29.1,Standard,Afternoon,Average,Type_C,Medium,43,Op07,B02,37852.6
PP005520,100.9,1.9,8.3,23.1,35.0,98.8,42.3,Standard,Afternoon,Good,Type_A,High,2,Op03,B11,46990.7
PP005521,157.2,5.5,20.3,17.8,32.2,89.2,34.5,Matte,Night,Average,Type_C,High,153,Op07,B07,132282.5
PP005522,138.0,1.5,5.0,17.3,60.3,83.3,30.3,Cardstock,Night,Average,Type_C,High,303,Op08,B20,30094.8
PP005523,147.5,3.5,13.8,20.5,39.6,97.3,35.3,Matte,Night,Good,Type_B,Low,172,Op09,B07,109028.2
PP005524,153.4,0.4,12.9,29.6,68.0,55.4,32.1,Standard,Morning,Good,Type_A,Low,91,Op10,B01,72650.2
PP005525,112.6,6.6,7.9,32.3,42.7,83.5,23.2,Glossy,Morning,Good,Type_B,High,255,Op02,B08,48182.4
PP005526,147.6,3.1,9.1,19.9,39.7,55.5,44.2,Matte,Night,Good,Type_A,Low,363,Op07,B13,62483.4
PP005527,173.6,15.0,6.7,21.8,71.0,88.4,31.0,Cardstock,Night,Good,Type_B,Low,225,Op10,B20,14917.5
PP005528,104.0,8.5,5.8,25.0,54.0,88.7,31.4,Matte,Night,Average,Type_A,Medium,310,Op01,B19,28162.2
PP005529,144.3,1.4,11.4,30.1,43.7,92.2,47.3,Standard,Morning,Average,Type_B,Low,121,Op04,B13,86658.4
PP005530,102.4,0.9,10.0,21.3,45.8,79.4,14.4,Matte,Morning,Good,Type_B,Medium,289,Op02,B14,58028.9
PP005531,162.1,7.9,8.5,23.3,67.8,92.2,56.3,Glossy,Night,Average,Type_D,High,223,Op04,B14,58175.2
PP005532,133.8,10.0,6.8,26.4,41.9,81.9,26.4,Standard,Night,Average,Type_C,Medium,23,Op09,B17,45050.8
PP005533,74.6,3.7,20.5,26.9,31.9,82.3,63.6,Matte,Night,Poor,Type_C,Low,156,Op06,B01,38575.7
PP005534,121.9,8.1,11.0,21.4,63.9,90.0,32.6,Standard,Afternoon,Poor,Type_B,Medium,207,Op10,B17,58167.6
PP005535,99.1,0.2,12.8,23.2,28.0,98.4,23.8,Standard,Morning,Average,Type_D,Medium,72,Op02,B08,64664.2
PP005536,142.3,5.8,14.5,21.4,39.6,81.8,23.8,Glossy,Morning,Good,Type_B,Medium,281,Op02,B16,112401.4
PP005537,110.4,0.1,10.5,20.1,49.9,91.9,18.1,Standard,Night,Good,Type_B,High,74,Op02,B13,68201.7
PP005538,112.1,5.3,7.7,22.8,29.6,61.9,23.9,Standard,Afternoon,Good,Type_D,High,242,Op10,B16,45863.9
PP005539,136.6,15.0,4.7,22.1,27.3,82.8,34.2,Glossy,Night,Average,Type_A,Medium,155,Op09,B15,22982.1
PP005540,101.0,3.3,15.7,23.0,61.9,11.6,25.3,Standard,Afternoon,Good,Type_C,Medium,350,Op02,B12,41542.7
PP005541,30.0,5.8,11.6,20.2,,78.1,41.3,Matte,Night,Average,Type_C,Medium,296,Op09,B11,10888.6
PP005542,98.4,1.2,10.6,27.8,61.8,98.2,10.0,Standard,Morning,Good,Type_C,High,302,Op10,B14,60254.7
PP005543,96.7,0.4,15.6,32.3,36.8,77.2,34.6,Glossy,Morning,Good,Type_B,Medium,48,Op10,B17,72206.9
PP005544,163.8,3.5,8.7,24.3,40.3,95.1,64.5,Cardstock,Afternoon,Good,Type_A,Low,237,Op07,B09,55855.4
PP005545,63.5,6.1,13.5,33.9,52.0,66.3,17.4,Glossy,Night,Average,Type_D,Medium,166,Op05,B18,29542.3
PP005546,172.0,3.5,7.8,20.1,55.9,95.6,72.5,Cardstock,Afternoon,Average,Type_A,Low,97,Op07,B16,31205.7
PP005547,120.1,1.9,21.3,22.1,54.8,35.7,22.0,Glossy,Night,Average,Type_A,Medium,97,Op01,B16,85590.5
PP005548,128.6,9.6,8.4,,68.5,67.5,20.4,Standard,Morning,Poor,Type_A,Medium,355,Op03,B03,44911.8
PP005549,110.1,1.7,11.1,17.3,37.0,69.1,22.8,Glossy,Afternoon,Average,Type_A,Medium,148,Op07,B02,57152.8
PP005550,109.6,0.3,18.0,22.4,43.1,7.7,22.5,Cardstock,Afternoon,Good,Type_C,Medium,206,Op09,B14,35375.4
PP005551,97.0,3.8,7.5,26.6,58.9,82.2,28.0,Matte,Morning,Average,Type_B,High,24,Op08,B17,40368.4
PP005552,179.6,0.8,7.5,32.0,21.6,79.2,49.7,Glossy,Afternoon,Good,Type_D,High,80,Op01,B02,45177.4
PP005553,93.1,0.4,16.4,15.8,36.0,92.0,24.6,Matte,Morning,Good,Type_C,Low,266,Op02,B05,63694.1
PP005554,130.0,15.0,7.1,22.2,48.7,95.2,18.5,Standard,Morning,Good,Type_C,High,88,Op07,B20,48554.0
PP005555,121.5,2.3,8.8,23.4,47.7,99.1,40.5,Matte,Night,Average,Type_B,Medium,151,Op04,B15,58299.9
PP005556,116.4,3.5,11.9,22.2,50.0,98.5,27.6,Cardstock,Afternoon,Good,Type_B,Medium,332,Op02,B01,76136.2
PP005557,147.0,12.7,6.6,21.9,50.7,70.7,29.1,Glossy,Night,Poor,Type_C,Medium,76,Op03,B18,26168.6
PP005558,132.7,5.4,12.8,30.4,49.0,79.9,25.8,Standard,Night,Good,Type_B,Medium,58,Op01,B15,92759.9
PP005559,59.4,1.2,5.7,23.7,69.7,76.7,16.3,Standard,Morning,Good,Type_C,High,104,Op10,B12,16730.8
PP005560,62.0,7.6,7.5,25.3,63.1,82.5,23.4,Cardstock,Morning,Good,Type_A,High,98,Op02,B16,21373.5
PP005561,98.9,2.7,6.0,24.4,62.3,71.5,32.0,Cardstock,Afternoon,Average,Type_D,Low,273,Op09,B10,21654.0
PP005562,160.0,8.1,7.9,25.2,28.5,84.2,30.2,Matte,Morning,Average,Type_C,Medium,67,Op01,B02,56813.8
PP005563,176.1,3.7,14.4,26.4,47.6,81.2,40.4,Standard,Morning,Good,Type_B,Medium,129,Op08,B14,122746.5
PP005564,103.8,0.2,12.2,27.4,63.1,82.4,70.2,Standard,Afternoon,Good,Type_D,Medium,166,Op10,B18,61232.4
PP005565,117.3,12.5,8.1,19.1,55.9,,36.7,Matte,Night,Average,Type_C,Medium,240,Op02,B14,39975.0
PP005566,79.3,7.2,8.7,29.8,47.1,83.6,59.2,Standard,Night,Average,Type_B,Low,228,Op01,B17,25808.1
PP005567,125.9,0.2,20.7,21.7,38.7,82.0,24.5,Matte,Morning,Good,Type_A,Medium,76,Op07,B19,147881.2
PP005568,125.1,3.0,7.3,22.3,60.9,22.4,71.2,Glossy,Morning,Good,Type_C,High,312,Op01,B16,29909.3
PP005569,95.2,7.9,13.3,24.9,45.7,76.7,21.6,Standard,Afternoon,Average,Type_C,Medium,111,Op09,B12,63270.7
PP005570,111.7,3.0,7.3,24.4,,77.2,48.3,Glossy,Night,Good,Type_C,Medium,26,Op01,B01,39466.3
PP005571,130.9,15.0,8.4,23.0,46.2,93.0,29.5,Glossy,Afternoon,Average,Type_B,Medium,174,Op09,B19,47126.3
PP005572,170.1,8.2,12.0,29.0,,,32.5,Matte,Afternoon,Average,Type_B,Low,239,Op07,B11,49086.3
PP005573,176.9,2.9,11.2,21.2,39.6,,12.6,Glossy,Morning,Good,Type_C,Low,356,Op06,B07,50504.9
PP005574,180.0,5.5,11.1,22.8,37.8,90.4,32.3,Glossy,Afternoon,Good,Type_A,Medium,299,Op01,B11,83902.0
PP005575,95.5,1.5,12.1,31.5,42.3,91.6,27.8,Matte,Morning,Good,Type_B,Low,59,Op09,B08,56131.8
PP005576,44.3,15.0,10.5,23.4,32.1,75.6,26.2,Standard,Afternoon,Good,Type_C,Medium,162,Op07,B10,14675.7
PP005577,118.4,4.0,7.3,23.2,,88.6,14.0,Glossy,Morning,Good,Type_A,Low,250,Op01,B20,46661.8
PP005578,78.9,5.3,15.0,19.0,57.1,88.1,25.1,Standard,Afternoon,Good,Type_B,Low,18,Op06,B19,53542.9
PP005579,131.7,1.6,11.8,24.9,48.6,83.1,44.9,Standard,Morning,Poor,Type_C,Medium,167,Op03,B10,76308.0
PP005580,104.3,5.3,7.6,22.4,49.8,73.9,45.6,Standard,Afternoon,Average,Type_C,Medium,295,Op03,B19,38821.9
PP005581,91.7,3.1,2.8,32.2,60.6,84.9,62.8,Glossy,Morning,Good,Type_D,High,19,Op06,B01,8380.3
PP005582,113.6,0.2,20.0,22.9,62.8,21.3,33.0,Standard,Afternoon,Good,Type_C,Medium,310,Op07,B06,68469.3
PP005583,148.2,0.2,19.9,22.0,64.6,74.3,39.3,Matte,Afternoon,Good,Type_B,Low,271,Op04,B15,141008.4
PP005584,127.6,1.3,7.5,27.8,56.4,95.7,27.1,Standard,Morning,Good,Type_D,High,179,Op02,B01,58587.6
PP005585,115.0,12.8,12.6,29.5,50.7,,41.5,Standard,Night,Poor,Type_D,High,101,Op04,B12,41856.8
PP005586,88.8,1.0,11.5,26.5,50.0,78.9,33.3,Standard,Morning,Good,Type_C,Medium,117,Op07,B02,52800.3
PP005587,79.4,4.1,10.8,30.9,30.0,90.7,50.3,Standard,Morning,Average,Type_A,Medium,254,Op01,B06,39414.2
PP005588,127.2,3.4,6.6,23.8,47.0,76.7,10.2,Matte,Night,Good,Type_A,Low,319,Op08,B15,44275.1
PP005589,102.4,1.3,5.1,,66.3,97.1,19.3,Matte,Morning,Good,Type_A,Medium,91,Op08,B01,26989.7
PP005590,84.0,0.8,11.2,23.1,41.4,67.8,48.0,Glossy,Morning,Average,Type_B,Medium,280,Op07,B09,41773.8
PP005591,132.8,0.0,5.5,22.3,35.4,87.5,30.4,Cardstock,Afternoon,Good,Type_D,High,123,Op07,B05,39346.5
PP005592,115.2,2.8,12.3,23.1,47.7,57.3,13.0,Matte,Afternoon,Average,Type_D,Medium,254,Op01,B11,69419.8
PP005593,106.3,0.7,8.7,24.3,29.6,80.3,40.6,Glossy,Afternoon,Good,Type_A,Medium,114,Op06,B15,46468.8
PP005594,165.9,5.9,23.3,19.1,,95.5,27.9,Standard,Night,Average,Type_C,Low,353,Op01,B11,104028.4
PP005595,94.5,1.5,10.8,31.1,65.6,73.9,20.9,Matte,Night,Good,Type_A,Medium,83,Op06,B12,51252.4
PP005596,146.3,1.4,9.3,28.3,46.6,87.1,49.6,Standard,Morning,Good,Type_B,Medium,126,Op01,B05,77016.9
PP005597,120.0,7.3,5.4,26.0,45.8,87.4,55.0,Matte,Night,Good,Type_A,Low,274,Op07,B09,28653.0
PP005598,129.7,1.2,7.3,19.9,34.3,86.8,15.0,Glossy,Morning,Good,Type_C,Medium,185,Op09,B05,52713.4
PP005599,118.9,4.3,13.8,15.0,36.4,91.6,26.0,Matte,Afternoon,Good,Type_C,Medium,256,Op03,B04,81622.5
PP005600,146.7,0.8,6.4,,50.2,89.2,32.9,Glossy,Night,Good,Type_B,High,318,Op03,B09,53832.4
PP005601,164.6,15.0,13.6,26.0,65.7,96.0,22.9,Standard,Afternoon,Average,Type_B,Low,202,Op06,B06,66332.4
PP005602,73.5,5.2,6.7,24.1,56.8,33.6,21.5,Standard,Afternoon,Good,Type_B,Low,1,Op10,B20,16981.0
PP005603,154.3,2.7,13.6,26.0,66.5,97.0,35.7,Glossy,Morning,Good,Type_B,Low,354,Op08,B11,94775.9
PP005604,106.7,2.9,16.6,24.1,63.8,91.3,42.1,Standard,Afternoon,Good,Type_A,High,107,Op06,B06,106010.2
PP005605,127.1,3.2,16.1,21.1,40.3,94.5,36.3,Matte,Morning,Good,Type_B,Medium,361,Op02,B06,116008.7
PP005606,125.0,4.9,10.8,27.0,72.1,82.7,70.6,Cardstock,Afternoon,Average,Type_B,Medium,87,Op08,B01,58065.9
PP005607,98.9,6.2,19.5,23.9,44.0,86.1,70.5,Standard,Morning,Good,Type_A,Medium,344,Op10,B18,92997.6
PP005608,97.5,3.9,8.3,29.8,35.4,85.5,40.3,Glossy,Afternoon,Good,Type_A,High,323,Op01,B05,41503.2
PP005609,121.8,2.8,8.7,25.8,38.0,92.4,32.0,Standard,Night,Good,Type_A,Medium,128,Op02,B02,62323.8
PP005610,96.2,2.1,10.3,22.1,42.6,99.4,17.2,Glossy,Morning,Good,Type_B,Medium,86,Op06,B13,55503.6
PP005611,137.9,1.4,7.3,19.9,74.5,74.4,33.2,Standard,Night,Good,Type_B,Medium,83,Op06,B13,53408.2
PP005612,67.6,0.3,15.4,15.9,31.9,61.1,32.2,Glossy,Night,Average,Type_A,Medium,111,Op08,B05,35776.8
PP005613,109.8,1.7,12.6,30.0,50.3,93.2,54.9,Standard,Morning,Average,Type_C,High,17,Op08,B10,72978.9
PP005614,159.5,0.9,8.9,19.3,36.8,97.2,20.4,Matte,Afternoon,Good,Type_A,Medium,175,Op02,B09,79485.3
PP005615,110.0,5.1,21.3,27.6,32.7,82.7,50.3,Matte,Morning,Average,Type_C,Medium,201,Op03,B06,102541.8
PP005616,85.5,2.9,7.0,23.2,,98.8,43.1,Matte,Night,Average,Type_A,High,18,Op05,B11,29476.1
PP005617,113.0,3.2,5.8,25.9,,84.9,19.5,Glossy,Afternoon,Average,Type_C,Medium,229,Op08,B12,33471.6
PP005618,83.3,9.1,12.4,24.6,,91.9,18.8,Glossy,Afternoon,Poor,Type_C,Medium,79,Op09,B09,33219.4
PP005619,140.4,4.6,22.5,21.5,54.4,78.7,35.2,Standard,Morning,Average,Type_A,Low,110,Op09,B20,142812.5
PP005620,119.1,9.7,8.8,,54.7,,43.3,Glossy,Night,Good,Type_A,Medium,259,Op04,B20,51337.9
PP005621,107.6,4.3,11.4,24.1,55.6,,18.2,Matte,Afternoon,Good,Type_B,High,217,Op08,B13,68742.5
PP005622,137.9,10.0,8.8,28.4,36.4,92.1,57.1,Standard,Afternoon,Average,Type_C,Medium,84,Op08,B19,59342.6
PP005623,112.8,3.3,14.2,25.2,57.6,59.8,45.7,Standard,Morning,Good,Type_A,Low,69,Op10,B01,80930.4
PP005624,92.8,0.7,8.5,27.2,64.1,28.3,91.2,Glossy,Afternoon,Good,Type_A,Medium,170,Op02,B12,23514.2
PP005625,104.8,2.7,12.0,19.6,36.5,88.8,91.6,Glossy,Night,Good,Type_C,High,143,Op04,B16,56369.2
PP005626,90.4,15.0,20.2,23.1,46.0,91.9,13.5,Matte,Night,Average,Type_A,High,344,Op08,B09,51141.0
PP005627,80.2,4.2,10.3,15.0,47.8,61.4,18.9,Standard,Afternoon,Average,Type_A,Low,274,Op05,B07,30022.8
PP005628,134.7,8.4,10.0,29.7,61.0,85.6,13.5,Cardstock,Morning,Average,Type_A,Medium,358,Op03,B18,68937.4
PP005629,94.0,0.7,18.3,21.6,46.2,,20.0,Standard,Night,Good,Type_D,Medium,339,Op01,B15,81373.2
PP005630,95.5,3.1,6.8,26.9,39.8,80.7,54.7,Cardstock,Morning,Good,Type_D,Medium,30,Op01,B03,28941.5
PP005631,143.8,8.6,7.6,26.8,32.9,89.5,80.9,Standard,Morning,Good,Type_D,Medium,89,Op04,B07,54248.4
PP005632,72.4,2.6,11.7,25.4,61.9,94.0,14.4,Cardstock,Morning,Good,Type_A,Medium,277,Op08,B04,41410.8
PP005633,88.8,1.7,9.1,31.3,46.4,96.4,36.3,Matte,Afternoon,Poor,Type_B,Low,319,Op10,B02,30321.9
PP005634,97.4,1.1,8.4,15.0,57.8,85.5,26.4,Standard,Morning,Good,Type_C,High,275,Op03,B12,42684.2
PP005635,165.5,12.5,9.7,24.1,52.1,84.2,55.1,Glossy,Morning,Poor,Type_B,Low,37,Op09,B06,27980.2
PP005636,109.3,7.2,8.4,24.9,38.7,96.8,16.9,Glossy,Morning,Good,Type_A,Medium,5,Op08,B18,52045.2
PP005637,120.5,3.6,19.8,28.2,31.7,95.9,54.9,Cardstock,Afternoon,Average,Type_A,Low,67,Op05,B01,96477.5
PP005638,117.0,3.3,15.3,23.1,49.5,61.2,25.8,Standard,Morning,Good,Type_C,Medium,335,Op06,B05,97837.9
PP005639,75.5,9.3,8.7,33.3,40.9,82.9,14.7,Cardstock,Morning,Average,Type_A,Low,354,Op01,B18,23011.4
PP005640,127.0,4.4,21.5,24.9,35.9,94.8,54.2,Glossy,Afternoon,Average,Type_C,Low,144,Op07,B09,103706.6
PP005641,142.2,4.2,7.5,27.3,45.3,91.5,58.5,Standard,Morning,Average,Type_D,Medium,240,Op02,B18,57654.5
PP005642,169.4,8.4,7.7,19.5,43.0,62.7,27.7,Matte,Morning,Good,Type_C,Medium,65,Op04,B17,60179.8
PP005643,108.7,11.8,7.0,33.8,47.5,86.6,88.2,Cardstock,Morning,Average,Type_C,High,304,Op07,B11,25729.0
PP005644,134.2,6.1,14.6,23.6,56.9,93.0,16.3,Standard,Night,Good,Type_A,Low,111,Op05,B15,108413.1
PP005645,144.5,4.4,9.6,27.8,52.0,,51.8,Matte,Afternoon,Average,Type_B,High,152,Op05,B12,79148.1
PP005646,117.5,2.8,13.8,25.9,43.1,97.3,56.9,Standard,Morning,Average,Type_C,Medium,81,Op07,B20,90117.8
PP005647,180.0,0.7,11.7,20.2,62.0,93.7,31.9,Matte,Night,Good,Type_B,Medium,293,Op02,B06,87904.6
PP005648,177.8,5.2,17.3,,42.1,91.6,49.6,Glossy,Afternoon,Average,Type_C,Low,232,Op07,B17,62990.5
PP005649,162.2,14.8,11.5,,47.2,92.3,34.1,Matte,Afternoon,Average,Type_D,High,297,Op03,B05,70935.2
PP005650,75.3,3.9,17.6,21.3,57.4,,37.7,Standard,Afternoon,Good,Type_A,High,204,Op07,B06,68772.0
PP005651,107.7,0.2,7.5,27.5,55.4,85.2,48.8,Matte,Morning,Good,Type_A,Medium,74,Op04,B08,44392.3
PP005652,140.5,1.3,7.7,33.7,56.7,53.7,22.3,Matte,Morning,Good,Type_C,Medium,314,Op02,B02,52369.3
PP005653,118.6,2.8,11.9,30.0,33.1,6.9,59.9,Cardstock,Afternoon,Good,Type_B,Medium,337,Op02,B07,27106.5
PP005654,61.5,8.0,8.2,32.0,49.2,96.7,53.0,Glossy,Afternoon,Good,Type_C,Low,190,Op06,B16,18290.7
PP005655,123.2,15.0,15.6,28.8,49.1,74.3,27.3,Glossy,Night,Average,Type_D,Medium,179,Op07,B01,65645.5
PP005656,180.0,0.3,17.6,20.0,43.5,89.0,30.0,Standard,Morning,Average,Type_C,Medium,84,Op02,B16,127393.7
PP005657,168.6,1.9,18.0,22.6,50.5,82.3,17.7,Glossy,Night,Good,Type_A,High,14,Op06,B13,147256.3
PP005658,143.4,1.5,11.4,33.3,52.5,92.4,28.8,Standard,Morning,Good,Type_D,Medium,152,Op03,B20,92049.2
PP005659,118.8,4.2,11.7,23.2,,96.0,71.3,Matte,Morning,Good,Type_D,High,245,Op09,B09,76365.2
PP005660,116.4,1.2,10.2,21.2,,91.2,22.6,Standard,Afternoon,Good,Type_C,Medium,180,Op07,B14,61543.4
PP005661,125.7,1.4,7.0,20.1,44.5,87.4,33.1,Standard,Afternoon,Good,Type_A,Medium,106,Op03,B12,53846.6
PP005662,100.5,0.6,9.3,31.0,60.3,94.8,45.8,Standard,Morning,Good,Type_A,High,358,Op09,B09,51091.7
PP005663,101.2,4.8,8.7,26.3,,86.6,25.5,Standard,Night,Good,Type_C,Medium,136,Op02,B08,44084.4
PP005664,122.0,15.0,10.6,16.6,46.9,91.8,46.6,Standard,Night,Good,Type_A,High,294,Op05,B16,60237.8
PP005665,180.0,8.4,11.0,29.6,37.2,56.1,63.2,Glossy,Night,Average,Type_D,High,307,Op05,B20,41971.0
PP005666,134.9,3.3,14.7,21.7,48.5,93.5,28.5,Glossy,Morning,Average,Type_B,Medium,42,Op01,B19,113996.4
PP005667,124.7,1.8,7.8,23.6,48.7,89.2,29.2,Glossy,Night,Good,Type_A,Medium,238,Op06,B15,51688.2
PP005668,151.4,1.2,10.5,27.2,54.4,79.6,39.5,Glossy,Night,Average,Type_B,Medium,237,Op04,B07,75898.5
PP005669,170.2,1.9,15.6,21.1,26.0,95.8,47.7,Standard,Afternoon,Good,Type_B,High,261,Op04,B05,135402.5
PP005670,154.2,2.9,17.5,18.7,49.8,90.1,88.6,Glossy,Night,Good,Type_C,Medium,84,Op09,B02,123712.9
PP005671,83.5,3.3,8.1,21.2,56.3,87.5,44.0,Glossy,Night,Good,Type_B,Low,281,Op07,B06,29119.4
PP005672,171.9,1.9,11.3,17.4,48.8,91.4,62.8,Standard,Afternoon,Good,Type_A,Low,138,Op08,B09,56440.9
PP005673,144.8,2.2,14.6,18.7,44.7,82.2,30.4,Standard,Night,Good,Type_A,High,10,Op09,B17,126644.1
PP005674,76.7,0.6,8.0,29.8,45.3,92.5,26.6,Glossy,Night,Average,Type_B,High,283,Op08,B05,27396.7
PP005675,105.9,5.5,6.3,31.1,61.7,87.0,35.9,Standard,Night,Average,Type_A,High,159,Op03,B18,32888.9
PP005676,47.0,7.3,11.7,32.6,30.6,95.7,54.3,Standard,Night,Average,Type_D,Low,104,Op05,B17,15631.0
PP005677,90.9,2.2,14.4,24.2,61.7,98.5,39.9,Glossy,Morning,Good,Type_A,Medium,132,Op01,B07,67662.7
PP005678,113.8,10.2,19.1,23.0,54.1,95.8,47.0,Glossy,Afternoon,Average,Type_C,High,255,Op01,B07,89276.3
PP005679,126.0,0.6,19.9,15.7,,87.1,71.6,Standard,Afternoon,Good,Type_B,Medium,260,Op07,B02,118345.1
PP005680,104.0,2.2,10.0,26.5,65.0,97.7,29.5,Standard,Afternoon,Good,Type_B,Medium,303,Op05,B12,58649.3
PP005681,122.7,2.9,8.3,18.6,40.0,,61.7,Standard,Afternoon,Average,Type_B,High,158,Op07,B14,43739.6
PP005682,99.9,15.0,18.9,28.7,43.4,76.3,25.8,Glossy,Afternoon,Poor,Type_D,High,229,Op07,B09,27590.0
PP005683,129.8,0.2,9.7,31.8,73.1,77.7,52.5,Matte,Night,Good,Type_C,Medium,114,Op08,B15,62850.3
PP005684,115.9,3.7,5.9,26.0,52.0,93.2,30.2,Standard,Night,Good,Type_C,High,46,Op09,B16,38225.2
PP005685,135.3,3.5,8.2,16.2,51.4,85.9,28.8,Glossy,Afternoon,Average,Type_C,High,53,Op02,B16,57110.1
PP005686,146.2,5.8,18.0,20.9,48.8,73.9,33.2,Glossy,Afternoon,Average,Type_A,Medium,260,Op03,B11,133044.4
PP005687,139.9,0.9,11.0,32.0,43.3,92.0,16.6,Standard,Morning,Good,Type_C,Medium,25,Op01,B14,91679.4
PP005688,108.4,2.2,8.9,25.6,60.4,71.1,40.1,Standard,Morning,Good,Type_D,Low,348,Op10,B18,47773.0
PP005689,60.5,8.3,8.3,19.5,47.0,91.6,21.6,Matte,Morning,Good,Type_A,High,316,Op08,B05,26410.7
PP005690,132.0,2.3,11.3,15.0,39.9,94.5,12.6,Standard,Afternoon,Good,Type_A,Low,128,Op10,B16,76920.9
PP005691,70.3,8.0,12.7,27.3,50.5,74.1,19.4,Standard,Morning,Good,Type_A,Medium,71,Op09,B05,45996.6
PP005692,141.0,4.5,13.3,22.0,48.1,83.9,29.7,Cardstock,Night,Average,Type_B,Medium,232,Op03,B12,94413.9
PP005693,154.1,0.8,8.1,31.3,41.9,84.9,40.1,Glossy,Night,Good,Type_A,Medium,196,Op06,B12,61757.0
PP005694,148.2,4.1,11.8,21.6,44.2,82.8,30.5,Matte,Morning,Poor,Type_C,High,87,Op03,B07,92468.4
PP005695,155.6,6.1,10.5,23.0,52.2,96.8,44.0,Standard,Morning,Good,Type_B,Medium,148,Op07,B15,90972.4
PP005696,150.8,6.2,18.8,28.0,49.4,83.2,28.2,Standard,Afternoon,Average,Type_A,Medium,6,Op09,B01,144139.4
PP005697,88.3,4.2,9.5,22.1,66.4,81.2,20.8,Glossy,Night,Good,Type_C,High,85,Op10,B09,40392.5
PP005698,74.4,5.4,7.6,,63.6,82.9,35.3,Glossy,Morning,Poor,Type_D,High,15,Op04,B18,20030.7
PP005699,45.1,5.4,13.2,21.3,62.0,78.7,23.1,Glossy,Night,Average,Type_C,Medium,71,Op05,B10,20850.9
PP005700,119.1,4.9,15.1,24.5,,91.3,36.9,Matte,Afternoon,Average,Type_B,Low,219,Op07,B06,86750.2
PP005701,130.5,2.7,16.8,17.3,47.6,93.3,38.0,Glossy,Afternoon,Good,Type_A,High,348,Op05,B07,120629.7
PP005702,126.7,5.6,12.7,24.5,45.8,80.9,39.9,Standard,Morning,Average,Type_B,High,239,Op07,B14,91047.7
PP005703,113.6,1.2,12.7,27.2,56.3,87.3,53.2,Standard,Afternoon,Good,Type_B,Medium,15,Op09,B01,83459.6
PP005704,147.1,0.1,11.7,15.0,52.9,,34.0,Matte,Night,Good,Type_A,Medium,302,Op01,B12,50812.6
PP005705,125.3,9.6,8.8,30.1,51.9,91.1,25.0,Standard,Morning,Average,Type_C,Medium,356,Op02,B06,57203.8
PP005706,64.1,8.6,7.4,21.2,47.9,93.0,26.1,Matte,Morning,Good,Type_A,Medium,6,Op02,B03,25160.9
PP005707,70.7,2.9,8.6,27.4,44.9,83.7,32.6,Matte,Morning,Good,Type_D,Medium,61,Op01,B14,30123.9
PP005708,155.2,11.0,5.6,18.7,32.6,88.7,19.7,Glossy,Morning,Average,Type_C,Medium,312,Op07,B04,37691.2
PP005709,132.0,0.7,7.2,21.5,54.0,74.2,63.8,Cardstock,Morning,Good,Type_A,High,260,Op02,B09,46989.2
PP005710,68.7,15.0,11.4,,49.6,88.3,67.7,Glossy,Night,Poor,Type_B,Medium,97,Op07,B06,11373.7
PP005711,157.0,1.8,8.6,33.8,54.9,95.5,22.4,Glossy,Morning,Good,Type_C,Medium,341,Op01,B14,71513.6
PP005712,102.1,2.1,9.8,23.5,,86.4,91.1,Cardstock,Morning,Average,Type_A,Low,62,Op06,B11,35932.4
PP005713,153.8,4.3,10.6,21.2,52.5,85.0,17.0,Standard,Night,Good,Type_A,High,348,Op03,B01,94160.2
PP005714,101.4,8.4,21.1,28.1,54.1,87.8,57.3,Glossy,Morning,Average,Type_D,Medium,182,Op04,B19,75880.3
PP005715,152.7,4.7,17.9,17.8,62.0,,34.3,Standard,Morning,Good,Type_D,Low,302,Op04,B18,111278.7
PP005716,140.4,0.3,16.8,28.0,41.6,84.0,58.0,Matte,Afternoon,Good,Type_C,Medium,132,Op07,B17,131184.2
PP005717,101.1,5.0,12.2,21.2,58.1,99.0,54.4,Standard,Morning,Average,Type_C,High,161,Op05,B16,64375.9
PP005718,100.6,9.9,7.5,21.0,53.1,92.6,53.0,Standard,Afternoon,Poor,Type_D,Medium,113,Op05,B15,27050.5
PP005719,158.8,15.0,7.4,,48.3,80.4,36.1,Matte,Afternoon,Average,Type_A,Medium,110,Op02,B06,44630.8
PP005720,127.0,5.8,11.8,29.4,38.9,75.6,32.0,Glossy,Night,Average,Type_B,High,59,Op02,B15,74057.9
PP005721,80.5,9.8,14.6,26.7,54.3,98.2,33.9,Cardstock,Morning,Average,Type_A,Medium,349,Op03,B12,48566.5
PP005722,84.0,4.4,8.6,28.7,80.6,74.6,26.5,Glossy,Morning,Poor,Type_A,Low,224,Op10,B01,21978.0
PP005723,99.5,3.1,6.7,18.7,49.7,64.4,25.8,Standard,Morning,Good,Type_B,Medium,176,Op01,B20,34988.5
PP005724,109.7,4.1,6.8,18.2,,90.5,16.6,Glossy,Night,Average,Type_B,Low,196,Op04,B01,33134.9
PP005725,76.1,15.0,12.2,25.5,65.3,99.5,41.6,Standard,Afternoon,Average,Type_A,Low,239,Op10,B05,28667.9
PP005726,170.2,5.4,8.3,25.8,55.5,78.0,12.6,Cardstock,Afternoon,Average,Type_C,Medium,348,Op07,B12,62218.1
PP005727,84.9,5.9,8.5,23.8,48.8,89.7,79.0,Standard,Morning,Average,Type_A,Medium,207,Op10,B05,33215.9
PP005728,81.7,3.1,15.5,15.6,51.4,76.7,32.8,Standard,Night,Good,Type_A,Medium,221,Op10,B18,58385.0
PP005729,55.8,15.0,12.3,16.8,52.3,90.3,17.4,Glossy,Afternoon,Average,Type_A,High,261,Op06,B12,20851.7
PP005730,109.6,3.6,9.3,29.6,58.8,64.0,47.0,Matte,Afternoon,Good,Type_B,Medium,42,Op09,B04,50265.7
PP005731,105.1,2.0,20.5,26.5,51.5,67.6,13.7,Glossy,Afternoon,Good,Type_D,Medium,288,Op02,B05,96116.2
PP005732,138.5,1.6,17.8,27.9,70.1,95.1,14.4,Standard,Night,Good,Type_B,High,179,Op02,B05,141182.4
PP005733,99.5,4.6,18.5,24.5,37.2,73.1,17.4,Standard,Afternoon,Good,Type_A,Medium,26,Op05,B02,90232.0
PP005734,113.4,3.1,9.6,23.3,,92.7,31.1,Glossy,Night,Good,Type_A,Medium,20,Op09,B16,57939.3
PP005735,109.8,1.7,13.2,26.0,58.4,93.0,36.3,Standard,Morning,Average,Type_B,High,299,Op10,B05,82587.2
PP005736,114.8,15.0,19.3,22.5,65.1,78.3,34.4,Glossy,Afternoon,Poor,Type_A,Medium,54,Op05,B13,36091.3
PP005737,102.2,4.5,10.6,24.4,64.9,77.3,42.7,Standard,Afternoon,Poor,Type_B,High,246,Op06,B01,48327.7
PP005738,93.8,2.8,7.5,28.0,45.5,,22.4,Standard,Night,Good,Type_A,Medium,117,Op03,B15,37433.3
PP005739,121.0,4.0,8.8,17.7,60.1,94.9,50.2,Cardstock,Night,Average,Type_C,High,330,Op05,B18,47463.5
PP005740,150.6,4.0,7.3,26.6,43.8,84.9,52.7,Matte,Morning,Poor,Type_A,Low,7,Op10,B04,40844.5
PP005741,180.0,2.7,15.9,27.1,41.7,11.0,27.8,Matte,Night,Good,Type_C,High,262,Op06,B02,6549.1
PP005742,80.3,4.0,10.0,22.9,50.8,,49.6,Matte,Night,Poor,Type_D,Medium,171,Op10,B04,29006.6
PP005743,85.7,8.3,7.8,22.6,48.2,82.6,19.9,Standard,Night,Good,Type_A,Medium,51,Op05,B12,35369.9
PP005744,110.7,1.1,10.0,25.1,44.9,79.9,48.4,Standard,Night,Good,Type_C,Medium,63,Op02,B06,57239.2
PP005745,143.0,2.4,13.9,26.6,55.0,92.3,55.8,Standard,Night,Average,Type_D,Low,34,Op03,B18,95528.1
PP005746,122.9,0.0,17.8,28.8,63.5,85.3,49.8,Glossy,Afternoon,Good,Type_C,Medium,325,Op09,B12,107296.2
PP005747,95.3,6.3,18.8,29.9,53.1,81.0,13.0,Standard,Night,Good,Type_D,Low,350,Op03,B06,76068.7
PP005748,142.3,3.6,6.7,23.7,42.4,93.6,38.4,Standard,Morning,Average,Type_B,High,349,Op09,B11,58819.8
PP005749,72.0,1.3,8.8,27.5,61.2,96.1,25.3,Standard,Afternoon,Good,Type_B,Low,276,Op09,B07,32059.7
PP005750,103.1,0.6,6.8,27.2,48.6,71.1,40.3,Standard,Night,Good,Type_C,Low,154,Op05,B13,32605.7
PP005751,88.4,2.2,6.0,29.1,35.9,84.1,39.3,Standard,Night,Average,Type_C,Medium,188,Op10,B12,23604.3
PP005752,82.7,4.5,19.1,26.1,47.5,83.1,24.7,Glossy,Night,Good,Type_A,High,201,Op08,B05,76491.0
PP005753,72.2,4.9,8.1,27.6,53.2,86.0,32.6,Standard,Afternoon,Good,Type_C,Medium,96,Op07,B06,29821.0
PP005754,93.7,2.1,10.2,20.2,47.2,72.9,40.3,Cardstock,Morning,Good,Type_C,Low,261,Op08,B06,40732.6
PP005755,92.3,1.3,13.3,16.1,59.4,91.6,23.7,Cardstock,Morning,Average,Type_D,Low,38,Op04,B12,45192.5
PP005756,65.7,0.4,15.0,27.3,59.2,23.1,21.4,Matte,Afternoon,Average,Type_B,High,112,Op08,B13,26517.2
PP005757,66.8,3.0,10.7,29.9,43.8,97.7,41.8,Cardstock,Afternoon,Good,Type_B,Medium,59,Op08,B02,32364.6
PP005758,89.7,1.2,17.2,,64.8,88.3,29.7,Standard,Morning,Good,Type_A,Low,340,Op10,B09,74681.4
PP005759,129.9,0.5,10.5,20.4,60.1,94.4,36.0,Matte,Night,Good,Type_B,Medium,207,Op08,B02,74953.6
PP005760,76.4,0.1,12.0,28.1,51.4,53.8,34.6,Glossy,Night,Good,Type_D,Medium,232,Op02,B20,36856.2
PP005761,126.4,4.9,15.0,,52.4,81.6,35.0,Matte,Afternoon,Good,Type_A,Medium,32,Op03,B14,103672.1
PP005762,114.6,0.7,12.5,23.2,64.6,73.7,27.4,Standard,Morning,Good,Type_C,Medium,34,Op03,B18,79191.2
PP005763,129.6,9.0,8.8,30.7,67.8,88.6,37.2,Standard,Afternoon,Poor,Type_D,High,333,Op06,B14,45184.1
PP005764,61.3,0.6,8.4,22.7,32.9,58.8,43.4,Matte,Morning,Good,Type_A,Low,248,Op09,B02,20756.6
PP005765,86.0,8.8,11.7,20.5,45.2,88.9,34.2,Cardstock,Night,Good,Type_C,Medium,316,Op05,B17,46243.8
PP005766,133.9,14.0,14.0,22.4,60.7,84.9,22.8,Glossy,Morning,Average,Type_B,High,99,Op01,B19,86743.4
PP005767,177.1,3.8,13.3,28.7,46.0,68.8,35.6,Standard,Night,Average,Type_C,High,298,Op03,B19,94363.9
PP005768,93.7,0.9,9.2,22.6,43.9,89.6,36.7,Glossy,Morning,Good,Type_C,Medium,127,Op03,B11,44201.8
PP005769,59.2,12.9,9.6,30.8,57.0,81.4,29.4,Standard,Afternoon,Average,Type_A,High,297,Op10,B01,22687.4
PP005770,123.9,2.6,10.4,23.6,65.8,72.4,18.3,Matte,Morning,Good,Type_A,Medium,98,Op08,B09,72046.7
PP005771,159.4,5.4,6.6,15.5,65.4,83.3,44.6,Cardstock,Morning,Average,Type_C,Medium,258,Op02,B03,39257.4
PP005772,119.9,9.7,9.6,28.3,71.0,96.0,35.5,Standard,Night,Average,Type_D,Medium,127,Op09,B15,52053.6
PP005773,92.4,2.4,9.1,25.7,51.1,85.6,32.6,Cardstock,Afternoon,Good,Type_A,Low,118,Op07,B05,38185.4
PP005774,92.8,4.9,8.4,23.6,,92.2,15.8,Glossy,Morning,Average,Type_D,Medium,182,Op08,B20,39193.5
PP005775,147.2,15.0,12.6,18.6,35.2,90.4,63.9,Matte,Afternoon,Average,Type_A,Medium,266,Op01,B09,73113.8
PP005776,180.0,0.6,10.2,,58.3,86.9,27.3,Cardstock,Night,Good,Type_D,Low,81,Op04,B13,36211.2
PP005777,160.1,0.7,11.6,28.0,59.1,87.9,35.1,Glossy,Morning,Average,Type_A,Low,312,Op05,B08,77007.9
PP005778,135.0,0.0,10.8,20.2,50.4,60.6,16.4,Cardstock,Night,Good,Type_B,Medium,113,Op02,B06,74175.0
PP005779,130.3,6.4,10.2,20.3,29.4,56.9,22.1,Standard,Afternoon,Good,Type_B,High,182,Op04,B01,72385.5
PP005780,111.7,0.8,15.4,28.2,44.2,82.3,24.0,Glossy,Night,Good,Type_B,Medium,73,Op06,B11,89671.8
PP005781,119.2,6.7,9.6,24.2,51.9,84.7,16.9,Matte,Afternoon,Good,Type_B,Medium,289,Op07,B16,65612.7
PP005782,110.9,3.9,10.7,20.0,63.0,,22.8,Standard,Afternoon,Good,Type_C,Low,89,Op04,B08,59801.0
PP005783,56.1,15.0,13.3,21.4,61.2,74.9,42.7,Standard,Morning,Good,Type_A,Low,258,Op10,B15,24761.5
PP005784,37.5,7.1,7.5,26.4,64.7,91.4,23.5,Matte,Morning,Good,Type_D,Medium,54,Op03,B07,11681.8
PP005785,130.1,1.0,7.9,25.6,39.4,88.9,37.4,Standard,Afternoon,Good,Type_A,High,332,Op07,B14,61807.4
PP005786,109.1,7.3,9.6,23.5,36.6,92.1,24.3,Cardstock,Afternoon,Poor,Type_B,Medium,119,Op09,B11,41925.0
PP005787,92.7,0.7,9.2,31.7,47.3,96.2,17.9,Matte,Morning,Good,Type_B,Low,274,Op05,B19,42686.0
PP005788,120.2,15.0,11.7,21.8,57.8,78.2,65.8,Glossy,Morning,Average,Type_B,Low,230,Op03,B15,46277.0
PP005789,120.3,1.9,6.8,27.5,63.4,90.8,34.7,Cardstock,Afternoon,Good,Type_B,Medium,155,Op02,B09,42683.8
PP005790,81.1,2.0,12.4,22.9,39.6,89.0,18.4,Matte,Afternoon,Good,Type_C,Medium,117,Op10,B13,50711.5
PP005791,75.5,7.1,10.5,24.3,53.3,87.4,23.1,Standard,Afternoon,Good,Type_D,Medium,48,Op05,B18,39881.6
PP005792,138.3,5.0,21.9,26.3,61.5,82.5,27.8,Matte,Morning,Good,Type_A,Medium,282,Op09,B16,159617.5
PP005793,82.3,0.2,9.6,22.3,64.9,76.3,32.7,Standard,Morning,Good,Type_C,Medium,6,Op02,B07,41780.7
PP005794,118.2,0.8,17.7,26.8,63.1,90.0,30.5,Matte,Night,Average,Type_D,High,271,Op04,B19,107540.3
PP005795,115.3,13.9,8.6,31.9,23.0,53.7,14.3,Standard,Night,Poor,Type_A,Medium,281,Op05,B10,20277.1
PP005796,103.6,1.9,11.3,19.9,50.5,92.7,35.8,Matte,Morning,Good,Type_C,High,149,Op07,B20,66536.5
PP005797,105.3,6.0,8.0,26.5,23.6,84.3,25.6,Standard,Afternoon,Good,Type_B,High,179,Op04,B09,45112.8
PP005798,111.6,6.0,12.1,29.0,52.1,82.7,59.7,Standard,Morning,Good,Type_B,High,93,Op02,B10,74394.4
PP005799,110.7,8.4,11.4,27.3,56.3,78.1,19.6,Standard,Night,Good,Type_A,Medium,265,Op02,B18,70581.5
PP005800,75.8,0.6,14.8,25.0,63.4,92.1,31.6,Cardstock,Morning,Average,Type_A,Medium,144,Op08,B19,49446.8
PP005801,106.9,0.4,8.8,19.3,45.1,86.4,42.0,Matte,Morning,Good,Type_A,Medium,337,Op09,B12,53154.1
PP005802,134.4,9.2,6.4,27.3,49.4,88.5,35.0,Cardstock,Afternoon,Average,Type_C,High,20,Op03,B06,39510.2
PP005803,165.1,9.2,8.7,24.4,42.8,76.6,36.0,Standard,Afternoon,Good,Type_C,Low,17,Op05,B18,58800.7
PP005804,159.4,7.8,7.1,15.0,52.8,27.5,52.2,Matte,Afternoon,Good,Type_C,High,306,Op04,B20,29627.0
PP005805,35.7,4.1,6.7,24.2,,82.9,32.7,Standard,Morning,Good,Type_A,High,221,Op09,B17,10970.1
PP005806,145.7,0.1,9.1,22.1,42.2,89.1,40.2,Matte,Afternoon,Good,Type_A,Medium,250,Op08,B14,80272.2
PP005807,113.9,4.8,11.1,19.7,37.6,83.1,30.3,Standard,Night,Average,Type_D,Low,100,Op04,B10,55734.8
PP005808,79.0,14.9,11.4,31.9,61.4,80.7,38.0,Cardstock,Night,Poor,Type_A,Medium,320,Op05,B07,10808.7
PP005809,106.8,15.0,12.0,29.7,51.2,70.7,38.0,Cardstock,Afternoon,Average,Type_B,Medium,248,Op07,B05,41022.1
PP005810,155.6,4.1,9.9,28.5,63.9,,29.8,Matte,Night,Average,Type_D,Medium,122,Op04,B07,73984.1
PP005811,119.9,1.9,8.8,20.5,52.3,,61.1,Standard,Afternoon,Good,Type_C,Medium,229,Op05,B07,56459.6
PP005812,100.0,0.5,8.4,32.4,48.7,89.7,43.1,Standard,Morning,Average,Type_D,Medium,317,Op08,B15,41083.9
PP005813,89.1,0.5,10.4,32.9,40.3,88.1,35.0,Cardstock,Afternoon,Average,Type_A,Medium,4,Op04,B16,38802.5
PP005814,107.6,12.8,8.5,26.9,59.5,99.3,13.2,Matte,Morning,Poor,Type_C,Medium,48,Op03,B19,29596.1
PP005815,104.3,1.6,11.3,23.8,43.1,89.0,52.2,Glossy,Morning,Good,Type_A,Medium,146,Op09,B03,64189.0
PP005816,82.3,2.3,6.1,16.8,38.6,95.5,51.8,Matte,Afternoon,Average,Type_C,Medium,15,Op04,B15,20326.4
PP005817,60.9,9.5,14.3,24.1,63.7,94.8,36.8,Cardstock,Night,Poor,Type_C,High,230,Op02,B11,22272.7
PP005818,82.1,0.3,5.9,20.0,,95.6,44.4,Standard,Morning,Poor,Type_D,Medium,262,Op03,B12,20557.9
PP005819,122.2,11.5,20.6,20.4,50.0,96.8,27.1,Cardstock,Night,Good,Type_B,Low,280,Op02,B13,91678.6
PP005820,40.7,0.3,19.2,25.1,49.0,89.2,56.2,Standard,Afternoon,Good,Type_A,High,43,Op10,B07,34565.8
PP005821,81.2,4.7,8.0,24.8,47.7,91.5,30.2,Standard,Afternoon,Good,Type_B,Medium,140,Op07,B07,34863.3
PP005822,180.0,7.3,14.9,28.2,62.5,,27.2,Standard,Night,Good,Type_B,Medium,165,Op05,B15,100923.9
PP005823,130.7,7.6,4.9,22.1,71.1,82.9,37.4,Glossy,Night,Average,Type_C,Medium,125,Op08,B12,28442.1
PP005824,174.7,15.0,12.0,20.0,46.6,96.4,50.8,Matte,Morning,Poor,Type_C,Medium,355,Op04,B15,36111.1
PP005825,146.7,2.4,13.4,28.8,48.9,92.3,35.6,Cardstock,Afternoon,Average,Type_C,Medium,142,Op03,B14,99899.6
PP005826,147.7,6.8,6.9,26.2,74.0,89.6,21.9,Matte,Morning,Average,Type_C,High,258,Op03,B02,56222.5
PP005827,138.3,1.5,10.4,24.0,48.5,81.0,30.8,Cardstock,Night,Good,Type_B,Medium,365,Op03,B18,77369.0
PP005828,96.4,7.9,11.5,18.3,54.4,77.6,33.9,Glossy,Night,Good,Type_B,Medium,152,Op06,B08,52033.4
PP005829,121.6,8.4,9.7,32.8,49.6,91.5,29.8,Standard,Night,Good,Type_C,High,254,Op09,B19,65138.4
PP005830,163.3,5.6,11.4,18.7,63.3,92.9,55.0,Standard,Morning,Good,Type_C,Low,267,Op04,B02,75243.4
PP005831,123.2,5.3,22.5,27.7,31.1,92.7,34.3,Matte,Morning,Poor,Type_A,Medium,251,Op02,B11,109430.9
PP005832,104.6,0.3,10.1,25.9,51.7,98.6,28.1,Matte,Night,Average,Type_C,High,356,Op02,B20,56547.0
PP005833,112.0,0.7,12.1,32.7,55.8,98.8,24.0,Matte,Night,Good,Type_A,Low,285,Op02,B17,66320.2
PP005834,161.7,0.8,6.5,24.4,44.4,63.4,17.0,Standard,Afternoon,Good,Type_C,Low,105,Op10,B07,44889.6
PP005835,72.0,0.4,7.6,17.8,49.8,97.1,18.4,Matte,Night,Good,Type_A,Medium,238,Op06,B20,26291.2
PP005836,175.3,6.7,10.7,21.7,29.4,66.0,28.2,Cardstock,Night,Average,Type_A,Low,149,Op05,B10,31360.4
PP005837,105.5,0.8,5.8,19.1,58.4,85.8,28.5,Cardstock,Morning,Good,Type_C,Medium,135,Op05,B14,30243.2
PP005838,107.9,13.1,7.1,24.7,54.1,,43.9,Standard,Night,Average,Type_A,High,284,Op07,B11,32775.7
PP005839,98.6,1.3,8.5,,49.8,65.0,41.1,Standard,Morning,Average,Type_A,Medium,79,Op05,B11,41973.0
PP005840,119.4,15.0,8.6,30.9,20.0,82.7,39.0,Standard,Morning,Poor,Type_B,High,326,Op08,B01,25570.3
PP005841,117.1,0.2,11.4,28.8,25.9,55.7,25.6,Cardstock,Morning,Good,Type_C,Medium,184,Op05,B07,61474.6
PP005842,127.5,4.4,7.8,30.6,38.9,82.3,56.5,Glossy,Morning,Average,Type_A,High,190,Op05,B03,49505.0
PP005843,100.6,1.9,8.5,25.9,48.8,89.4,25.9,Glossy,Morning,Average,Type_C,Medium,47,Op09,B16,43949.3
PP005844,77.3,2.4,19.0,21.2,46.9,68.5,15.6,Cardstock,Morning,Good,Type_C,High,227,Op10,B01,65339.8
PP005845,92.6,2.2,8.3,18.0,83.9,83.0,24.0,Glossy,Morning,Good,Type_C,Medium,146,Op05,B07,33315.0
PP005846,81.2,3.9,8.7,24.1,43.7,88.7,21.3,Matte,Night,Good,Type_B,High,225,Op03,B20,37312.3
PP005847,67.1,0.0,8.7,23.8,70.2,95.5,44.1,Matte,Night,Good,Type_C,Low,274,Op10,B04,22965.7
PP005848,128.2,5.7,5.0,27.6,56.2,65.8,20.1,Matte,Night,Good,Type_D,Low,218,Op09,B06,29673.7
PP005849,128.5,3.5,9.5,19.8,58.1,96.9,49.6,Matte,Morning,Good,Type_A,Medium,251,Op05,B08,71719.5
PP005850,54.7,9.6,7.2,19.4,56.9,86.1,21.4,Matte,Morning,Average,Type_D,Medium,336,Op10,B17,15436.8
PP005851,75.5,9.2,11.0,26.2,62.8,69.3,40.1,Standard,Morning,Average,Type_D,High,304,Op04,B15,36366.4
PP005852,147.1,9.9,6.8,24.4,50.7,74.0,36.3,Standard,Night,Poor,Type_C,Medium,218,Op05,B14,38938.5
PP005853,131.7,2.3,11.3,19.5,42.0,99.9,26.6,Standard,Night,Good,Type_D,Medium,124,Op02,B09,87428.3
PP005854,154.6,0.1,13.2,21.0,45.9,60.1,22.0,Matte,Night,Average,Type_B,Low,122,Op06,B20,77125.6
PP005855,84.4,15.0,8.0,27.8,52.6,81.6,19.1,Glossy,Afternoon,Average,Type_A,Medium,199,Op07,B11,24321.7
PP005856,37.3,1.2,7.0,,42.5,61.1,22.0,Standard,Night,Good,Type_B,Medium,227,Op02,B13,10532.6
PP005857,57.4,2.2,14.3,27.0,,66.4,33.8,Matte,Afternoon,Average,Type_C,Medium,177,Op02,B19,31416.5
PP005858,124.0,5.6,11.4,26.4,69.5,70.2,15.9,Matte,Morning,Good,Type_A,Medium,350,Op01,B19,79033.4
PP005859,70.4,11.1,16.9,22.6,54.0,94.4,39.9,Standard,Night,Average,Type_A,Low,104,Op02,B12,40026.5
PP005860,161.3,2.2,8.1,,40.7,89.7,45.2,Cardstock,Morning,Good,Type_D,High,19,Op08,B19,63894.1
PP005861,113.7,3.5,9.1,25.2,49.6,,51.3,Standard,Afternoon,Good,Type_B,Medium,180,Op08,B06,55904.6
PP005862,127.4,1.6,11.9,21.1,51.1,66.2,30.1,Standard,Afternoon,Good,Type_A,Low,162,Op02,B13,80720.3
PP005863,134.0,0.6,11.0,18.7,54.8,82.7,39.6,Matte,Afternoon,Average,Type_A,Low,5,Op09,B09,72788.0
PP005864,149.1,4.6,5.8,22.6,53.0,88.9,53.5,Matte,Afternoon,Good,Type_D,Medium,360,Op01,B11,44442.9
PP005865,117.8,4.6,13.2,25.3,43.4,93.7,32.7,Cardstock,Morning,Good,Type_A,Medium,250,Op03,B08,85342.5
PP005866,126.5,0.8,8.9,20.1,49.2,84.4,26.8,Standard,Morning,Good,Type_C,High,219,Op03,B05,69893.8
PP005867,52.7,6.7,11.6,20.7,39.6,68.3,32.0,Standard,Night,Average,Type_B,Low,295,Op01,B07,21132.5
PP005868,76.9,2.9,10.0,23.2,48.5,6.5,22.7,Cardstock,Night,Good,Type_A,Medium,21,Op07,B12,11356.7
PP005869,128.1,7.7,15.2,32.1,22.2,93.3,49.7,Glossy,Afternoon,Poor,Type_B,Low,18,Op03,B20,65138.4
PP005870,118.4,1.1,6.2,17.8,60.3,90.6,46.7,Glossy,Night,Good,Type_D,Medium,284,Op05,B13,34500.0
PP005871,101.1,6.4,19.2,24.0,53.2,72.2,25.4,Glossy,Night,Average,Type_B,Medium,239,Op06,B11,83942.4
PP005872,88.7,1.5,14.4,32.4,53.4,88.3,49.7,Standard,Afternoon,Average,Type_A,High,337,Op03,B12,64721.6
PP005873,136.5,9.0,13.6,24.2,46.4,80.4,33.0,Glossy,Night,Good,Type_B,Low,136,Op05,B10,88280.2
PP005874,120.9,1.6,11.9,25.3,69.6,97.2,13.6,Glossy,Morning,Good,Type_A,High,64,Op06,B02,84519.9
PP005875,101.4,1.5,14.9,24.3,59.9,88.2,26.6,Glossy,Morning,Good,Type_A,Medium,46,Op03,B10,83514.0
PP005876,179.8,11.3,8.9,29.0,49.3,74.4,13.7,Glossy,Night,Good,Type_C,High,299,Op01,B20,57576.7
PP005877,104.2,3.3,6.7,19.7,58.4,91.6,30.3,Matte,Morning,Average,Type_B,Medium,231,Op05,B10,36650.3
PP005878,90.7,3.5,5.0,24.1,57.6,83.1,22.5,Standard,Morning,Good,Type_B,Medium,235,Op01,B09,25106.0
PP005879,153.4,0.3,8.0,29.5,35.2,99.2,49.9,Standard,Afternoon,Average,Type_C,Medium,92,Op06,B10,58385.8
PP005880,83.1,3.7,13.9,27.2,47.4,88.5,33.4,Standard,Morning,Average,Type_B,Medium,256,Op01,B17,58124.7
PP005881,91.1,0.2,14.6,19.3,39.3,73.5,48.6,Matte,Morning,Average,Type_B,Medium,365,Op04,B17,61892.7
PP005882,125.7,0.5,10.6,26.9,50.8,,38.9,Standard,Afternoon,Average,Type_D,Medium,344,Op07,B13,70912.3
PP005883,168.4,11.7,6.7,25.6,55.2,92.4,25.3,Standard,Night,Poor,Type_D,Medium,176,Op07,B01,36597.5
PP005884,99.3,8.1,8.2,25.6,,65.4,54.1,Standard,Night,Good,Type_D,High,90,Op02,B05,40122.0
PP005885,46.9,5.5,10.6,22.0,50.1,93.5,40.9,Standard,Night,Good,Type_D,Low,352,Op04,B08,18703.9
PP005886,151.8,3.6,13.1,26.6,60.1,39.7,31.4,Matte,Night,Average,Type_A,Medium,298,Op04,B03,68131.1
PP005887,113.4,9.5,10.9,29.1,52.3,88.7,26.2,Standard,Morning,Average,Type_B,High,273,Op09,B08,65280.3
PP005888,145.5,0.6,7.7,24.4,47.4,92.9,57.0,Standard,Morning,Average,Type_C,Medium,269,Op03,B10,61499.4
PP005889,130.5,3.7,6.8,,64.4,58.9,13.2,Glossy,Morning,Good,Type_A,High,9,Op03,B09,45609.9
PP005890,156.0,6.0,8.4,24.3,54.4,81.9,49.6,Standard,Morning,Poor,Type_D,Medium,305,Op04,B20,56868.4
PP005891,118.0,8.7,7.2,26.2,50.4,90.7,22.5,Standard,Morning,Poor,Type_A,Medium,189,Op07,B19,38579.2
PP005892,55.4,6.4,7.0,31.3,36.0,92.1,29.0,Standard,Morning,Good,Type_B,Medium,278,Op02,B06,17760.3
PP005893,111.3,15.0,14.2,26.8,58.7,83.2,24.7,Standard,Afternoon,Average,Type_A,Medium,160,Op09,B02,67269.9
PP005894,164.6,0.5,16.7,23.9,54.5,87.2,14.6,Glossy,Night,Good,Type_D,Low,327,Op09,B02,106187.1
PP005895,171.4,15.0,12.0,27.2,51.0,,29.3,Standard,Afternoon,Good,Type_C,Low,252,Op09,B03,48628.9
PP005896,153.1,2.6,8.7,24.6,53.3,33.9,39.1,Cardstock,Night,Good,Type_B,High,137,Op07,B14,44817.9
PP005897,121.6,7.4,7.3,25.7,67.5,83.7,33.7,Matte,Afternoon,Good,Type_D,High,34,Op08,B06,46943.4
PP005898,78.6,3.4,20.7,22.8,44.6,95.8,19.3,Matte,Morning,Good,Type_A,Medium,360,Op07,B07,79874.8
PP005899,164.5,2.6,6.4,20.5,62.6,97.4,40.7,Cardstock,Night,Good,Type_A,Medium,8,Op05,B20,47494.3
PP005900,80.9,6.1,5.0,22.2,48.4,82.0,43.7,Glossy,Morning,Average,Type_B,Medium,291,Op10,B05,17380.4
PP005901,114.9,10.9,13.4,21.3,53.4,63.8,45.5,Standard,Night,Average,Type_C,High,176,Op05,B15,69342.0
PP005902,106.3,5.2,11.2,23.7,34.3,87.0,37.7,Standard,Morning,Average,Type_C,Low,61,Op07,B19,54731.3
PP005903,130.9,10.7,8.5,18.5,39.8,17.7,22.6,Standard,Morning,Average,Type_C,High,51,Op06,B16,32514.7
PP005904,133.7,0.6,9.2,23.3,61.8,88.8,35.9,Standard,Night,Good,Type_B,Low,29,Op01,B04,63594.6
PP005905,180.0,7.1,9.8,31.3,62.8,95.8,35.8,Standard,Night,Poor,Type_C,High,26,Op04,B20,53162.0
PP005906,164.1,0.2,10.2,23.9,70.9,92.9,20.0,Cardstock,Afternoon,Average,Type_C,Medium,218,Op01,B06,69322.8
PP005907,111.9,8.8,12.2,27.0,43.5,88.4,27.0,Cardstock,Morning,Average,Type_A,Medium,65,Op01,B03,65137.2
PP005908,105.1,13.0,13.3,25.6,44.5,90.2,16.1,Cardstock,Afternoon,Poor,Type_C,Low,119,Op01,B08,26833.7
PP005909,75.8,6.7,12.3,30.2,39.8,87.8,66.4,Standard,Morning,Poor,Type_A,Low,295,Op04,B14,30084.7
PP005910,139.8,7.2,12.6,23.8,76.6,93.0,31.0,Matte,Night,Average,Type_D,Medium,19,Op08,B10,81706.5
PP005911,56.5,3.1,11.7,23.9,37.6,97.3,32.8,Standard,Afternoon,Average,Type_D,Medium,262,Op08,B07,29521.9
PP005912,64.8,2.6,13.2,15.6,55.5,91.2,23.2,Cardstock,Night,Good,Type_C,High,114,Op08,B13,33396.6
PP005913,110.8,8.4,5.2,22.3,62.9,97.2,38.8,Standard,Night,Average,Type_C,Low,333,Op07,B13,23226.7
PP005914,121.5,6.7,15.0,,34.6,97.3,30.4,Cardstock,Afternoon,Good,Type_A,Medium,92,Op03,B05,93077.3
PP005915,100.6,3.9,12.4,35.3,27.6,85.5,51.4,Matte,Night,Good,Type_C,Low,283,Op04,B04,48208.6
PP005916,136.0,13.2,16.3,20.8,27.8,83.6,39.1,Standard,Afternoon,Good,Type_D,Medium,15,Op04,B09,97639.9
PP005917,100.5,1.2,13.2,17.2,42.0,81.9,24.3,Cardstock,Afternoon,Good,Type_C,Medium,327,Op07,B20,59693.2
PP005918,161.5,5.1,11.7,33.3,64.5,73.8,23.8,Glossy,Night,Average,Type_D,Medium,19,Op08,B12,77561.3
PP005919,129.5,3.5,12.5,28.7,68.6,78.7,21.3,Matte,Night,Good,Type_B,Medium,134,Op04,B20,88238.5
PP005920,101.8,8.8,16.1,,60.9,,26.3,Matte,Night,Good,Type_C,Medium,270,Op02,B15,73817.3
PP005921,84.7,1.7,14.4,23.2,37.7,73.7,19.1,Glossy,Afternoon,Good,Type_D,Medium,227,Op08,B18,57210.3
PP005922,173.2,1.8,10.9,20.1,61.9,97.7,31.2,Cardstock,Night,Good,Type_C,High,331,Op07,B11,83887.5
PP005923,99.5,7.3,9.0,26.5,44.0,98.4,33.7,Cardstock,Morning,Average,Type_A,Low,255,Op07,B13,38166.1
PP005924,63.9,7.4,10.6,,48.5,98.8,47.6,Cardstock,Afternoon,Good,Type_A,Medium,309,Op03,B13,28244.4
PP005925,136.1,14.8,7.8,22.2,48.6,79.5,46.8,Matte,Afternoon,Average,Type_C,High,302,Op09,B17,43842.0
PP005926,95.5,10.4,12.3,22.3,55.5,99.5,50.5,Glossy,Afternoon,Average,Type_D,High,7,Op10,B08,50287.3
PP005927,180.0,3.8,8.3,24.2,50.4,85.4,42.8,Standard,Night,Good,Type_D,Medium,305,Op08,B11,58788.6
PP005928,97.8,2.3,19.1,27.4,40.3,85.4,70.2,Cardstock,Morning,Good,Type_A,High,95,Op02,B07,88058.1
PP005929,70.6,4.3,8.8,23.1,58.9,78.8,16.0,Glossy,Afternoon,Poor,Type_D,Low,348,Op04,B14,20203.0
PP005930,64.5,1.8,16.0,24.5,62.1,97.8,31.4,Cardstock,Afternoon,Poor,Type_B,High,307,Op01,B08,37987.0
PP005931,50.1,3.9,11.2,26.5,,64.4,57.8,Glossy,Afternoon,Average,Type_C,High,28,Op05,B01,21136.4
PP005932,138.7,5.6,13.2,30.9,34.0,97.9,21.5,Standard,Morning,Good,Type_B,Low,123,Op09,B17,96416.5
PP005933,176.8,1.7,13.9,31.8,63.7,87.6,45.6,Standard,Afternoon,Good,Type_D,Low,313,Op06,B02,62763.5
PP005934,123.2,11.7,12.8,29.4,45.9,86.7,51.5,Glossy,Morning,Poor,Type_C,High,47,Op04,B19,57229.2
PP005935,105.6,4.8,12.2,25.2,57.0,,30.7,Standard,Morning,Average,Type_C,High,331,Op10,B07,68771.2
PP005936,79.6,0.0,12.4,29.7,56.2,74.6,25.5,Standard,Morning,Good,Type_C,Medium,43,Op08,B07,51770.1
PP005937,140.4,1.3,17.4,26.0,42.8,82.5,27.8,Cardstock,Night,Good,Type_C,High,259,Op07,B13,125006.5
PP005938,73.7,5.0,11.4,,69.0,96.3,46.2,Matte,Night,Good,Type_B,High,117,Op08,B08,34915.7
PP005939,96.0,1.0,8.7,24.0,72.8,52.1,43.7,Matte,Night,Good,Type_D,High,240,Op03,B07,37594.5
PP005940,104.3,12.2,7.7,17.1,62.0,88.7,57.0,Glossy,Afternoon,Poor,Type_A,Medium,81,Op07,B11,19200.3
PP005941,151.4,4.1,9.0,26.3,50.7,92.3,17.3,Cardstock,Morning,Good,Type_B,High,244,Op01,B05,77756.1
PP005942,140.0,4.3,12.8,29.0,49.5,54.5,45.6,Matte,Afternoon,Good,Type_C,High,8,Op09,B17,93514.1
PP005943,162.0,5.7,7.4,28.5,63.7,73.6,50.5,Cardstock,Afternoon,Poor,Type_A,Medium,250,Op03,B08,41874.1
PP005944,180.0,8.4,7.3,29.9,73.6,72.4,37.8,Glossy,Morning,Average,Type_B,Low,300,Op05,B02,17479.9
PP005945,110.0,3.6,22.1,24.9,24.7,89.9,40.3,Matte,Afternoon,Average,Type_A,Medium,335,Op08,B04,105911.2
PP005946,180.0,15.0,14.5,26.6,61.3,63.7,29.6,Standard,Night,Good,Type_A,Medium,303,Op03,B11,72920.5
PP005947,167.1,2.4,19.5,22.3,,60.2,28.7,Standard,Night,Good,Type_C,Medium,150,Op06,B07,138665.7
PP005948,124.3,5.8,15.4,24.9,69.3,95.7,22.2,Standard,Night,Good,Type_A,Low,175,Op04,B16,98615.1
PP005949,163.4,0.0,6.4,22.2,41.9,83.0,120.0,Standard,Afternoon,Good,Type_A,Low,363,Op02,B12,33051.0
PP005950,150.4,8.1,13.6,19.4,51.2,39.2,43.0,Matte,Afternoon,Good,Type_D,High,119,Op07,B13,78013.0
PP005951,171.8,8.0,12.6,20.8,46.5,93.9,16.2,Matte,Morning,Good,Type_C,Medium,35,Op05,B03,109022.7
PP005952,33.2,0.1,5.2,,52.4,97.2,75.9,Matte,Night,Good,Type_C,Low,86,Op06,B09,4613.4
PP005953,85.4,2.2,7.0,24.9,44.4,79.4,45.2,Standard,Night,Average,Type_C,High,134,Op04,B01,28066.5
PP005954,72.8,10.0,8.5,21.7,37.5,85.6,14.1,Standard,Morning,Average,Type_A,Medium,132,Op04,B11,29601.6
PP005955,125.1,2.9,13.1,28.6,28.1,95.1,70.5,Standard,Night,Good,Type_B,High,101,Op05,B14,86664.7
PP005956,124.1,6.2,7.3,30.1,31.8,77.2,28.3,Standard,Afternoon,Average,Type_C,Medium,324,Op06,B16,46436.3
PP005957,74.3,0.4,5.5,26.9,44.5,97.4,31.8,Glossy,Afternoon,Good,Type_C,Low,267,Op10,B05,17672.8
PP005958,93.2,0.8,15.6,25.6,56.4,89.6,20.4,Glossy,Afternoon,Good,Type_A,High,196,Op07,B18,80119.8
PP005959,120.0,3.6,13.2,24.7,56.4,91.8,26.8,Glossy,Afternoon,Good,Type_B,High,105,Op01,B09,93198.5
PP005960,110.1,1.1,18.5,27.3,61.3,92.8,22.0,Glossy,Morning,Average,Type_B,High,122,Op08,B05,106637.0
PP005961,115.3,3.5,8.1,18.5,50.4,81.4,35.2,Cardstock,Afternoon,Average,Type_C,High,355,Op04,B13,45111.7
PP005962,101.7,2.1,18.7,27.3,43.4,83.1,36.9,Cardstock,Night,Poor,Type_C,High,97,Op10,B04,71859.0
PP005963,75.6,0.1,4.7,23.7,43.4,96.9,36.9,Cardstock,Night,Good,Type_D,Medium,305,Op04,B08,14842.8
PP005964,135.0,0.9,12.8,20.7,41.2,87.0,21.5,Standard,Night,Good,Type_B,Low,53,Op08,B15,95111.1
PP005965,71.4,2.0,9.5,24.0,51.6,94.1,30.8,Glossy,Morning,Average,Type_A,Medium,227,Op10,B11,33694.6
PP005966,141.0,7.2,22.8,15.0,50.1,73.9,20.1,Matte,Afternoon,Good,Type_B,Medium,28,Op06,B17,137026.7
PP005967,122.3,6.8,10.5,23.9,43.8,76.1,49.1,Standard,Afternoon,Average,Type_C,High,32,Op08,B04,65979.9
PP005968,145.5,0.3,9.4,22.1,46.4,61.1,40.0,Matte,Night,Average,Type_A,High,14,Op02,B03,73389.3
PP005969,144.2,4.6,15.0,32.4,62.0,75.0,44.1,Standard,Night,Average,Type_C,Medium,75,Op01,B02,109211.9
PP005970,65.7,7.1,12.0,,54.4,85.8,40.3,Glossy,Night,Average,Type_C,Medium,228,Op04,B16,30090.5
PP005971,74.9,9.3,9.9,20.6,37.5,65.6,21.7,Matte,Afternoon,Poor,Type_A,Medium,273,Op01,B09,23220.7
PP005972,35.7,2.8,9.5,20.0,48.6,,61.5,Standard,Morning,Good,Type_B,High,242,Op05,B10,7869.4
PP005973,66.5,0.3,7.9,24.0,64.1,60.6,42.1,Matte,Morning,Good,Type_C,Low,186,Op07,B16,20657.8
PP005974,78.3,2.7,8.5,20.6,47.5,83.6,30.0,Matte,Afternoon,Good,Type_A,Medium,112,Op01,B13,34573.0
PP005975,141.9,15.0,12.1,25.0,41.3,64.6,37.4,Cardstock,Morning,Average,Type_D,Medium,291,Op02,B13,62520.0
PP005976,131.5,2.0,7.0,20.3,57.6,90.1,53.5,Glossy,Afternoon,Average,Type_A,Medium,205,Op10,B17,48340.8
PP005977,56.4,1.0,9.5,27.7,65.9,,45.3,Glossy,Night,Good,Type_D,High,360,Op03,B20,22223.1
PP005978,138.3,15.0,8.3,23.2,61.0,83.9,56.1,Standard,Night,Average,Type_D,Medium,86,Op09,B17,44344.3
PP005979,94.2,13.6,6.8,15.0,48.5,,44.9,Glossy,Night,Poor,Type_D,Low,180,Op09,B17,6977.4
PP005980,120.3,10.0,9.1,24.2,45.5,69.3,35.0,Glossy,Morning,Poor,Type_B,High,353,Op05,B18,42514.3
PP005981,115.5,6.2,7.5,,67.1,79.0,60.0,Cardstock,Night,Average,Type_A,High,145,Op05,B04,36481.4
PP005982,105.0,4.2,12.9,21.6,41.0,89.7,26.9,Standard,Afternoon,Poor,Type_C,Medium,190,Op07,B12,62473.4
PP005983,153.1,4.5,11.5,26.0,44.4,77.8,37.6,Standard,Morning,Poor,Type_A,Low,234,Op06,B01,66351.3
PP005984,66.1,5.5,20.0,23.3,56.4,93.8,29.1,Standard,Night,Good,Type_B,Medium,247,Op01,B10,55549.6
PP005985,133.0,15.0,8.0,27.0,74.7,92.0,54.3,Standard,Night,Poor,Type_B,Medium,223,Op05,B09,26077.0
PP005986,158.9,0.1,8.0,30.7,43.5,83.8,12.8,Standard,Morning,Good,Type_B,Medium,284,Op05,B10,73294.6
PP005987,102.0,0.9,8.6,25.3,56.8,87.1,30.8,Standard,Night,Average,Type_C,High,92,Op10,B11,46131.3
PP005988,94.3,1.5,13.6,18.5,24.0,99.0,24.2,Glossy,Night,Average,Type_C,Medium,278,Op03,B13,54553.0
PP005989,82.9,4.1,11.5,20.5,77.5,64.5,40.6,Cardstock,Morning,Good,Type_C,High,214,Op03,B19,38171.7
PP005990,121.4,1.6,8.9,26.9,31.6,90.4,24.7,Matte,Afternoon,Good,Type_C,Medium,231,Op07,B08,61713.8
PP005991,125.5,2.2,9.1,29.8,34.9,,17.1,Glossy,Afternoon,Good,Type_A,Medium,151,Op01,B03,64314.7
PP005992,124.1,1.4,6.6,27.1,52.0,73.9,23.7,Standard,Morning,Good,Type_A,Medium,108,Op07,B14,50074.5
PP005993,42.1,2.7,12.8,21.8,,91.8,29.1,Cardstock,Afternoon,Good,Type_A,Medium,7,Op01,B17,21674.2
PP005994,167.6,0.3,11.5,28.0,50.5,79.2,43.0,Glossy,Afternoon,Good,Type_B,Medium,207,Op10,B20,99142.0
PP005995,143.0,3.0,14.6,24.3,52.1,96.9,21.5,Glossy,Afternoon,Average,Type_D,High,313,Op02,B05,122471.0
PP005996,108.5,9.0,7.4,33.8,62.6,84.9,32.6,Glossy,Afternoon,Good,Type_A,Medium,39,Op04,B15,38009.3
PP005997,132.0,2.4,19.8,33.5,31.3,94.2,37.0,Standard,Morning,Good,Type_A,Medium,144,Op04,B01,138121.6
PP005998,70.4,11.7,7.7,23.5,39.9,88.4,36.4,Matte,Afternoon,Average,Type_D,Low,169,Op03,B17,18517.6
PP005999,127.5,2.9,12.5,21.3,35.5,72.7,19.7,Standard,Afternoon,Good,Type_C,Medium,156,Op08,B16,87177.2
PP006000,90.4,6.0,12.0,18.3,36.9,95.0,36.6,Matte,Morning,Good,Type_C,Medium,137,Op04,B19,53278.4
PP006001,126.6,1.3,11.3,30.4,59.5,82.9,39.7,Standard,Afternoon,Good,Type_A,High,325,Op06,B15,83421.7
PP006002,79.9,1.2,11.7,33.2,48.7,55.7,28.9,Cardstock,Morning,Good,Type_B,Medium,220,Op06,B20,38769.3
PP006003,99.2,4.2,9.4,,63.1,88.3,42.1,Glossy,Night,Poor,Type_A,Medium,323,Op07,B18,31999.8
PP006004,130.6,9.1,7.3,23.6,69.0,94.5,55.4,Standard,Night,Poor,Type_B,Low,324,Op01,B02,32784.1
PP006005,96.2,9.1,9.0,25.6,47.9,94.5,16.5,Standard,Morning,Good,Type_B,Medium,196,Op01,B10,50944.3
PP006006,119.7,0.8,15.8,21.8,68.7,70.8,15.3,Matte,Afternoon,Good,Type_C,Low,96,Op01,B19,88060.6
PP006007,111.1,0.4,10.7,23.5,53.7,65.1,94.1,Standard,Afternoon,Good,Type_B,Medium,75,Op02,B10,55139.9
PP006008,156.3,2.6,8.9,20.3,42.8,82.6,36.6,Matte,Morning,Good,Type_C,Medium,201,Op01,B01,77613.5
PP006009,140.6,3.8,12.7,25.6,62.6,78.9,21.3,Matte,Night,Poor,Type_A,High,122,Op04,B12,88630.6
PP006010,120.7,13.5,7.6,25.1,68.8,82.0,40.4,Cardstock,Night,Poor,Type_C,High,85,Op09,B03,20549.6
PP006011,180.0,3.4,9.3,25.0,63.9,25.3,38.6,Glossy,Afternoon,Good,Type_C,Medium,236,Op04,B06,20725.5
PP006012,126.0,5.4,12.5,26.4,53.3,67.4,49.1,Standard,Night,Poor,Type_A,Low,280,Op02,B03,62627.6
PP006013,95.3,1.0,9.4,33.6,44.3,86.1,35.8,Standard,Afternoon,Good,Type_B,High,241,Op09,B12,46423.7
PP006014,171.1,3.7,9.4,15.0,53.5,73.7,58.9,Glossy,Night,Good,Type_C,Medium,309,Op09,B03,59223.5
PP006015,102.2,1.4,12.5,26.0,32.7,84.8,22.0,Matte,Afternoon,Good,Type_B,Medium,289,Op01,B18,68427.3
PP006016,102.8,1.0,9.9,27.2,56.9,95.7,13.2,Glossy,Morning,Good,Type_A,Medium,169,Op10,B05,59743.1
PP006017,82.3,6.5,11.7,25.6,58.0,92.0,15.8,Glossy,Morning,Average,Type_B,Medium,358,Op04,B14,46822.3
PP006018,109.8,4.1,10.7,30.4,59.5,94.0,21.4,Glossy,Night,Good,Type_C,Low,269,Op08,B19,54771.0
PP006019,138.4,2.4,7.7,,48.9,17.0,16.7,Cardstock,Night,Good,Type_A,Medium,107,Op02,B08,30408.3
PP006020,56.7,1.6,8.2,26.8,63.3,22.5,40.2,Standard,Morning,Average,Type_A,Medium,307,Op04,B19,12191.5
PP006021,110.6,5.5,10.3,25.4,78.0,92.2,38.3,Matte,Morning,Good,Type_B,Low,15,Op01,B13,52446.4
PP006022,63.0,4.1,10.0,22.0,58.2,73.9,43.2,Matte,Morning,Good,Type_A,Low,365,Op04,B18,26610.2
PP006023,157.9,2.5,8.6,20.4,66.7,95.5,27.6,Matte,Morning,Good,Type_A,Medium,265,Op06,B02,77929.4
PP006024,115.2,0.4,13.2,26.4,59.1,96.7,23.7,Matte,Afternoon,Good,Type_B,Medium,332,Op06,B19,88968.3
PP006025,159.0,15.0,15.2,17.3,49.5,96.5,32.8,Standard,Morning,Average,Type_A,Medium,147,Op06,B06,93930.9
PP006026,110.6,7.7,5.6,,57.3,89.1,19.7,Cardstock,Afternoon,Average,Type_A,Medium,223,Op02,B17,29115.4
PP006027,59.3,1.0,8.8,28.4,49.1,61.7,41.8,Standard,Afternoon,Good,Type_A,High,113,Op08,B17,24293.7
PP006028,99.2,1.4,21.8,23.4,59.7,89.3,41.4,Glossy,Afternoon,Average,Type_D,Medium,54,Op03,B08,90772.4
PP006029,180.0,1.0,7.1,21.7,34.2,39.8,42.6,Glossy,Morning,Good,Type_A,Low,216,Op01,B12,9189.6
PP006030,115.1,3.5,13.2,26.7,43.3,92.4,39.7,Standard,Afternoon,Good,Type_A,Low,208,Op02,B02,80663.1
PP006031,149.4,0.1,11.7,30.3,37.7,87.0,47.0,Cardstock,Morning,Average,Type_C,Medium,43,Op03,B05,85467.6
PP006032,86.3,1.1,8.2,20.1,43.7,86.5,21.2,Standard,Morning,Good,Type_D,Low,134,Op03,B04,35256.8
PP006033,100.9,1.0,6.5,18.6,59.6,66.3,48.7,Glossy,Night,Good,Type_A,High,48,Op07,B15,30991.8
PP006034,142.4,2.0,10.6,22.4,47.8,80.4,26.5,Standard,Morning,Good,Type_A,Low,114,Op06,B01,90261.6
PP006035,157.2,0.7,9.3,22.8,62.6,97.0,20.9,Matte,Morning,Average,Type_A,Low,227,Op06,B05,69648.8
PP006036,150.3,0.7,6.7,29.8,69.6,70.1,63.0,Standard,Morning,Good,Type_B,Low,315,Op02,B17,41356.2
PP006037,80.3,0.6,5.4,,34.3,72.6,25.0,Standard,Afternoon,Good,Type_C,Medium,135,Op08,B14,20205.6
PP006038,59.9,7.2,8.1,24.8,,92.8,19.2,Standard,Morning,Average,Type_A,Medium,300,Op01,B18,24842.2
PP006039,65.9,6.4,12.4,28.1,50.1,85.5,57.8,Glossy,Night,Average,Type_A,High,263,Op09,B10,34094.9
PP006040,89.0,4.5,10.6,23.0,61.9,80.1,17.9,Standard,Night,Good,Type_D,Low,33,Op04,B14,42002.9
PP006041,100.8,1.0,8.1,34.6,45.6,97.8,28.6,Cardstock,Morning,Average,Type_C,Low,23,Op04,B10,32767.8
PP006042,129.4,2.9,12.9,23.4,61.3,93.7,39.5,Standard,Afternoon,Average,Type_C,Medium,157,Op10,B09,90356.9
PP006043,53.3,8.9,9.3,23.2,38.2,70.7,58.2,Glossy,Morning,Average,Type_A,High,242,Op03,B08,19105.0
PP006044,66.3,9.7,20.2,23.4,67.8,98.0,33.8,Standard,Morning,Average,Type_B,Medium,192,Op05,B04,49879.3
PP006045,121.3,0.2,12.5,17.1,78.1,76.7,30.8,Cardstock,Morning,Good,Type_B,Medium,295,Op10,B04,67908.1
PP006046,113.7,1.5,9.8,25.6,35.6,79.7,36.1,Cardstock,Afternoon,Good,Type_B,Low,160,Op07,B17,50381.9
PP006047,100.8,0.7,13.0,26.2,53.6,75.3,38.8,Standard,Afternoon,Average,Type_C,Medium,319,Op01,B18,65562.1
PP006048,171.0,4.2,6.2,25.2,48.0,89.4,22.4,Standard,Afternoon,Poor,Type_B,Medium,67,Op09,B07,45552.9
PP006049,79.4,7.5,6.0,27.7,62.0,97.8,22.4,Standard,Afternoon,Good,Type_D,Low,178,Op07,B19,21316.2
PP006050,141.6,3.7,18.2,23.9,53.7,88.4,16.0,Standard,Night,Good,Type_A,Medium,152,Op09,B13,150347.0
PP006051,117.1,4.5,11.5,25.6,60.4,84.0,68.6,Standard,Morning,Good,Type_C,Medium,131,Op10,B13,68838.2
PP006052,102.3,2.5,12.2,23.8,57.2,95.3,32.6,Standard,Morning,Good,Type_C,Medium,338,Op10,B11,71541.4
PP006053,86.3,0.8,12.0,27.5,44.6,12.5,21.2,Standard,Afternoon,Good,Type_B,Medium,39,Op08,B09,28867.0
PP006054,57.1,15.0,16.5,15.0,63.1,58.7,91.2,Matte,Morning,Poor,Type_C,Medium,302,Op01,B14,2588.0
PP006055,70.7,3.2,6.6,25.1,44.5,79.6,34.9,Matte,Afternoon,Poor,Type_C,Medium,301,Op02,B17,17835.0
PP006056,101.1,0.6,9.7,27.5,58.4,91.3,30.8,Glossy,Afternoon,Average,Type_B,Low,232,Op05,B07,46097.9
PP006057,85.0,0.1,8.9,29.2,59.6,82.4,25.2,Matte,Night,Average,Type_B,Medium,225,Op01,B12,36748.9
PP006058,87.3,8.3,8.3,25.1,43.2,82.1,13.7,Cardstock,Night,Average,Type_B,High,358,Op03,B17,31363.5
PP006059,108.1,1.9,7.2,27.8,70.7,63.0,31.6,Glossy,Night,Good,Type_C,Medium,11,Op06,B04,35473.7
PP006060,153.5,11.6,13.9,28.2,48.0,97.3,87.4,Standard,Morning,Average,Type_A,High,212,Op06,B06,104786.4
PP006061,128.6,0.1,19.6,28.8,,73.9,25.7,Standard,Morning,Good,Type_B,High,21,Op05,B12,142822.5
PP006062,113.8,12.6,19.9,25.2,46.0,57.2,26.9,Standard,Night,Poor,Type_B,Medium,62,Op03,B05,44288.9
PP006063,80.2,3.0,7.6,19.8,,97.9,14.9,Matte,Afternoon,Good,Type_A,High,321,Op05,B20,33616.2
PP006064,104.6,7.0,5.7,21.8,51.6,81.0,19.5,Standard,Night,Good,Type_C,Medium,256,Op03,B10,30213.5
PP006065,122.1,11.4,9.4,28.3,39.0,88.9,31.8,Glossy,Night,Poor,Type_B,High,336,Op04,B14,41565.4
PP006066,88.4,5.6,12.9,20.2,,77.7,50.2,Matte,Morning,Good,Type_A,Medium,275,Op03,B20,58528.9
PP006067,127.3,2.0,10.6,34.4,68.8,97.2,37.8,Standard,Afternoon,Good,Type_C,Medium,173,Op09,B13,72303.3
PP006068,112.0,1.2,10.7,24.0,41.2,72.1,15.7,Standard,Afternoon,Good,Type_A,Medium,265,Op08,B04,68681.1
PP006069,131.0,7.4,8.2,25.3,44.6,90.1,46.7,Standard,Morning,Poor,Type_A,Medium,266,Op01,B15,51166.5
PP006070,180.0,0.4,8.8,24.1,26.4,68.8,32.2,Matte,Afternoon,Average,Type_B,Medium,38,Op04,B17,55212.7
PP006071,121.0,6.7,17.2,,50.4,60.5,34.6,Matte,Afternoon,Poor,Type_A,Medium,281,Op08,B05,73741.1
PP006072,126.3,4.6,12.6,23.5,43.0,80.2,25.5,Standard,Night,Average,Type_C,Medium,55,Op07,B20,87260.5
PP006073,101.7,3.9,6.5,25.2,32.2,92.3,50.6,Glossy,Morning,Good,Type_B,Medium,72,Op01,B02,33394.9
PP006074,139.3,10.2,9.5,23.9,53.1,96.7,37.9,Standard,Morning,Poor,Type_B,Medium,21,Op02,B06,57528.9
PP006075,89.5,9.1,9.9,19.2,47.9,74.3,37.8,Matte,Night,Average,Type_B,Low,223,Op10,B06,32748.8
PP006076,117.3,8.8,7.5,22.0,57.7,78.4,39.5,Glossy,Night,Good,Type_B,Medium,45,Op01,B06,44322.2
PP006077,53.0,1.6,12.0,26.8,55.2,90.8,24.2,Standard,Morning,Good,Type_A,High,283,Op01,B07,33305.7
PP006078,169.9,1.1,8.8,17.6,65.5,79.4,25.9,Standard,Afternoon,Good,Type_A,Low,194,Op04,B15,60827.2
PP006079,147.9,2.8,14.2,29.4,66.2,78.5,34.8,Standard,Night,Average,Type_B,Medium,350,Op07,B01,109305.5
PP006080,80.3,2.5,12.4,25.5,47.8,90.7,40.3,Matte,Morning,Good,Type_A,Medium,64,Op03,B19,52307.2
PP006081,164.8,4.6,12.3,22.2,38.3,75.8,32.0,Glossy,Afternoon,Average,Type_A,Medium,224,Op07,B03,94287.1
PP006082,122.8,15.0,15.1,21.7,51.7,84.0,29.7,Standard,Morning,Average,Type_A,High,115,Op06,B07,83797.1
PP006083,135.1,0.1,22.8,15.4,,94.1,34.1,Glossy,Afternoon,Good,Type_C,Low,150,Op09,B06,117501.5
PP006084,119.7,4.8,13.7,22.0,58.4,90.6,27.0,Matte,Night,Good,Type_C,High,344,Op04,B09,89636.6
PP006085,106.6,9.6,11.5,28.9,39.4,85.1,45.9,Glossy,Afternoon,Average,Type_A,High,118,Op06,B03,58036.9
PP006086,141.0,0.3,7.2,,62.0,75.2,17.6,Matte,Night,Good,Type_D,High,111,Op07,B06,51384.2
PP006087,101.6,1.1,12.4,27.8,47.4,91.0,21.6,Glossy,Night,Good,Type_B,High,50,Op07,B18,68524.7
PP006088,78.4,7.9,12.9,,51.9,98.1,37.4,Glossy,Morning,Poor,Type_A,Low,29,Op02,B09,30370.9
PP006089,156.0,7.9,9.4,23.0,69.3,80.0,10.0,Standard,Afternoon,Good,Type_A,High,289,Op03,B17,83005.5
PP006090,111.3,9.4,15.9,23.0,43.9,94.0,33.5,Standard,Afternoon,Average,Type_B,High,54,Op10,B20,91863.2
PP006091,142.6,2.1,6.0,21.4,38.6,74.5,38.7,Standard,Afternoon,Good,Type_D,High,10,Op05,B07,46729.9
PP006092,112.1,2.3,5.8,25.8,71.4,31.1,38.0,Matte,Night,Poor,Type_B,Medium,38,Op08,B14,17129.5
PP006093,142.1,0.5,9.2,20.0,65.7,89.1,35.1,Standard,Morning,Good,Type_A,Medium,143,Op05,B08,80627.6
PP006094,58.4,3.5,11.7,23.9,36.5,95.8,52.8,Matte,Morning,Good,Type_B,Medium,123,Op07,B04,31637.3
PP006095,138.7,0.4,11.6,25.0,28.2,88.8,34.1,Standard,Morning,Good,Type_A,Medium,136,Op09,B17,96029.2
PP006096,128.3,1.0,11.3,23.0,67.9,,48.8,Standard,Night,Good,Type_C,High,194,Op08,B04,79398.9
PP006097,86.7,8.9,9.4,26.0,43.3,88.2,20.7,Cardstock,Night,Good,Type_D,Medium,293,Op09,B04,36349.9
PP006098,136.3,2.1,7.6,23.2,,81.2,38.9,Standard,Night,Average,Type_D,High,4,Op10,B09,54822.4
PP006099,136.4,1.4,12.1,29.0,80.7,94.6,44.3,Glossy,Afternoon,Good,Type_A,Medium,337,Op03,B18,83266.9
PP006100,117.2,0.7,14.1,23.6,36.7,92.7,31.6,Glossy,Afternoon,Average,Type_B,High,88,Op09,B05,88288.1
PP006101,141.2,2.8,12.0,22.5,64.8,97.4,57.1,Standard,Morning,Good,Type_C,Medium,121,Op05,B18,99154.3
PP006102,90.4,3.8,7.4,22.9,48.4,67.9,48.4,Standard,Morning,Average,Type_D,Low,84,Op07,B04,27748.9
PP006103,84.0,3.4,8.6,24.6,45.7,81.2,55.7,Standard,Afternoon,Good,Type_B,Low,56,Op01,B17,34295.4
PP006104,66.9,1.4,9.7,25.4,57.2,81.8,29.2,Standard,Morning,Good,Type_B,Medium,336,Op09,B15,33807.0
PP006105,131.5,3.5,14.8,20.9,65.4,89.3,16.9,Glossy,Night,Average,Type_A,Low,334,Op07,B08,93902.7
PP006106,121.8,3.4,8.9,35.5,47.8,23.6,21.1,Standard,Night,Poor,Type_A,Medium,212,Op05,B16,25564.5
PP006107,60.8,10.8,9.2,29.3,45.4,84.8,50.4,Glossy,Morning,Average,Type_C,Medium,237,Op05,B08,20403.1
PP006108,136.1,7.9,5.9,27.4,42.9,97.5,28.7,Standard,Night,Good,Type_B,Medium,29,Op01,B01,45895.6
PP006109,143.8,2.2,15.3,29.6,52.1,57.7,11.6,Standard,Night,Good,Type_D,High,19,Op07,B10,121077.9
PP006110,178.4,1.2,16.7,26.0,54.2,75.1,34.8,Standard,Morning,Good,Type_B,Medium,318,Op09,B11,135839.1
PP006111,114.1,1.7,7.7,23.8,34.7,77.2,21.9,Glossy,Night,Good,Type_B,Medium,130,Op04,B14,45446.7
PP006112,165.7,1.8,13.0,27.9,45.0,89.0,31.9,Glossy,Afternoon,Good,Type_C,High,202,Op06,B12,114623.2
PP006113,65.0,8.8,12.2,28.3,58.6,92.6,12.1,Standard,Afternoon,Average,Type_C,Medium,185,Op01,B03,36246.4
PP006114,154.5,1.5,10.2,30.8,55.4,75.5,10.0,Standard,Morning,Good,Type_D,Medium,294,Op02,B12,88858.7
PP006115,147.0,1.3,12.3,24.0,56.2,40.4,16.5,Matte,Afternoon,Good,Type_C,High,309,Op08,B14,94846.3
PP006116,107.7,2.8,12.7,27.4,48.6,,59.1,Standard,Morning,Good,Type_A,Low,196,Op06,B19,67404.3
PP006117,141.2,0.1,8.6,22.6,67.7,77.2,31.2,Matte,Morning,Average,Type_D,Medium,225,Op06,B18,65440.3
PP006118,47.0,3.9,6.6,27.8,64.4,85.3,25.5,Glossy,Morning,Average,Type_A,Medium,127,Op07,B18,12961.2
PP006119,118.5,2.0,8.7,24.3,46.0,90.4,34.6,Standard,Morning,Good,Type_B,High,78,Op06,B03,63259.3
PP006120,128.7,2.4,6.6,28.4,57.0,95.0,29.6,Glossy,Night,Good,Type_A,High,106,Op02,B15,47250.7
PP006121,118.3,6.1,6.7,,36.2,98.1,27.4,Standard,Morning,Good,Type_B,Medium,100,Op02,B11,40588.4
PP006122,141.8,1.7,17.5,15.0,62.7,89.4,32.1,Standard,Afternoon,Good,Type_D,Medium,324,Op02,B12,122895.2
PP006123,140.6,9.4,18.8,29.8,32.4,92.3,23.1,Matte,Afternoon,Poor,Type_C,High,229,Op04,B18,90654.0
PP006124,69.1,3.0,10.7,25.5,60.0,97.7,21.6,Matte,Night,Good,Type_B,High,362,Op02,B12,39522.5
PP006125,130.0,6.4,12.2,30.3,42.2,82.8,72.9,Glossy,Morning,Good,Type_D,Low,241,Op09,B18,69871.6
PP006126,92.9,0.1,6.7,29.1,41.8,83.9,52.0,Matte,Afternoon,Good,Type_D,Medium,349,Op03,B10,31119.6
PP006127,153.1,2.3,9.1,28.8,48.6,81.6,24.1,Glossy,Afternoon,Good,Type_C,Medium,254,Op10,B12,74999.3
PP006128,124.9,15.0,11.6,26.9,20.0,66.4,67.9,Standard,Morning,Good,Type_C,Low,202,Op06,B14,48165.2
PP006129,147.8,1.3,11.0,34.8,57.0,76.1,25.0,Cardstock,Afternoon,Good,Type_B,High,321,Op06,B08,86800.1
PP006130,180.0,0.2,10.0,22.3,58.7,26.0,36.3,Standard,Afternoon,Good,Type_C,Medium,194,Op05,B18,28292.1
PP006131,156.2,2.7,11.8,20.5,,89.0,24.4,Standard,Night,Good,Type_C,Low,345,Op01,B11,84577.8
PP006132,45.6,1.8,11.7,24.9,79.5,,29.9,Standard,Night,Good,Type_A,Medium,259,Op01,B14,20957.7
PP006133,78.2,12.1,18.0,34.5,,98.4,24.5,Standard,Night,Good,Type_B,Medium,9,Op04,B14,54026.9
PP006134,117.0,1.1,9.1,22.2,48.8,23.4,54.2,Matte,Night,Good,Type_C,Medium,51,Op01,B07,33484.0
PP006135,127.1,2.0,8.6,28.6,72.2,12.2,14.4,Standard,Morning,Good,Type_B,Medium,27,Op03,B17,36047.5
PP006136,120.8,2.4,9.5,22.6,53.6,77.5,64.3,Standard,Afternoon,Good,Type_A,Medium,213,Op10,B12,62225.3
PP006137,114.6,12.3,8.0,26.5,40.0,81.8,46.0,Glossy,Afternoon,Average,Type_B,Medium,200,Op06,B19,40638.6
PP006138,144.7,14.4,11.2,23.5,39.5,95.9,43.8,Glossy,Morning,Poor,Type_A,Medium,233,Op08,B06,48342.5
PP006139,90.6,5.7,9.1,20.6,72.7,,46.1,Matte,Night,Good,Type_D,Low,144,Op04,B03,32980.4
PP006140,130.1,2.6,12.1,20.2,32.0,93.7,53.0,Glossy,Afternoon,Good,Type_A,High,194,Op01,B10,89886.0
PP006141,103.1,15.0,15.3,24.5,,86.5,27.5,Glossy,Night,Average,Type_B,Medium,134,Op03,B16,56059.2
PP006142,151.2,3.3,7.7,22.4,48.4,85.4,30.9,Glossy,Morning,Average,Type_A,High,274,Op08,B10,65549.7
PP006143,123.4,3.7,13.6,28.6,59.0,90.1,31.6,Standard,Afternoon,Good,Type_A,High,75,Op03,B10,102528.3
PP006144,82.2,6.4,20.0,20.2,50.3,55.0,12.7,Matte,Morning,Average,Type_A,High,134,Op06,B02,72095.9
PP006145,82.2,6.0,7.6,29.0,65.2,84.2,26.8,Standard,Night,Good,Type_B,Medium,63,Op01,B01,30999.9
PP006146,180.0,1.3,16.9,26.8,73.7,,67.5,Standard,Morning,Good,Type_B,High,187,Op04,B14,115640.6
PP006147,137.5,0.4,9.9,34.3,39.1,94.6,40.5,Standard,Afternoon,Average,Type_C,Low,271,Op10,B19,64944.7
PP006148,141.4,2.1,9.9,21.4,53.4,71.0,35.4,Glossy,Morning,Good,Type_B,Medium,85,Op08,B05,78699.2
PP006149,100.4,1.4,11.1,25.5,58.1,70.5,43.3,Matte,Night,Good,Type_A,Medium,9,Op02,B05,54655.0
PP006150,103.8,0.0,12.1,31.8,63.6,90.8,36.7,Standard,Night,Good,Type_C,Low,80,Op04,B19,59322.7
PP006151,47.6,2.4,22.8,26.0,44.5,,22.2,Matte,Morning,Average,Type_D,High,74,Op08,B17,35033.0
PP006152,141.2,10.6,10.4,28.2,54.7,97.9,30.6,Standard,Morning,Poor,Type_B,Medium,132,Op10,B12,65719.0
PP006153,115.7,0.1,8.2,29.2,64.0,72.0,37.5,Glossy,Night,Good,Type_D,High,14,Op08,B06,47349.5
PP006154,153.9,0.4,14.3,25.6,59.5,,64.8,Matte,Morning,Good,Type_A,Medium,349,Op02,B10,125087.5
PP006155,159.8,1.3,10.1,27.2,63.3,8.5,52.0,Glossy,Afternoon,Average,Type_C,Medium,177,Op05,B18,23292.4
PP006156,119.9,1.2,11.8,23.9,31.0,21.2,35.7,Glossy,Night,Good,Type_A,Medium,166,Op06,B07,42666.8
PP006157,129.7,11.1,10.8,24.1,36.7,84.6,29.4,Standard,Afternoon,Poor,Type_C,High,83,Op03,B13,56987.6
PP006158,151.7,2.0,12.8,18.0,55.5,75.2,33.9,Glossy,Night,Good,Type_A,Low,162,Op06,B03,77891.8
PP006159,103.5,4.3,20.0,23.7,56.5,75.0,38.0,Glossy,Morning,Average,Type_A,Medium,363,Op06,B02,97865.9
PP006160,144.6,3.0,7.6,25.1,51.7,90.0,45.1,Standard,Night,Good,Type_A,Low,146,Op08,B03,59378.4
PP006161,55.1,7.4,9.4,21.3,57.8,97.1,50.0,Standard,Afternoon,Good,Type_C,Medium,99,Op03,B05,22911.9
PP006162,134.3,3.9,10.4,29.8,51.8,41.8,19.9,Matte,Morning,Good,Type_D,Medium,195,Op08,B12,66827.1
PP006163,106.7,0.1,18.3,21.6,48.6,62.2,20.1,Glossy,Afternoon,Good,Type_B,High,131,Op05,B04,96692.9
PP006164,120.4,5.3,8.3,34.0,44.1,96.8,41.6,Cardstock,Morning,Good,Type_A,Medium,364,Op02,B19,51289.4
PP006165,81.9,3.7,6.5,27.5,65.8,39.0,21.3,Standard,Morning,Good,Type_C,High,277,Op05,B03,23728.8
PP006166,88.2,2.3,7.3,21.9,39.4,90.3,38.1,Standard,Afternoon,Good,Type_A,High,206,Op05,B03,35161.3
PP006167,95.0,10.0,11.0,,68.3,87.7,25.5,Glossy,Morning,Good,Type_B,Medium,155,Op10,B07,51967.3
PP006168,114.2,7.9,10.5,,66.5,84.5,45.5,Standard,Night,Good,Type_A,High,222,Op08,B20,55748.1
PP006169,88.1,11.1,10.4,25.1,45.8,59.3,30.9,Cardstock,Afternoon,Good,Type_A,Low,33,Op02,B10,34621.2
PP006170,66.3,5.6,9.8,28.3,58.7,79.3,53.0,Matte,Morning,Average,Type_A,Medium,206,Op04,B03,28179.8
PP006171,179.9,0.6,9.7,31.1,58.6,84.5,39.3,Matte,Afternoon,Average,Type_C,Medium,364,Op05,B19,64277.4
PP006172,134.7,1.7,15.1,20.5,56.0,92.2,49.8,Standard,Morning,Good,Type_B,Medium,333,Op02,B18,117891.5
PP006173,84.6,1.9,20.0,22.0,24.3,91.8,18.6,Glossy,Night,Average,Type_C,Medium,117,Op05,B16,65241.5
PP006174,102.8,2.2,6.0,22.6,52.8,98.2,28.9,Matte,Night,Good,Type_C,Medium,4,Op04,B01,31694.7
PP006175,111.5,3.8,11.8,21.8,58.1,94.0,51.6,Standard,Afternoon,Good,Type_D,Low,310,Op08,B03,66069.0
PP006176,128.9,7.3,8.2,24.8,28.5,75.8,15.0,Glossy,Afternoon,Good,Type_A,Medium,365,Op04,B03,55755.0
PP006177,83.5,0.2,6.2,23.7,47.5,95.7,26.6,Matte,Afternoon,Good,Type_D,High,334,Op10,B20,26577.9
PP006178,91.1,0.6,10.5,31.5,65.1,88.4,35.7,Matte,Morning,Good,Type_D,High,245,Op10,B17,48956.3
PP006179,138.6,1.0,15.2,17.1,64.6,83.7,22.1,Standard,Morning,Good,Type_B,High,53,Op08,B09,124452.5
PP006180,180.0,0.9,8.0,,41.7,97.2,23.8,Cardstock,Morning,Good,Type_A,Medium,157,Op08,B01,62783.6
PP006181,138.4,0.3,19.2,24.3,64.7,96.5,24.3,Matte,Morning,Good,Type_B,Medium,218,Op10,B01,150899.9
PP006182,116.1,6.2,9.7,25.2,46.1,55.6,63.1,Matte,Afternoon,Good,Type_B,Medium,74,Op05,B02,52659.4
PP006183,72.2,9.2,11.3,31.4,68.1,,21.2,Cardstock,Night,Average,Type_B,Low,312,Op05,B18,11458.0
PP006184,134.8,0.3,7.6,25.2,55.6,61.3,21.4,Glossy,Afternoon,Average,Type_B,Low,102,Op02,B07,47915.6
PP006185,80.2,9.5,12.2,19.2,40.9,95.7,22.0,Matte,Morning,Average,Type_A,Medium,225,Op07,B06,45278.6
PP006186,146.7,0.2,6.8,25.9,81.9,,41.8,Standard,Afternoon,Good,Type_A,Medium,32,Op08,B13,52534.2
PP006187,109.3,8.9,7.4,27.4,75.9,40.1,14.8,Matte,Afternoon,Good,Type_C,Medium,288,Op09,B01,33718.7
PP006188,91.4,4.8,11.3,20.3,68.3,90.9,23.8,Matte,Afternoon,Good,Type_B,Medium,223,Op04,B04,56979.0
PP006189,154.9,9.8,11.4,,66.1,94.5,11.6,Standard,Afternoon,Poor,Type_A,Medium,149,Op03,B09,66419.1
PP006190,109.2,4.3,10.4,33.6,46.5,82.3,28.8,Standard,Afternoon,Poor,Type_A,Medium,173,Op06,B13,49944.0
PP006191,94.3,1.8,15.4,18.6,74.0,76.9,40.1,Matte,Afternoon,Good,Type_C,Low,5,Op04,B07,58462.3
PP006192,115.7,10.9,9.2,21.9,51.2,91.9,39.8,Cardstock,Morning,Poor,Type_B,High,220,Op02,B15,38444.7
PP006193,180.0,0.5,4.9,32.3,53.7,91.1,46.7,Matte,Afternoon,Good,Type_A,Medium,322,Op02,B07,33548.8
PP006194,129.6,2.4,12.2,20.3,28.1,90.0,43.5,Matte,Morning,Average,Type_B,Medium,262,Op01,B16,83845.0
PP006195,121.8,8.7,6.5,28.7,38.9,83.1,26.2,Standard,Night,Good,Type_A,Medium,184,Op05,B04,43122.3
PP006196,57.8,8.1,15.4,29.5,43.7,6.0,34.2,Cardstock,Night,Average,Type_A,Medium,246,Op05,B16,2637.3
PP006197,169.8,0.3,18.0,22.9,73.9,92.1,44.4,Cardstock,Afternoon,Good,Type_B,Medium,27,Op04,B16,123017.5
PP006198,72.0,0.3,17.7,29.7,62.3,73.6,61.0,Standard,Morning,Average,Type_D,Medium,214,Op05,B14,50596.5
PP006199,118.5,1.1,10.6,24.3,37.8,91.9,35.5,Cardstock,Afternoon,Good,Type_C,Low,138,Op04,B17,58650.2
PP006200,107.3,0.9,12.2,17.4,59.5,92.4,27.0,Cardstock,Afternoon,Good,Type_A,Medium,195,Op07,B20,61439.4
PP006201,114.4,1.6,13.6,18.5,55.8,96.0,34.0,Standard,Night,Good,Type_A,High,315,Op02,B02,91329.5
PP006202,115.1,3.1,5.1,23.4,35.3,68.0,30.1,Cardstock,Morning,Poor,Type_B,Low,25,Op03,B13,20053.5
PP006203,68.5,2.4,7.7,28.9,83.8,39.0,41.7,Glossy,Morning,Good,Type_A,Medium,29,Op03,B04,17324.6
PP006204,109.4,8.1,20.1,25.6,53.9,73.7,51.6,Standard,Morning,Average,Type_B,High,237,Op06,B02,97168.4
PP006205,82.6,1.4,9.3,23.0,53.5,84.1,34.3,Standard,Afternoon,Good,Type_A,Low,270,Op10,B06,37159.5
PP006206,74.2,6.2,11.3,21.5,58.3,90.4,31.0,Matte,Morning,Good,Type_B,Medium,221,Op02,B20,41495.2
PP006207,106.5,1.7,8.8,28.0,52.3,76.0,40.7,Glossy,Night,Good,Type_A,Low,192,Op09,B04,46405.4
PP006208,147.7,3.2,9.5,27.5,53.1,70.6,14.3,Standard,Night,Average,Type_B,High,218,Op01,B04,80347.5
PP006209,123.9,6.1,6.4,19.6,54.9,90.6,29.8,Glossy,Morning,Good,Type_A,High,47,Op07,B06,45018.5
PP006210,89.6,5.7,11.8,32.1,55.3,90.8,21.5,Standard,Morning,Good,Type_C,Medium,291,Op03,B04,56189.7
PP006211,146.4,6.0,7.9,27.3,73.9,93.6,28.2,Glossy,Night,Average,Type_D,Medium,184,Op01,B12,54932.5
PP006212,171.2,0.7,19.8,29.6,,62.5,53.0,Glossy,Afternoon,Average,Type_B,High,264,Op07,B07,128684.5
PP006213,70.0,2.3,9.3,27.5,33.7,55.5,44.1,Standard,Afternoon,Good,Type_B,Medium,340,Op01,B08,29022.2
PP006214,68.8,9.7,7.5,17.2,49.0,84.9,21.8,Standard,Morning,Average,Type_D,Low,106,Op07,B11,18764.8
PP006215,172.2,5.4,12.3,24.7,25.9,88.7,49.0,Glossy,Afternoon,Good,Type_A,Low,83,Op10,B19,56808.7
PP006216,94.7,4.3,20.2,,46.9,62.4,27.9,Standard,Night,Good,Type_B,Medium,272,Op10,B11,86607.1
PP006217,143.0,2.9,16.0,30.1,60.9,92.7,19.5,Glossy,Afternoon,Good,Type_B,Medium,307,Op04,B17,131787.9
PP006218,91.1,6.8,9.6,24.0,49.6,93.8,31.4,Standard,Afternoon,Good,Type_D,Medium,130,Op09,B19,45561.9
PP006219,126.7,7.0,12.6,19.7,24.6,94.2,48.3,Standard,Morning,Average,Type_B,High,256,Op01,B17,85345.3
PP006220,136.6,3.4,13.9,20.5,41.6,96.3,38.2,Standard,Morning,Good,Type_A,Low,10,Op01,B11,109200.9
PP006221,70.5,1.1,9.8,16.7,69.0,86.7,28.4,Glossy,Night,Good,Type_A,Medium,169,Op10,B01,28429.5
PP006222,154.5,1.3,20.2,32.8,56.0,94.3,23.6,Matte,Night,Good,Type_B,High,130,Op06,B20,156164.5
PP006223,90.5,2.0,10.7,27.3,37.2,86.5,26.0,Glossy,Afternoon,Good,Type_D,Medium,334,Op01,B19,47074.2
PP006224,115.0,2.4,12.2,30.0,63.1,79.0,27.9,Standard,Afternoon,Good,Type_A,High,53,Op02,B06,77351.0
PP006225,101.1,6.4,17.0,29.5,40.6,57.3,46.9,Glossy,Morning,Good,Type_B,Medium,212,Op08,B08,79278.1
PP006226,129.0,0.6,13.3,25.7,55.3,85.3,25.7,Standard,Afternoon,Good,Type_C,Medium,326,Op01,B10,102850.9
PP006227,132.6,2.9,13.0,26.4,65.9,80.2,31.5,Matte,Morning,Good,Type_D,Medium,59,Op09,B18,97073.1
PP006228,87.1,2.0,8.3,23.5,68.8,70.1,46.5,Standard,Morning,Good,Type_C,Medium,82,Op09,B12,35403.0
PP006229,153.6,6.5,19.2,,57.1,85.9,39.6,Standard,Night,Average,Type_D,Low,111,Op06,B03,107727.9
PP006230,106.5,2.7,19.3,33.1,64.1,94.7,45.9,Standard,Night,Average,Type_A,Medium,89,Op09,B18,93413.2
PP006231,127.6,9.2,7.3,23.5,42.9,76.7,32.9,Matte,Afternoon,Poor,Type_B,Low,200,Op01,B14,33216.0
PP006232,136.5,2.1,3.0,30.0,48.5,98.1,35.6,Cardstock,Morning,Average,Type_A,High,12,Op07,B16,19541.0
PP006233,103.6,1.1,13.1,25.1,50.9,81.4,93.8,Cardstock,Afternoon,Good,Type_A,Medium,150,Op03,B05,56886.3
PP006234,115.1,4.8,20.3,23.5,65.9,90.3,20.4,Standard,Afternoon,Good,Type_A,High,244,Op02,B20,133109.7
PP006235,143.4,8.4,18.4,20.6,41.6,98.4,17.1,Glossy,Night,Good,Type_A,Medium,268,Op03,B07,139728.9
PP006236,69.7,1.0,18.5,26.2,54.6,98.0,48.7,Cardstock,Afternoon,Average,Type_A,High,319,Op08,B14,55887.8
PP006237,106.6,0.7,7.7,22.3,39.7,87.6,22.6,Standard,Night,Average,Type_A,Medium,49,Op02,B05,42861.4
PP006238,180.0,2.8,9.8,21.6,36.0,83.4,49.4,Cardstock,Afternoon,Good,Type_D,High,34,Op06,B17,64646.5
PP006239,96.0,1.2,9.6,33.2,50.9,89.9,30.5,Glossy,Morning,Good,Type_C,Medium,231,Op03,B02,45977.2
PP006240,167.7,9.9,8.2,,28.8,96.9,34.5,Matte,Afternoon,Poor,Type_B,Low,81,Op06,B05,30960.0
PP006241,155.7,3.7,8.1,23.5,45.5,86.0,36.0,Standard,Night,Good,Type_A,Low,123,Op03,B08,59143.8
PP006242,153.9,3.5,9.2,22.3,57.2,80.9,31.1,Matte,Afternoon,Good,Type_B,Medium,358,Op08,B07,79145.9
PP006243,147.6,3.9,11.6,32.6,43.9,81.7,35.7,Glossy,Afternoon,Average,Type_A,Medium,274,Op03,B12,89388.1
PP006244,112.1,4.3,11.2,21.6,51.3,85.7,56.9,Glossy,Afternoon,Average,Type_C,Medium,163,Op02,B08,61934.2
PP006245,125.6,7.9,7.9,17.4,51.1,84.2,29.1,Matte,Afternoon,Average,Type_D,Medium,86,Op02,B05,47573.7
PP006246,166.7,1.4,12.7,23.6,84.1,84.9,24.1,Standard,Morning,Poor,Type_C,Medium,255,Op08,B05,71697.7
PP006247,67.4,1.3,12.7,24.0,46.3,77.2,80.6,Standard,Night,Good,Type_B,Medium,128,Op02,B09,38036.2
PP006248,161.2,8.6,23.4,27.9,44.2,,26.0,Glossy,Morning,Average,Type_A,High,230,Op10,B04,137104.4
PP006249,107.0,3.5,6.3,21.8,61.8,88.3,40.4,Standard,Night,Good,Type_C,High,276,Op09,B18,35506.7
PP006250,172.3,7.7,11.9,24.2,63.2,97.1,23.4,Glossy,Afternoon,Good,Type_B,High,134,Op04,B01,100106.4
PP006251,170.6,4.9,8.6,21.8,26.3,81.3,30.2,Glossy,Afternoon,Poor,Type_A,High,36,Op01,B10,57651.6
PP006252,141.5,2.3,9.1,28.5,53.3,91.8,25.1,Standard,Night,Good,Type_C,Low,308,Op10,B20,69994.4
PP006253,149.7,4.9,9.4,25.9,52.8,75.3,36.9,Standard,Afternoon,Good,Type_B,Medium,341,Op10,B13,81845.8
PP006254,95.4,1.8,10.0,23.2,55.8,62.2,43.8,Standard,Morning,Good,Type_A,Medium,340,Op09,B19,51744.8
PP006255,140.8,3.5,10.9,31.9,40.3,76.3,32.4,Standard,Morning,Good,Type_A,Medium,78,Op06,B13,94006.2
PP006256,131.2,4.7,9.8,27.3,52.7,90.3,27.8,Matte,Morning,Good,Type_A,Medium,338,Op08,B18,76513.6
PP006257,144.3,2.0,9.1,24.1,56.2,86.8,26.2,Glossy,Morning,Good,Type_A,Medium,29,Op02,B03,79993.4
PP006258,167.3,3.7,21.9,22.9,68.5,98.7,18.7,Matte,Night,Good,Type_B,Medium,107,Op05,B03,157393.9
PP006259,114.8,5.3,9.8,24.9,38.1,76.1,27.8,Standard,Night,Good,Type_A,Medium,236,Op04,B04,60087.5
PP006260,94.4,6.2,8.0,22.1,57.7,98.2,49.8,Cardstock,Night,Good,Type_B,Low,29,Op05,B18,31400.3
PP006261,114.1,5.2,8.3,22.5,62.5,83.7,50.7,Cardstock,Morning,Average,Type_A,High,324,Op10,B11,46646.2
PP006262,124.3,1.4,13.7,26.4,54.0,54.1,16.8,Standard,Morning,Good,Type_D,Low,132,Op06,B12,86788.1
PP006263,103.4,1.5,8.5,17.1,64.0,,46.4,Matte,Morning,Good,Type_A,High,341,Op09,B08,39339.8
PP006264,130.1,10.6,7.2,20.4,25.3,64.0,25.0,Standard,Night,Poor,Type_D,Medium,320,Op10,B07,30226.9
PP006265,130.3,15.0,13.6,29.3,53.6,82.1,43.4,Glossy,Morning,Good,Type_A,Low,60,Op03,B13,71247.1
PP006266,108.7,7.1,12.8,26.2,29.7,20.4,45.6,Standard,Morning,Poor,Type_A,Medium,251,Op04,B06,30740.9
PP006267,160.3,9.2,13.6,26.0,46.4,,46.7,Glossy,Afternoon,Poor,Type_C,High,352,Op06,B12,78455.3
PP006268,86.3,3.3,15.7,29.2,44.9,99.8,23.2,Glossy,Morning,Good,Type_C,High,266,Op08,B19,70465.8
PP006269,140.0,2.1,18.5,21.9,44.4,89.4,19.1,Matte,Morning,Good,Type_D,Low,89,Op01,B09,133539.7
PP006270,128.2,9.9,7.1,26.5,77.2,90.6,13.0,Standard,Afternoon,Average,Type_B,Low,325,Op03,B16,42122.7
PP006271,103.7,6.5,14.0,24.0,66.8,77.0,22.3,Standard,Morning,Good,Type_C,Medium,313,Op03,B03,79190.2
PP006272,133.2,8.6,14.9,18.8,47.9,94.6,13.3,Matte,Afternoon,Good,Type_A,Medium,24,Op05,B15,116136.2
PP006273,45.3,2.2,8.3,24.7,69.8,92.7,58.1,Matte,Night,Good,Type_C,Medium,315,Op10,B18,14397.4
PP006274,127.3,2.8,19.6,27.2,52.2,87.9,48.3,Glossy,Night,Good,Type_D,Medium,279,Op04,B20,122459.7
PP006275,131.7,9.5,10.0,31.0,51.8,74.0,33.8,Matte,Morning,Average,Type_C,Medium,135,Op09,B04,64386.1
PP006276,112.7,4.2,9.4,22.1,45.7,67.9,20.3,Cardstock,Morning,Average,Type_A,Medium,156,Op09,B06,51389.1
PP006277,114.5,2.2,12.3,,59.9,18.7,37.0,Standard,Afternoon,Good,Type_C,Medium,49,Op04,B07,48434.2
PP006278,84.5,12.2,8.8,27.2,54.7,80.8,26.9,Standard,Morning,Average,Type_B,Medium,125,Op03,B15,32989.4
PP006279,75.7,2.5,6.8,23.5,45.7,,15.6,Matte,Night,Good,Type_B,Medium,218,Op01,B02,26182.3
PP006280,77.3,0.8,13.0,33.3,48.0,16.2,32.2,Standard,Afternoon,Good,Type_C,Low,103,Op03,B10,19452.6
PP006281,107.0,2.2,8.7,,,96.4,23.6,Matte,Morning,Good,Type_B,Medium,322,Op03,B08,50629.6
PP006282,60.6,4.4,9.2,29.5,60.1,,17.5,Glossy,Night,Good,Type_A,Medium,162,Op03,B04,13105.0
PP006283,90.1,2.3,6.3,40.0,59.1,78.4,50.2,Cardstock,Night,Good,Type_C,Medium,82,Op03,B05,18699.8
PP006284,144.1,9.1,13.1,21.7,54.1,87.9,18.2,Matte,Afternoon,Good,Type_C,Medium,321,Op09,B05,110531.4
PP006285,102.1,6.6,12.3,18.6,43.4,55.9,44.4,Standard,Afternoon,Good,Type_C,Medium,101,Op06,B04,58717.1
PP006286,71.2,9.8,5.5,28.0,61.0,91.3,36.2,Glossy,Afternoon,Good,Type_B,Medium,290,Op04,B15,17649.2
PP006287,156.0,6.2,12.2,,39.8,61.6,35.7,Matte,Afternoon,Average,Type_B,High,225,Op07,B10,88289.6
PP006288,93.4,4.2,5.4,20.8,40.9,80.4,22.8,Matte,Afternoon,Average,Type_A,High,259,Op04,B16,26195.9
PP006289,82.0,3.8,7.9,17.2,38.4,94.8,54.2,Glossy,Morning,Average,Type_D,Medium,46,Op07,B03,26399.8
PP006290,83.1,2.4,8.5,30.0,,86.5,24.3,Standard,Night,Good,Type_B,Medium,309,Op06,B08,35268.8
PP006291,149.1,3.1,5.8,20.8,64.7,82.3,37.0,Matte,Afternoon,Good,Type_D,Medium,98,Op02,B15,46206.0
PP006292,115.2,11.1,7.1,26.6,26.3,92.7,20.8,Cardstock,Morning,Average,Type_C,Medium,241,Op01,B06,33830.7
PP006293,111.3,0.9,14.0,23.7,65.4,91.0,19.9,Standard,Morning,Good,Type_D,High,126,Op04,B01,92792.4
PP006294,133.5,3.5,16.6,31.8,42.2,14.8,82.0,Matte,Afternoon,Poor,Type_A,Low,364,Op06,B06,31093.6
PP006295,112.0,4.4,17.1,28.0,41.5,97.2,54.3,Cardstock,Morning,Average,Type_A,Low,210,Op10,B02,87915.2
PP006296,121.0,4.4,9.6,24.3,49.1,96.2,28.5,Matte,Afternoon,Good,Type_C,Medium,365,Op05,B01,66122.1
PP006297,86.5,3.2,8.6,28.0,20.0,92.6,37.8,Standard,Night,Good,Type_C,Medium,44,Op05,B10,35327.4
PP006298,125.9,1.2,7.8,22.2,65.9,89.6,16.8,Glossy,Morning,Good,Type_B,High,262,Op01,B07,57635.5
PP006299,82.3,8.2,11.6,,,71.2,34.6,Glossy,Morning,Poor,Type_A,Medium,141,Op02,B10,31002.8
PP006300,117.2,3.0,16.1,28.9,57.0,79.8,17.5,Glossy,Afternoon,Good,Type_B,Medium,268,Op09,B08,101476.0
PP006301,60.9,0.6,14.5,21.7,36.5,81.8,16.1,Glossy,Morning,Good,Type_A,Medium,330,Op03,B03,41070.4
PP006302,121.6,1.1,8.5,19.9,61.8,87.1,76.6,Cardstock,Afternoon,Average,Type_A,Medium,327,Op03,B12,45323.2
PP006303,150.5,1.8,12.3,24.7,57.2,94.1,30.4,Standard,Morning,Good,Type_A,Low,188,Op09,B20,92801.6
PP006304,128.1,1.3,6.1,18.2,54.9,90.9,38.4,Matte,Afternoon,Average,Type_A,Medium,175,Op03,B19,42199.8
PP006305,113.0,3.6,17.1,31.5,59.6,90.9,21.4,Cardstock,Morning,Good,Type_B,Medium,318,Op06,B12,99537.6
PP006306,113.2,9.2,6.8,21.4,63.4,66.5,34.8,Standard,Afternoon,Good,Type_B,Medium,175,Op04,B10,38598.8
PP006307,105.7,8.8,6.4,25.3,64.9,90.7,23.0,Standard,Morning,Poor,Type_C,Low,188,Op05,B07,23924.4
PP006308,37.5,3.4,6.2,,68.9,83.3,32.6,Glossy,Afternoon,Good,Type_A,Medium,346,Op08,B03,8935.4
PP006309,144.0,0.7,12.5,23.7,61.6,89.4,53.0,Matte,Afternoon,Good,Type_B,Medium,143,Op09,B07,100488.2
PP006310,130.7,5.3,13.0,22.7,53.9,83.9,71.1,Standard,Afternoon,Good,Type_C,Low,77,Op01,B15,85111.0
PP006311,84.0,0.5,12.4,34.2,60.0,95.8,54.2,Glossy,Morning,Good,Type_D,High,211,Op04,B02,50501.6
PP006312,112.2,12.9,6.6,23.3,43.3,94.2,33.1,Glossy,Night,Average,Type_B,High,157,Op02,B02,32273.3
PP006313,153.0,0.0,8.6,26.3,60.3,86.4,90.1,Matte,Afternoon,Good,Type_D,High,172,Op04,B14,62069.3
PP006314,75.0,1.0,12.0,18.1,50.3,96.4,42.2,Glossy,Afternoon,Average,Type_C,Medium,205,Op09,B19,39119.4
PP006315,115.1,7.2,15.3,30.5,56.3,84.0,20.3,Glossy,Morning,Average,Type_A,Medium,146,Op04,B05,92192.2
PP006316,133.8,1.2,10.0,28.8,37.9,73.4,22.3,Standard,Night,Good,Type_B,Medium,65,Op09,B03,75839.4
PP006317,90.5,0.2,15.7,17.6,52.6,98.7,10.5,Glossy,Night,Good,Type_D,Medium,236,Op05,B10,65552.6
PP006318,132.7,8.5,15.7,23.1,46.5,96.7,41.3,Cardstock,Afternoon,Poor,Type_D,Medium,152,Op09,B01,75283.8
PP006319,85.9,6.9,12.9,31.6,59.3,77.9,40.4,Standard,Night,Good,Type_B,High,108,Op07,B20,55593.7
PP006320,152.1,5.1,7.7,28.8,55.8,88.1,22.9,Standard,Afternoon,Good,Type_B,High,37,Op03,B04,68110.7
PP006321,102.1,2.4,9.6,21.7,52.6,99.9,11.2,Cardstock,Afternoon,Good,Type_B,Medium,155,Op01,B09,50500.0
PP006322,87.4,15.0,12.3,29.9,65.3,91.4,16.3,Glossy,Morning,Good,Type_C,Medium,241,Op05,B08,43538.3
PP006323,124.5,2.4,21.6,30.3,42.0,93.8,22.7,Cardstock,Morning,Good,Type_D,High,205,Op07,B04,134378.6
PP006324,57.3,7.9,11.6,26.0,50.5,93.1,34.6,Cardstock,Afternoon,Good,Type_D,Medium,314,Op02,B19,25576.1
PP006325,108.7,9.9,9.3,22.6,61.6,95.2,26.3,Matte,Afternoon,Average,Type_D,Medium,341,Op07,B15,48171.3
PP006326,108.7,9.0,14.2,25.9,55.1,80.5,36.3,Standard,Night,Average,Type_A,High,320,Op04,B17,75709.4
PP006327,178.4,1.7,13.2,19.5,46.7,75.7,26.3,Standard,Morning,Good,Type_B,Medium,125,Op08,B08,105526.2
PP006328,134.1,5.2,12.8,27.7,29.0,75.5,36.3,Standard,Afternoon,Average,Type_A,Medium,56,Op05,B13,91801.9
PP006329,150.5,0.3,12.3,29.2,41.3,90.0,29.1,Standard,Night,Good,Type_B,Medium,148,Op06,B02,103957.2
PP006330,90.4,2.1,20.3,24.3,67.2,64.3,52.4,Standard,Afternoon,Good,Type_B,Medium,100,Op10,B03,81104.7
PP006331,78.2,12.6,12.5,20.0,55.2,89.5,15.7,Cardstock,Morning,Average,Type_C,Low,93,Op05,B07,31468.8
PP006332,66.2,4.7,12.0,18.6,55.4,81.5,45.1,Glossy,Morning,Average,Type_A,Medium,249,Op07,B18,34484.0
PP006333,136.7,0.8,11.4,19.6,62.5,91.3,46.6,Glossy,Morning,Average,Type_B,Medium,237,Op09,B13,83932.2
PP006334,83.5,6.6,8.5,23.4,30.8,66.0,42.4,Standard,Night,Average,Type_D,High,19,Op06,B01,29770.0
PP006335,72.7,1.4,8.3,23.1,40.8,,28.6,Standard,Morning,Average,Type_C,Medium,152,Op10,B06,28695.6
PP006336,148.2,1.6,11.3,22.6,64.3,88.1,35.8,Standard,Morning,Good,Type_D,Medium,256,Op10,B20,99376.9
PP006337,145.2,9.2,10.8,24.5,41.2,84.7,45.6,Glossy,Night,Poor,Type_A,High,297,Op02,B15,61340.8
PP006338,100.4,1.3,14.9,30.3,,95.2,20.4,Standard,Night,Good,Type_B,Medium,211,Op10,B06,79278.3
PP006339,102.8,10.3,6.0,30.8,53.2,88.8,20.2,Matte,Night,Good,Type_C,Medium,205,Op05,B14,29598.9
PP006340,109.6,1.9,9.0,35.2,57.8,,48.2,Matte,Morning,Good,Type_D,Medium,27,Op07,B14,48411.6
PP006341,88.7,0.8,18.7,22.6,86.7,24.9,44.8,Matte,Afternoon,Good,Type_C,Medium,217,Op05,B09,33537.0
PP006342,84.1,11.5,10.6,25.4,67.8,67.0,28.4,Standard,Night,Average,Type_A,Medium,301,Op09,B07,34456.9
PP006343,119.8,8.7,17.4,25.8,53.4,66.2,20.0,Standard,Afternoon,Poor,Type_D,Medium,358,Op10,B19,69985.3
PP006344,114.4,0.4,12.7,22.1,,80.3,13.9,Matte,Morning,Good,Type_C,Low,22,Op01,B18,77748.5
PP006345,86.3,9.6,11.5,30.9,48.8,83.1,43.5,Standard,Morning,Poor,Type_B,High,130,Op04,B01,36824.9
PP006346,145.4,15.0,5.4,22.3,70.8,91.0,38.0,Cardstock,Morning,Poor,Type_A,Medium,112,Op02,B11,18885.4
PP006347,180.0,2.2,6.8,30.0,56.6,86.8,42.3,Glossy,Afternoon,Good,Type_A,Low,341,Op02,B07,29175.9
PP006348,83.9,6.9,10.5,21.3,43.9,86.8,58.1,Cardstock,Afternoon,Good,Type_C,High,325,Op01,B01,39685.6
PP006349,105.7,4.1,5.4,23.8,41.7,94.6,71.9,Standard,Morning,Average,Type_A,High,8,Op08,B05,26729.5
PP006350,44.1,0.0,10.2,26.1,53.7,53.2,23.8,Glossy,Morning,Good,Type_C,Low,243,Op09,B12,15293.3
PP006351,147.6,0.4,8.2,28.9,43.9,84.6,25.0,Glossy,Afternoon,Average,Type_A,Low,77,Op07,B16,60728.9
PP006352,69.5,7.2,11.3,20.5,27.6,79.9,58.7,Matte,Morning,Good,Type_B,High,237,Op05,B05,34613.2
PP006353,113.7,0.2,8.4,31.1,58.8,92.8,40.9,Glossy,Morning,Average,Type_D,Medium,305,Op08,B03,49370.1
PP006354,133.0,1.3,7.9,19.4,51.2,89.9,11.4,Matte,Afternoon,Good,Type_B,High,269,Op05,B14,63002.5
PP006355,139.5,5.3,16.0,15.6,51.2,98.0,91.0,Standard,Afternoon,Average,Type_B,Medium,90,Op08,B06,105125.6
PP006356,75.6,0.0,7.7,23.3,31.6,76.7,12.9,Glossy,Afternoon,Average,Type_D,Medium,197,Op03,B08,25562.0
PP006357,89.2,2.8,10.3,26.6,46.5,85.9,52.9,Standard,Afternoon,Good,Type_B,Medium,82,Op01,B06,49529.2
PP006358,104.8,1.8,12.3,25.3,,43.0,21.7,Glossy,Afternoon,Good,Type_B,High,102,Op05,B07,62016.4
PP006359,61.3,1.6,8.9,26.7,29.6,12.3,31.0,Standard,Morning,Good,Type_D,High,64,Op01,B05,12270.1
PP006360,91.4,5.1,13.4,19.8,72.8,98.3,34.6,Matte,Night,Poor,Type_D,Medium,70,Op05,B20,44587.0
PP006361,131.7,11.9,11.7,18.3,49.7,75.6,22.0,Matte,Afternoon,Good,Type_A,Medium,305,Op10,B11,78274.8
PP006362,145.5,5.2,5.5,22.9,66.9,95.2,82.0,Glossy,Afternoon,Good,Type_B,Medium,206,Op02,B19,35013.2
PP006363,72.1,15.0,8.3,30.6,60.1,82.8,73.2,Standard,Morning,Poor,Type_C,Low,192,Op09,B15,7645.7
PP006364,83.9,4.2,12.6,22.7,49.2,33.7,45.2,Standard,Morning,Poor,Type_B,High,329,Op08,B04,35561.7
PP006365,88.8,1.3,7.3,24.4,40.0,,17.3,Matte,Morning,Average,Type_B,Medium,244,Op04,B09,18210.9
PP006366,154.5,4.0,8.0,24.3,49.8,91.0,12.1,Glossy,Night,Good,Type_B,High,90,Op09,B03,71463.9
PP006367,93.2,2.1,10.0,29.8,55.2,66.8,32.4,Standard,Night,Average,Type_B,High,101,Op07,B20,45055.1
PP006368,116.8,9.7,13.4,20.8,58.1,98.8,27.6,Standard,Morning,Poor,Type_A,Medium,247,Op09,B10,67395.4
PP006369,149.2,6.4,20.3,17.5,45.2,87.2,23.4,Standard,Night,Poor,Type_D,High,244,Op08,B10,128157.6
PP006370,135.0,8.7,6.4,27.0,59.2,72.9,35.6,Matte,Night,Average,Type_C,Low,352,Op04,B13,36513.8
PP006371,135.8,0.9,13.0,30.9,51.3,22.7,34.1,Matte,Night,Good,Type_C,High,156,Op04,B16,58802.4
PP006372,152.5,1.3,14.5,27.4,61.2,65.4,33.4,Standard,Night,Good,Type_C,Medium,357,Op08,B14,107948.8
PP006373,58.0,0.3,6.6,31.4,42.2,64.4,14.3,Glossy,Night,Good,Type_A,Medium,176,Op04,B19,16299.2
PP006374,124.1,4.9,12.0,28.3,,73.0,26.0,Matte,Morning,Average,Type_B,High,355,Op03,B18,80980.4
PP006375,119.9,1.3,5.0,20.5,41.0,90.4,56.1,Standard,Afternoon,Good,Type_B,Medium,221,Op01,B03,31340.9
PP006376,92.9,5.9,9.3,18.0,58.9,89.4,20.1,Matte,Morning,Average,Type_A,High,312,Op07,B17,43982.8
PP006377,146.2,1.8,13.6,19.8,29.9,88.0,14.7,Glossy,Afternoon,Good,Type_B,High,131,Op07,B11,110830.4
PP006378,153.0,15.0,12.5,,46.8,83.9,18.4,Matte,Morning,Poor,Type_C,Medium,35,Op10,B16,49580.7
PP006379,94.8,4.5,12.7,29.3,65.8,98.5,53.6,Standard,Afternoon,Good,Type_C,Low,151,Op05,B15,54512.4
PP006380,65.7,2.0,8.9,30.2,39.9,97.5,35.1,Standard,Afternoon,Average,Type_A,High,340,Op07,B03,28958.3
PP006381,30.0,1.9,10.1,15.0,40.1,92.9,39.6,Standard,Night,Average,Type_A,Low,285,Op07,B07,8344.1
PP006382,178.3,12.1,6.6,28.7,36.9,77.5,25.4,Matte,Morning,Average,Type_C,Low,260,Op03,B15,19277.6
PP006383,95.4,0.2,13.2,22.7,56.6,96.3,22.1,Standard,Night,Good,Type_B,Low,15,Op05,B01,64106.9
PP006384,123.3,15.0,6.7,21.8,41.6,81.4,48.0,Glossy,Afternoon,Average,Type_C,Medium,173,Op08,B18,30411.9
PP006385,115.2,3.6,14.5,23.2,32.2,82.8,67.6,Standard,Night,Good,Type_B,Medium,159,Op10,B12,83142.1
PP006386,163.3,11.0,8.8,17.7,47.0,65.2,50.9,Cardstock,Afternoon,Average,Type_B,Medium,215,Op09,B20,49153.0
PP006387,68.0,2.2,13.4,29.6,49.4,90.0,51.3,Cardstock,Night,Average,Type_B,Medium,189,Op04,B14,35521.4
PP006388,106.4,6.1,7.3,26.1,36.3,47.0,20.5,Standard,Morning,Average,Type_C,High,182,Op03,B05,36790.8
PP006389,87.3,5.3,9.9,22.2,20.0,98.2,15.7,Standard,Morning,Average,Type_B,Medium,75,Op04,B13,42387.6
PP006390,98.6,4.0,15.8,24.1,54.2,88.9,64.8,Standard,Night,Poor,Type_B,Medium,86,Op01,B17,62712.7
PP006391,78.4,2.9,12.4,22.7,59.4,65.2,29.3,Standard,Morning,Good,Type_A,High,357,Op09,B16,51646.1
PP006392,79.9,0.6,12.9,19.3,64.0,86.9,31.6,Matte,Afternoon,Good,Type_C,Medium,331,Op07,B16,50890.0
PP006393,120.5,15.0,13.9,27.1,61.1,97.3,42.3,Standard,Afternoon,Poor,Type_B,High,27,Op01,B19,49695.3
PP006394,118.6,13.3,16.0,28.1,56.9,83.3,65.9,Cardstock,Night,Poor,Type_C,Medium,191,Op07,B01,37224.1
PP006395,75.1,7.6,6.1,,63.5,28.7,14.2,Standard,Afternoon,Average,Type_C,Medium,143,Op03,B12,14818.6
PP006396,108.1,15.0,7.4,27.7,65.6,,23.2,Matte,Morning,Poor,Type_D,High,189,Op08,B01,21638.6
PP006397,79.8,3.4,12.6,29.4,,85.0,52.3,Matte,Night,Average,Type_A,Low,322,Op03,B15,40151.7
PP006398,137.0,2.0,11.8,27.8,57.1,67.2,86.1,Standard,Night,Good,Type_D,Medium,96,Op01,B06,79171.9
PP006399,139.5,4.6,10.9,23.8,39.0,98.8,64.4,Glossy,Afternoon,Good,Type_B,Medium,67,Op04,B10,80216.4
PP006400,150.4,5.5,12.4,23.4,50.4,35.7,73.1,Matte,Morning,Average,Type_B,Medium,69,Op03,B07,64255.3
PP006401,105.3,2.8,15.9,27.1,83.5,79.7,20.0,Standard,Morning,Good,Type_A,Medium,363,Op06,B12,83178.2
PP006402,95.0,0.3,9.5,21.5,55.8,90.2,90.0,Cardstock,Morning,Poor,Type_D,Medium,6,Op07,B16,30423.2
PP006403,113.9,0.1,6.1,26.4,54.1,86.6,52.6,Standard,Night,Good,Type_A,High,163,Op09,B19,37260.8
PP006404,97.6,0.7,7.3,24.4,26.9,76.0,35.1,Glossy,Night,Good,Type_C,Medium,36,Op08,B06,32316.4
PP006405,114.5,6.5,6.6,28.1,66.9,78.5,41.5,Standard,Morning,Good,Type_A,Low,224,Op01,B11,36466.4
PP006406,97.7,7.0,8.1,23.4,69.0,92.9,83.3,Standard,Afternoon,Good,Type_A,Medium,16,Op07,B12,36270.2
PP006407,76.3,9.2,17.5,23.1,56.8,62.3,26.2,Cardstock,Morning,Poor,Type_A,Low,133,Op08,B02,25827.1
PP006408,122.7,1.0,20.8,23.8,64.0,92.3,53.1,Cardstock,Afternoon,Good,Type_B,High,149,Op02,B15,123732.3
PP006409,141.4,0.8,14.0,24.9,87.0,77.2,46.5,Standard,Afternoon,Good,Type_D,Medium,15,Op05,B09,94922.0
PP006410,135.8,7.5,10.6,30.7,55.6,91.2,20.1,Cardstock,Afternoon,Good,Type_B,Low,309,Op05,B08,68801.1
PP006411,76.4,6.8,8.4,22.7,47.3,78.2,21.4,Standard,Night,Average,Type_C,Medium,322,Op04,B04,28452.0
PP006412,157.1,10.1,12.3,20.7,61.2,81.8,24.1,Standard,Afternoon,Average,Type_C,Medium,203,Op03,B10,87928.6
PP006413,59.8,15.0,7.9,28.7,38.6,78.9,53.6,Glossy,Night,Average,Type_B,Medium,245,Op08,B12,12881.2
PP006414,93.1,8.6,19.6,29.4,59.0,80.0,29.0,Standard,Night,Good,Type_C,Medium,334,Op04,B05,76765.8
PP006415,118.1,1.7,9.8,25.2,47.3,87.1,35.8,Standard,Afternoon,Average,Type_A,High,62,Op10,B08,65731.2
PP006416,116.2,1.4,12.1,19.6,70.6,71.4,17.9,Matte,Morning,Good,Type_A,High,47,Op02,B18,80733.8
PP006417,105.2,8.6,7.9,26.6,34.1,89.6,23.1,Standard,Morning,Good,Type_A,High,285,Op03,B06,49420.8
PP006418,99.0,0.7,8.3,25.5,58.4,97.4,43.5,Standard,Morning,Good,Type_A,Medium,112,Op09,B17,46354.6
PP006419,102.2,14.8,11.6,28.5,62.5,77.3,64.5,Standard,Morning,Average,Type_C,Medium,35,Op03,B07,41666.0
PP006420,147.5,3.4,15.1,19.5,35.7,96.4,62.8,Glossy,Afternoon,Good,Type_B,Low,196,Op02,B05,111026.8
PP006421,149.5,8.0,5.1,27.3,59.2,80.2,44.7,Standard,Morning,Average,Type_B,Medium,210,Op06,B08,38855.9
PP006422,118.4,3.9,8.2,30.5,64.8,76.3,26.4,Matte,Afternoon,Good,Type_B,Medium,112,Op07,B03,52835.0
PP006423,82.3,7.9,13.1,25.3,60.7,92.5,29.0,Matte,Morning,Good,Type_C,High,247,Op03,B14,54815.6
PP006424,135.0,2.8,10.5,25.1,50.9,53.8,30.7,Matte,Afternoon,Good,Type_B,High,166,Op08,B13,80362.6
PP006425,160.9,13.2,9.8,22.2,57.8,94.8,21.2,Standard,Night,Average,Type_D,Low,274,Op04,B20,49459.1
PP006426,138.1,1.3,17.4,27.6,40.7,17.6,37.1,Standard,Night,Average,Type_A,Low,44,Op05,B17,59252.7
PP006427,93.7,5.8,7.6,27.9,43.8,93.2,11.8,Standard,Afternoon,Good,Type_B,Medium,79,Op06,B05,39653.0
PP006428,102.9,1.5,7.8,30.9,54.5,91.6,48.9,Standard,Morning,Good,Type_C,Medium,15,Op10,B18,42043.0
PP006429,158.7,1.6,11.4,,51.8,93.8,80.4,Glossy,Morning,Good,Type_A,Low,317,Op07,B07,74034.5
PP006430,124.7,1.6,6.7,25.3,,98.1,26.5,Glossy,Morning,Average,Type_A,Medium,292,Op01,B19,43008.7
PP006431,82.6,11.7,16.4,25.8,67.9,96.4,31.2,Glossy,Morning,Good,Type_D,Low,331,Op07,B20,48570.8
PP006432,155.7,0.6,16.1,19.2,57.3,64.7,42.8,Standard,Morning,Good,Type_A,Medium,100,Op03,B01,131791.1
PP006433,98.8,9.0,9.7,28.1,58.9,92.2,73.6,Glossy,Afternoon,Good,Type_C,Medium,273,Op05,B07,43964.7
PP006434,170.0,1.7,6.5,27.3,69.9,80.8,39.5,Standard,Night,Good,Type_A,Medium,31,Op01,B04,53376.3
PP006435,180.0,2.7,8.6,26.9,51.6,89.1,14.1,Cardstock,Night,Good,Type_C,Medium,118,Op10,B07,58990.9
PP006436,166.0,0.1,15.1,26.8,,84.2,95.7,Standard,Night,Good,Type_D,High,57,Op08,B03,113310.4
PP006437,141.6,1.6,6.9,22.6,51.3,84.5,51.5,Matte,Night,Good,Type_A,High,35,Op03,B16,54799.4
PP006438,118.1,1.5,8.5,22.4,32.5,84.1,29.3,Matte,Morning,Good,Type_C,Medium,48,Op03,B04,57977.5
PP006439,71.5,7.7,8.3,19.9,55.0,64.3,41.0,Glossy,Night,Average,Type_B,High,363,Op08,B03,23017.9
PP006440,94.1,0.7,6.9,24.4,51.2,98.2,43.8,Matte,Afternoon,Good,Type_D,High,39,Op09,B13,34594.6
PP006441,80.3,12.3,11.4,23.2,33.0,90.1,56.4,Cardstock,Night,Poor,Type_D,Medium,353,Op02,B02,16003.8
PP006442,98.5,2.4,7.5,23.7,,96.3,36.2,Standard,Morning,Good,Type_A,Medium,42,Op02,B01,41453.7
PP006443,126.9,5.0,19.1,20.9,59.5,94.2,18.5,Matte,Morning,Average,Type_B,High,152,Op05,B06,139021.1
PP006444,99.4,9.3,7.7,23.8,50.8,97.1,35.3,Standard,Morning,Average,Type_C,Medium,320,Op08,B13,36768.4
PP006445,144.0,1.5,17.6,24.6,55.9,95.7,40.6,Cardstock,Night,Good,Type_D,Low,121,Op01,B05,118856.1
PP006446,90.5,1.8,13.2,31.5,63.9,8.5,31.0,Cardstock,Afternoon,Good,Type_B,Medium,105,Op10,B19,20583.6
PP006447,131.4,12.8,6.3,24.8,57.0,92.9,21.2,Cardstock,Morning,Poor,Type_D,Medium,189,Op02,B03,24361.3
PP006448,153.0,6.8,6.6,35.4,41.9,90.1,40.3,Matte,Morning,Average,Type_A,High,111,Op04,B11,49411.1
PP006449,93.1,1.8,20.1,15.5,68.2,88.7,17.7,Standard,Afternoon,Good,Type_B,High,284,Op07,B15,89142.4
PP006450,111.0,3.0,8.3,27.5,52.0,88.3,55.3,Matte,Night,Good,Type_D,Medium,333,Op09,B19,45387.3
PP006451,83.9,0.3,12.8,26.3,50.3,89.8,32.8,Standard,Afternoon,Average,Type_D,Low,341,Op05,B04,46725.7
PP006452,91.9,7.9,10.9,18.8,69.2,75.8,37.0,Matte,Night,Good,Type_A,High,53,Op04,B04,46948.4
PP006453,122.0,0.7,12.2,31.1,48.3,71.6,29.3,Matte,Afternoon,Average,Type_C,Low,216,Op03,B09,66147.3
PP006454,121.8,3.7,7.5,22.9,56.5,86.2,28.7,Standard,Afternoon,Good,Type_A,High,23,Op04,B11,56323.8
PP006455,141.7,5.7,16.5,27.4,49.4,81.4,26.5,Standard,Night,Good,Type_B,High,93,Op08,B10,138160.3
PP006456,91.3,7.9,7.6,29.6,34.8,78.4,49.7,Glossy,Night,Average,Type_A,High,311,Op03,B03,29345.9
PP006457,121.6,2.8,16.0,24.4,,81.9,31.4,Standard,Night,Average,Type_B,Medium,359,Op07,B17,106147.1
PP006458,136.5,1.3,6.3,34.0,45.2,98.8,32.9,Cardstock,Afternoon,Good,Type_D,High,334,Op01,B01,43228.5
PP006459,111.3,1.4,7.4,25.2,56.1,82.2,26.8,Glossy,Morning,Poor,Type_C,High,206,Op02,B18,38308.4
PP006460,123.4,2.6,14.1,22.7,70.9,91.9,23.1,Matte,Night,Average,Type_A,Medium,131,Op04,B05,89895.7
PP006461,66.7,1.5,11.1,20.5,39.3,92.5,56.1,Matte,Morning,Good,Type_C,Medium,120,Op02,B06,34294.4
PP006462,84.5,4.4,11.7,27.1,55.6,66.9,45.0,Cardstock,Morning,Good,Type_B,Medium,60,Op02,B03,44837.5
PP006463,152.0,2.9,12.0,16.6,54.6,84.0,39.3,Cardstock,Morning,Average,Type_B,High,222,Op01,B18,86857.3
PP006464,58.8,9.6,22.0,,49.0,79.5,25.0,Cardstock,Afternoon,Good,Type_D,High,193,Op03,B03,40654.1
PP006465,55.3,0.5,5.8,22.6,31.8,92.0,44.6,Matte,Afternoon,Average,Type_B,Medium,183,Op03,B02,13024.4
PP006466,118.6,10.1,20.4,22.9,36.9,92.5,36.4,Matte,Night,Average,Type_A,High,305,Op02,B10,98619.0
PP006467,65.2,1.9,9.3,21.8,46.2,55.2,30.6,Matte,Morning,Good,Type_A,Low,300,Op07,B20,25585.9
PP006468,162.9,2.5,10.8,21.7,23.5,97.8,34.2,Standard,Afternoon,Average,Type_C,Medium,78,Op10,B11,81346.2
PP006469,155.3,7.0,19.4,22.1,,84.3,48.1,Standard,Morning,Good,Type_A,Medium,302,Op05,B12,159756.7
PP006470,91.2,2.4,12.8,21.0,52.5,86.2,65.1,Glossy,Afternoon,Poor,Type_A,Medium,196,Op07,B05,44683.8
PP006471,118.3,0.6,13.8,26.3,32.5,83.9,26.0,Glossy,Morning,Good,Type_D,Medium,155,Op10,B11,88542.2
PP006472,84.6,11.3,17.9,23.0,40.4,97.5,16.6,Matte,Afternoon,Good,Type_A,Medium,264,Op08,B17,69214.6
PP006473,50.5,0.0,8.5,22.1,41.6,85.2,32.1,Glossy,Afternoon,Good,Type_B,Low,220,Op05,B07,17100.9
PP006474,123.1,0.8,14.7,27.3,55.3,86.1,34.9,Glossy,Afternoon,Good,Type_B,Medium,183,Op02,B05,102530.4
PP006475,65.5,5.5,7.9,24.8,38.3,88.9,44.1,Standard,Night,Good,Type_C,Medium,213,Op06,B04,23735.8
PP006476,134.0,2.9,9.4,,55.7,74.3,29.4,Cardstock,Afternoon,Good,Type_D,High,71,Op02,B14,65338.3
PP006477,161.9,13.0,11.1,,50.3,81.4,34.2,Matte,Night,Poor,Type_A,Medium,78,Op09,B15,45359.5
PP006478,125.2,8.8,13.8,25.7,62.3,77.5,22.5,Glossy,Morning,Good,Type_C,Medium,352,Op03,B19,91834.5
PP006479,161.5,1.5,6.4,19.7,64.4,61.8,45.5,Standard,Night,Good,Type_D,Medium,240,Op02,B01,46006.1
PP006480,111.4,7.0,9.7,20.6,46.2,94.0,30.1,Glossy,Afternoon,Average,Type_A,High,123,Op10,B15,56627.0
PP006481,140.8,7.1,10.4,30.8,47.1,77.0,23.0,Matte,Afternoon,Average,Type_D,Medium,286,Op09,B08,75467.6
PP006482,144.3,4.6,12.1,32.6,56.5,82.7,21.0,Cardstock,Afternoon,Good,Type_B,High,160,Op02,B12,95504.8
PP006483,101.5,6.3,9.5,17.8,60.5,80.4,33.9,Glossy,Morning,Good,Type_B,Medium,317,Op02,B20,47109.3
PP006484,133.1,3.6,10.8,29.3,,89.9,16.7,Standard,Afternoon,Good,Type_A,Low,63,Op10,B06,84712.5
PP006485,119.3,13.2,7.5,24.7,41.4,15.7,56.3,Standard,Night,Poor,Type_A,Medium,262,Op03,B20,4576.2
PP006486,65.0,4.9,10.3,27.4,57.9,83.8,37.6,Matte,Morning,Average,Type_A,Medium,186,Op04,B17,31563.7
PP006487,89.6,3.1,10.9,23.8,83.0,87.6,38.8,Matte,Night,Good,Type_B,Medium,138,Op04,B01,42811.1
PP006488,91.9,2.0,12.0,26.0,65.9,82.6,47.7,Matte,Night,Good,Type_C,Medium,306,Op09,B09,52258.2
PP006489,83.6,10.0,7.4,28.2,49.3,79.1,39.7,Matte,Night,Poor,Type_A,High,205,Op03,B19,20149.0
PP006490,89.8,2.3,17.7,26.7,73.4,84.0,50.0,Glossy,Afternoon,Good,Type_B,High,18,Op05,B10,74627.7
PP006491,153.5,1.3,6.9,22.6,49.6,6.5,37.4,Matte,Morning,Good,Type_C,Medium,242,Op03,B06,23309.4
PP006492,93.2,10.3,20.5,26.5,52.6,90.2,20.8,Glossy,Morning,Average,Type_B,Low,344,Op07,B11,65374.4
PP006493,130.6,6.7,18.7,22.6,45.5,79.3,21.0,Standard,Morning,Average,Type_A,Medium,204,Op07,B10,131499.1
PP006494,169.4,1.5,6.3,24.9,,99.6,38.6,Standard,Morning,Average,Type_D,High,295,Op03,B08,50945.0
PP006495,111.7,6.5,7.6,23.1,,,35.9,Matte,Morning,Good,Type_A,High,136,Op02,B10,46477.2
PP006496,99.0,2.2,4.7,25.6,53.6,92.5,53.1,Matte,Night,Good,Type_A,Medium,122,Op01,B08,21650.7
PP006497,125.5,4.1,12.0,25.3,43.7,97.2,37.2,Standard,Morning,Good,Type_D,Medium,37,Op09,B03,85964.3
PP006498,57.5,1.1,9.6,24.9,67.5,76.5,39.9,Matte,Afternoon,Poor,Type_C,High,166,Op08,B04,19905.8
PP006499,88.8,3.6,7.3,27.6,31.3,99.9,29.1,Glossy,Night,Good,Type_D,Low,273,Op01,B01,26699.7
PP006500,119.2,11.5,13.2,25.3,77.3,92.4,51.1,Glossy,Night,Poor,Type_D,Medium,330,Op07,B02,44911.7
PP006501,44.3,9.8,12.7,31.0,34.8,86.7,40.3,Standard,Afternoon,Average,Type_A,High,127,Op05,B07,21367.9
PP006502,155.0,12.6,13.4,29.1,80.3,82.4,30.8,Cardstock,Afternoon,Good,Type_B,High,151,Op05,B07,79320.3
PP006503,132.7,12.6,10.1,24.3,74.3,90.3,24.5,Standard,Afternoon,Poor,Type_A,Low,358,Op08,B12,38329.9
PP006504,155.7,3.2,14.8,25.5,60.2,42.4,31.6,Glossy,Night,Good,Type_B,High,154,Op06,B18,84011.7
PP006505,100.2,4.5,12.5,28.7,41.0,97.9,55.4,Matte,Afternoon,Average,Type_C,High,185,Op05,B06,62912.5
PP006506,112.8,0.9,7.3,19.9,55.2,79.4,28.6,Glossy,Night,Good,Type_C,Medium,220,Op07,B17,41346.0
PP006507,144.9,2.7,7.9,26.2,54.7,91.4,32.4,Glossy,Afternoon,Average,Type_B,Medium,67,Op02,B06,64295.9
PP006508,174.3,8.4,17.4,17.4,43.4,69.7,25.9,Standard,Morning,Average,Type_D,Medium,229,Op07,B19,99011.5
PP006509,144.1,1.0,10.5,23.9,42.2,88.4,52.3,Standard,Morning,Good,Type_A,Low,244,Op02,B12,84529.6
PP006510,131.6,6.8,12.8,33.7,55.6,93.5,28.8,Standard,Morning,Average,Type_A,High,23,Op05,B19,92419.0
PP006511,170.3,2.4,7.2,26.6,40.7,92.8,29.8,Standard,Morning,Good,Type_C,Low,67,Op07,B10,42647.2
PP006512,143.7,11.7,8.1,17.6,62.7,72.1,75.5,Matte,Morning,Poor,Type_C,Low,177,Op03,B06,29455.7
PP006513,49.0,0.7,8.1,22.8,43.8,80.7,33.3,Glossy,Afternoon,Good,Type_A,Medium,119,Op08,B03,17999.4
PP006514,125.6,3.1,14.0,19.6,,64.9,39.6,Glossy,Night,Good,Type_B,Medium,25,Op10,B07,90785.4
PP006515,119.9,4.9,8.4,21.8,76.5,96.4,28.0,Matte,Afternoon,Average,Type_B,Medium,101,Op05,B17,53209.7
PP006516,136.2,0.9,19.3,27.7,74.0,76.7,75.5,Glossy,Morning,Good,Type_A,Medium,129,Op07,B09,129910.4
PP006517,135.6,10.1,10.9,19.5,48.1,91.2,28.3,Glossy,Afternoon,Average,Type_D,Medium,146,Op05,B20,68802.2
PP006518,106.9,7.8,21.3,28.7,48.4,84.1,51.3,Glossy,Morning,Average,Type_A,Medium,52,Op05,B02,99514.8
PP006519,120.1,6.3,20.9,22.2,30.1,80.4,36.6,Cardstock,Afternoon,Good,Type_B,Medium,35,Op01,B03,109032.4
PP006520,84.3,15.0,13.5,26.4,32.1,73.7,31.7,Glossy,Afternoon,Poor,Type_C,Medium,323,Op05,B14,17792.9
PP006521,138.3,0.8,13.5,25.6,60.0,80.2,65.2,Matte,Morning,Average,Type_A,High,167,Op03,B12,100256.0
PP006522,116.0,6.6,12.2,28.0,54.6,67.3,60.3,Matte,Morning,Good,Type_A,Medium,49,Op04,B06,69604.1
PP006523,112.2,9.5,9.6,27.8,30.4,84.9,19.0,Standard,Afternoon,Good,Type_A,Low,27,Op03,B12,54726.6
PP006524,158.2,4.4,4.8,18.9,43.0,90.9,24.9,Glossy,Afternoon,Good,Type_D,Medium,98,Op08,B07,38197.5
PP006525,133.3,10.5,11.6,26.8,44.8,95.7,21.4,Matte,Night,Average,Type_A,High,268,Op01,B09,79795.3
PP006526,140.3,1.3,8.5,22.1,60.6,83.7,39.5,Standard,Morning,Good,Type_C,Low,325,Op10,B18,66699.6
PP006527,112.1,3.2,11.1,26.7,53.3,96.7,93.4,Glossy,Afternoon,Average,Type_B,High,67,Op03,B03,58653.2
PP006528,101.5,2.2,7.7,28.7,,73.5,43.9,Standard,Afternoon,Poor,Type_B,Medium,154,Op04,B15,30135.3
PP006529,119.6,10.6,10.8,26.7,47.0,89.4,24.8,Standard,Morning,Poor,Type_B,Low,333,Op09,B19,48965.4
PP006530,124.6,2.0,9.3,21.6,43.2,85.8,21.3,Standard,Afternoon,Poor,Type_B,High,218,Op06,B02,58792.5
PP006531,118.6,0.4,6.7,27.2,65.2,85.7,28.3,Standard,Afternoon,Good,Type_B,Medium,37,Op10,B01,46496.3
PP006532,122.3,2.5,15.0,31.7,33.4,69.4,25.8,Standard,Morning,Good,Type_A,Medium,132,Op02,B18,102005.9
PP006533,131.9,3.2,8.6,20.5,34.4,80.2,106.4,Glossy,Night,Good,Type_D,High,341,Op09,B11,46829.5
PP006534,151.1,2.1,10.0,27.7,30.9,79.9,14.8,Standard,Morning,Poor,Type_D,Medium,133,Op04,B03,72747.8
PP006535,81.6,2.6,21.8,23.6,54.2,86.6,23.9,Standard,Afternoon,Good,Type_D,Medium,351,Op02,B13,81957.4
PP006536,86.9,13.5,7.2,33.0,74.1,34.3,34.6,Glossy,Afternoon,Good,Type_D,Medium,279,Op04,B12,13454.6
PP006537,30.0,6.0,19.6,22.2,50.3,84.7,33.7,Cardstock,Morning,Average,Type_B,High,162,Op09,B07,18130.4
PP006538,118.9,2.9,8.3,27.3,46.7,83.2,69.5,Glossy,Morning,Good,Type_A,Low,71,Op04,B11,46501.0
PP006539,76.1,1.9,9.4,27.5,41.8,91.5,39.2,Standard,Afternoon,Good,Type_C,Medium,288,Op05,B17,37670.2
PP006540,53.7,0.9,11.1,25.2,58.7,90.9,42.2,Standard,Afternoon,Good,Type_B,High,343,Op07,B06,30096.3
PP006541,109.9,2.9,12.0,30.2,41.6,99.7,20.7,Matte,Afternoon,Good,Type_A,Medium,133,Op05,B07,72856.6
PP006542,84.2,15.0,7.7,21.2,52.1,77.0,50.3,Cardstock,Night,Average,Type_A,Medium,95,Op04,B15,19329.2
PP006543,146.8,2.0,6.6,27.3,41.6,90.0,41.1,Standard,Afternoon,Good,Type_C,Medium,275,Op01,B01,56672.6
PP006544,155.5,5.3,13.0,21.5,50.8,56.6,57.0,Cardstock,Night,Average,Type_C,Medium,162,Op09,B08,69079.0
PP006545,135.6,14.2,7.6,25.0,61.3,91.2,60.5,Standard,Afternoon,Poor,Type_C,High,314,Op06,B13,30172.3
PP006546,101.6,3.7,20.0,24.6,48.4,94.2,49.8,Matte,Night,Good,Type_B,Medium,227,Op02,B11,98260.0
PP006547,70.3,2.5,16.5,,30.8,93.7,39.6,Standard,Night,Average,Type_B,High,52,Op09,B18,53871.9
PP006548,86.1,3.4,23.1,24.6,32.6,88.3,23.6,Standard,Morning,Good,Type_A,Medium,172,Op02,B15,92551.1
PP006549,83.8,6.6,6.3,31.7,45.2,75.3,45.1,Glossy,Morning,Average,Type_A,High,195,Op01,B13,23553.7
PP006550,102.0,2.7,9.8,24.7,64.1,92.0,24.5,Glossy,Night,Good,Type_A,Medium,100,Op05,B08,53904.1
PP006551,104.5,15.0,7.2,19.5,36.1,87.0,23.8,Cardstock,Afternoon,Poor,Type_B,Low,120,Op01,B17,11510.0
PP006552,170.8,3.9,11.0,21.0,37.0,70.9,17.0,Cardstock,Morning,Good,Type_D,Medium,98,Op09,B03,80992.0
PP006553,141.5,10.6,13.6,21.4,37.9,91.0,20.3,Glossy,Afternoon,Poor,Type_D,Medium,227,Op04,B18,71371.1
PP006554,175.2,0.3,11.9,24.9,41.1,87.4,17.9,Standard,Afternoon,Good,Type_C,Medium,227,Op08,B13,100056.7
PP006555,122.4,1.5,10.8,,43.1,66.4,27.7,Matte,Afternoon,Good,Type_D,Low,121,Op06,B04,66350.6
PP006556,86.9,9.0,8.3,29.8,48.9,34.0,16.3,Standard,Afternoon,Poor,Type_B,Medium,158,Op08,B02,18160.4
PP006557,94.5,1.9,14.6,,37.7,80.2,40.5,Glossy,Afternoon,Good,Type_A,Medium,288,Op09,B15,68042.0
PP006558,113.9,1.1,6.0,18.2,43.7,95.0,58.6,Standard,Night,Good,Type_A,Low,100,Op08,B13,31805.1
PP006559,127.4,0.5,11.8,27.5,34.6,90.1,28.9,Standard,Night,Good,Type_A,High,73,Op06,B08,92599.9
PP006560,151.8,5.1,10.6,25.9,49.1,98.8,28.3,Standard,Night,Good,Type_C,Medium,265,Op06,B10,87111.7
PP006561,96.3,8.1,7.7,21.4,37.0,96.6,58.4,Glossy,Night,Average,Type_B,Medium,16,Op09,B13,31465.3
PP006562,102.7,11.9,7.3,27.9,51.2,89.7,25.6,Cardstock,Night,Poor,Type_D,Medium,156,Op04,B13,21769.9
PP006563,120.9,3.6,9.0,24.6,48.0,86.0,16.6,Standard,Morning,Poor,Type_C,High,115,Op07,B03,56045.5
PP006564,157.5,4.1,12.9,21.7,72.4,91.0,45.1,Standard,Afternoon,Average,Type_A,Medium,57,Op01,B07,98808.3
PP006565,101.0,2.1,7.1,26.5,41.7,99.4,20.4,Standard,Night,Good,Type_B,High,79,Op08,B01,41825.2
PP006566,131.4,11.2,6.2,32.9,49.7,96.8,23.2,Standard,Night,Poor,Type_D,Low,237,Op05,B20,25903.8
PP006567,79.8,3.5,8.1,23.6,79.6,77.1,43.4,Standard,Morning,Good,Type_C,High,349,Op02,B14,30830.6
PP006568,128.0,1.1,12.3,27.8,45.7,75.3,63.5,Matte,Afternoon,Good,Type_A,Medium,340,Op05,B11,84583.8
PP006569,130.6,1.6,8.9,24.3,58.1,94.4,34.8,Standard,Morning,Good,Type_D,Low,161,Op02,B12,66364.7
PP006570,133.5,1.0,15.3,23.4,63.2,77.1,39.3,Standard,Night,Good,Type_D,Medium,172,Op09,B19,111868.2
PP006571,157.2,7.6,19.2,30.8,41.0,93.5,31.9,Standard,Afternoon,Good,Type_A,Low,27,Op07,B20,124631.4
PP006572,113.2,0.8,12.0,18.7,65.5,88.1,26.3,Cardstock,Afternoon,Good,Type_C,High,340,Op08,B05,69109.6
PP006573,136.2,2.6,11.9,22.7,53.2,55.7,27.1,Standard,Morning,Good,Type_A,Medium,28,Op04,B04,92737.4
PP006574,86.4,5.9,10.6,22.2,51.0,96.3,30.7,Cardstock,Morning,Good,Type_B,Medium,91,Op05,B19,44326.8
PP006575,77.1,1.7,14.4,25.4,55.9,63.8,60.6,Glossy,Morning,Good,Type_A,Low,188,Op10,B17,44682.2
PP006576,113.2,1.6,22.7,26.8,57.4,86.8,24.9,Glossy,Morning,Good,Type_B,Medium,165,Op07,B05,126903.8
PP006577,106.8,8.3,12.0,,61.8,76.3,18.7,Standard,Afternoon,Good,Type_A,Medium,42,Op02,B07,72342.2
PP006578,169.4,4.4,10.4,20.3,61.1,36.5,38.9,Standard,Morning,Good,Type_D,Medium,184,Op08,B06,60119.4
PP006579,137.3,3.6,14.9,27.4,58.7,84.6,32.3,Cardstock,Night,Average,Type_D,Medium,31,Op03,B13,95543.0
PP006580,159.9,13.3,6.8,22.8,51.4,67.0,67.7,Standard,Night,Average,Type_C,Low,47,Op08,B14,27687.9
PP006581,127.5,3.2,6.7,18.8,56.5,,26.0,Matte,Morning,Average,Type_C,Medium,34,Op05,B07,47628.5
PP006582,141.9,15.0,13.8,28.2,21.4,95.4,30.3,Glossy,Afternoon,Average,Type_D,High,258,Op04,B03,74365.9
PP006583,106.1,11.3,21.6,21.9,50.4,89.2,36.5,Matte,Afternoon,Good,Type_D,Medium,259,Op07,B13,92623.4
PP006584,136.6,4.0,14.3,24.1,62.4,80.8,43.7,Standard,Night,Good,Type_A,Medium,251,Op06,B07,111989.8
PP006585,98.3,5.6,12.3,23.3,37.2,94.7,31.0,Glossy,Morning,Average,Type_D,Medium,179,Op06,B18,57870.1
PP006586,99.1,7.2,8.5,15.8,48.1,92.7,29.1,Standard,Night,Average,Type_B,High,297,Op01,B05,38675.9
PP006587,39.9,6.1,10.7,20.4,60.5,11.2,33.0,Glossy,Afternoon,Good,Type_B,Medium,156,Op09,B18,5228.2
PP006588,127.3,1.8,16.3,29.1,52.8,81.6,32.8,Standard,Morning,Average,Type_A,Low,287,Op10,B19,112009.7
PP006589,143.8,1.0,10.1,17.3,46.3,16.7,15.8,Glossy,Morning,Poor,Type_A,Medium,238,Op10,B10,33567.7
PP006590,136.5,3.3,8.4,26.1,54.1,84.3,55.7,Glossy,Night,Average,Type_B,Medium,113,Op02,B07,57439.5
PP006591,123.5,2.9,6.6,20.0,63.4,82.6,19.6,Glossy,Afternoon,Good,Type_A,Medium,331,Op03,B17,45253.4
PP006592,100.9,4.0,13.1,31.3,61.9,99.8,52.5,Matte,Afternoon,Average,Type_D,Medium,330,Op02,B06,61028.7
PP006593,40.5,1.1,4.2,17.7,49.4,92.0,34.7,Glossy,Afternoon,Good,Type_B,Medium,257,Op01,B12,6120.7
PP006594,77.7,4.4,8.5,23.6,34.0,81.6,44.0,Standard,Morning,Average,Type_A,High,186,Op01,B10,33628.2
PP006595,110.8,5.0,7.9,25.0,53.3,90.0,24.7,Matte,Morning,Average,Type_A,Medium,7,Op09,B20,48094.1
PP006596,137.4,9.1,10.1,16.8,43.3,66.0,27.6,Standard,Afternoon,Good,Type_A,Medium,231,Op04,B07,71356.4
PP006597,153.7,0.1,9.1,24.3,69.5,82.5,42.8,Glossy,Morning,Good,Type_D,Low,99,Op09,B04,57204.8
PP006598,151.4,4.4,19.3,21.9,65.5,96.9,62.6,Matte,Morning,Good,Type_B,High,259,Op04,B08,154394.0
PP006599,94.0,4.5,7.9,23.2,50.6,69.1,13.3,Standard,Morning,Good,Type_D,Medium,84,Op04,B18,38189.2
PP006600,108.3,2.0,13.5,19.0,47.3,94.9,17.2,Standard,Morning,Good,Type_C,Medium,350,Op05,B04,83192.2
PP006601,74.0,3.1,6.0,28.3,47.8,99.6,35.4,Standard,Morning,Good,Type_A,Medium,94,Op02,B19,23702.9
PP006602,55.9,12.9,14.6,26.8,,10.7,39.6,Glossy,Afternoon,Poor,Type_C,Medium,343,Op04,B02,2327.8
PP006603,87.8,2.3,11.0,30.2,50.2,94.3,58.4,Standard,Morning,Good,Type_C,Low,167,Op04,B20,46364.4
PP006604,89.6,1.2,11.9,25.5,38.4,95.9,29.2,Glossy,Morning,Good,Type_B,High,211,Op09,B20,60201.8
PP006605,86.3,0.4,9.3,25.7,48.0,67.0,22.8,Standard,Morning,Average,Type_D,Low,55,Op07,B15,36291.9
PP006606,140.5,13.4,8.4,23.9,82.9,69.7,39.0,Standard,Night,Average,Type_A,Medium,61,Op10,B18,44997.4
PP006607,162.5,1.7,8.1,22.9,58.9,74.1,33.3,Standard,Night,Good,Type_C,Medium,167,Op03,B13,65144.5
PP006608,89.2,1.4,7.5,28.5,50.3,78.2,59.7,Matte,Night,Good,Type_B,Low,182,Op04,B08,26902.6
PP006609,169.1,4.8,19.2,23.3,54.8,,40.3,Standard,Morning,Average,Type_A,Low,191,Op06,B12,119304.9
PP006610,60.6,2.1,7.9,25.7,55.4,87.4,27.1,Matte,Morning,Good,Type_D,Medium,192,Op01,B10,22667.8
PP006611,128.6,2.6,8.4,25.1,36.1,67.6,32.2,Standard,Night,Good,Type_B,High,103,Op03,B16,59826.1
PP006612,133.7,2.0,6.7,20.8,53.8,93.6,74.0,Standard,Morning,Good,Type_B,Medium,7,Op07,B03,46574.9
PP006613,70.3,2.1,6.1,15.0,63.1,36.6,38.7,Standard,Night,Good,Type_D,Medium,283,Op06,B09,11960.3
PP006614,146.7,0.4,10.8,23.4,62.3,98.7,27.2,Matte,Night,Average,Type_B,Low,164,Op08,B04,80233.4
PP006615,102.9,11.6,8.4,20.4,56.7,70.1,39.0,Standard,Night,Poor,Type_A,Low,152,Op08,B03,25722.5
PP006616,123.5,5.0,16.1,28.2,31.5,56.7,57.8,Standard,Afternoon,Good,Type_A,Medium,88,Op07,B19,101456.4
PP006617,151.5,3.0,15.1,29.8,50.6,73.6,76.6,Glossy,Night,Average,Type_B,High,259,Op01,B03,103055.6
PP006618,136.6,2.5,6.9,23.7,64.0,68.1,48.4,Glossy,Afternoon,Good,Type_B,High,349,Op07,B08,50589.1
PP006619,100.6,3.3,9.1,,,98.2,27.7,Cardstock,Afternoon,Good,Type_B,High,210,Op03,B15,45254.6
PP006620,113.3,5.6,7.5,23.6,57.3,56.9,31.5,Cardstock,Night,Average,Type_C,Low,190,Op09,B09,30763.2
PP006621,170.8,0.1,6.4,,48.0,92.3,23.8,Standard,Morning,Good,Type_A,High,333,Op01,B18,60429.1
PP006622,59.7,4.1,9.0,28.1,70.1,72.8,53.5,Standard,Night,Good,Type_A,High,152,Op10,B01,23295.9
PP006623,145.4,4.7,11.8,25.2,39.7,65.7,13.6,Standard,Morning,Average,Type_D,Medium,66,Op09,B02,93379.8
PP006624,145.8,4.1,18.3,30.2,47.9,86.8,33.9,Cardstock,Night,Average,Type_A,High,64,Op04,B05,129714.4
PP006625,175.5,0.0,7.6,21.2,39.1,70.7,19.4,Matte,Morning,Good,Type_B,Medium,73,Op07,B17,61284.6
PP006626,158.0,7.3,7.3,16.6,53.6,73.9,30.4,Matte,Morning,Good,Type_B,Medium,138,Op02,B16,53681.2
PP006627,66.1,9.9,9.5,23.4,62.5,81.6,10.0,Standard,Morning,Average,Type_B,High,323,Op06,B05,29162.6
PP006628,134.3,3.8,20.6,33.8,49.5,90.5,39.3,Standard,Morning,Average,Type_A,Medium,31,Op08,B12,140889.2
PP006629,126.9,4.6,6.6,22.2,42.0,93.5,34.5,Matte,Night,Average,Type_D,Medium,328,Op03,B11,40923.5
PP006630,142.4,4.5,13.4,24.4,59.1,91.7,26.7,Standard,Morning,Good,Type_C,Low,42,Op01,B09,106041.4
PP006631,173.8,6.5,11.7,19.5,36.5,69.1,14.7,Matte,Night,Average,Type_C,Medium,170,Op06,B16,75435.6
PP006632,126.6,5.0,13.7,28.0,54.0,93.5,37.1,Glossy,Morning,Average,Type_C,Medium,83,Op05,B07,93035.4
PP006633,109.0,1.5,15.8,18.3,46.9,80.3,37.0,Glossy,Afternoon,Good,Type_D,Medium,176,Op01,B18,86915.0
PP006634,108.5,2.4,10.1,25.1,35.3,66.9,22.3,Glossy,Morning,Good,Type_A,Medium,180,Op05,B03,58498.8
PP006635,150.1,7.3,7.7,26.3,47.0,81.1,25.2,Glossy,Night,Average,Type_D,Medium,327,Op10,B09,55469.6
PP006636,81.6,3.8,12.4,24.8,39.5,91.5,40.6,Glossy,Morning,Average,Type_D,Low,29,Op10,B20,42745.8
PP006637,136.6,15.0,11.9,24.6,57.7,87.9,17.7,Matte,Morning,Good,Type_C,Low,127,Op07,B10,70556.3
PP006638,127.0,1.4,8.6,32.2,42.0,9.0,31.3,Glossy,Afternoon,Good,Type_D,High,196,Op04,B02,28779.0
PP006639,57.5,14.6,12.5,28.5,43.1,,38.8,Standard,Morning,Average,Type_B,Medium,36,Op04,B10,24558.2
PP006640,131.1,5.4,6.6,32.7,49.1,74.2,29.6,Matte,Morning,Average,Type_B,Medium,257,Op06,B03,42981.7
PP006641,79.7,7.4,12.9,27.4,64.4,90.1,21.8,Glossy,Morning,Good,Type_C,High,104,Op02,B18,51667.6
PP006642,179.2,15.0,7.7,16.6,65.2,41.5,39.3,Glossy,Night,Poor,Type_A,Medium,46,Op08,B04,3469.8
PP006643,85.5,0.6,7.5,28.0,68.5,93.7,15.3,Standard,Night,Good,Type_A,Medium,345,Op06,B05,34121.9
PP006644,146.6,2.0,14.1,25.5,64.3,73.3,23.6,Matte,Afternoon,Good,Type_D,Medium,179,Op04,B16,113725.9
PP006645,107.2,11.0,15.6,23.6,26.8,83.9,29.0,Matte,Afternoon,Average,Type_B,High,250,Op08,B13,73555.6
PP006646,81.6,1.4,11.5,,54.0,72.4,15.4,Standard,Afternoon,Good,Type_A,Medium,152,Op04,B09,47406.9
PP006647,129.3,6.9,16.6,20.2,54.7,97.7,28.7,Glossy,Afternoon,Average,Type_D,Medium,352,Op10,B05,109934.8
PP006648,73.1,9.0,8.5,15.0,58.6,78.1,44.4,Standard,Morning,Average,Type_D,Medium,73,Op05,B01,23882.8
PP006649,108.7,8.9,13.1,24.4,46.8,93.8,42.5,Matte,Night,Average,Type_D,Medium,361,Op04,B12,63439.1
PP006650,160.6,0.0,9.3,28.0,62.7,81.7,66.7,Matte,Night,Good,Type_C,High,215,Op03,B03,71011.5
PP006651,104.2,1.8,14.9,21.6,31.6,95.1,10.0,Matte,Night,Good,Type_C,Low,24,Op01,B07,74759.1
PP006652,180.0,9.8,8.8,28.8,56.3,94.1,27.3,Standard,Morning,Average,Type_B,Medium,280,Op03,B14,63251.9
PP006653,149.4,4.4,11.3,23.8,56.1,98.9,28.3,Glossy,Morning,Average,Type_C,Low,76,Op06,B10,83799.6
PP006654,66.6,1.8,8.8,22.8,,97.5,37.4,Standard,Morning,Good,Type_C,High,297,Op02,B10,27794.9
PP006655,180.0,0.9,5.5,27.0,60.6,97.4,19.8,Standard,Morning,Good,Type_B,High,268,Op05,B07,46835.0
PP006656,169.9,6.0,7.5,27.5,57.2,64.6,44.2,Standard,Afternoon,Good,Type_C,Medium,190,Op10,B16,57528.1
PP006657,52.3,1.6,8.1,30.4,56.5,66.3,26.7,Standard,Night,Good,Type_A,Medium,137,Op05,B02,17854.3
PP006658,105.7,0.5,12.1,21.6,69.4,79.7,18.4,Standard,Afternoon,Good,Type_A,High,256,Op05,B14,75845.2
PP006659,174.4,5.0,9.0,28.0,56.4,97.6,25.3,Matte,Night,Poor,Type_D,Low,101,Op06,B08,30171.0
PP006660,112.6,15.0,12.8,29.0,57.4,24.8,53.7,Standard,Morning,Good,Type_B,High,251,Op06,B19,41077.3
PP006661,116.5,8.7,8.9,26.1,66.9,82.1,38.9,Glossy,Morning,Average,Type_A,Medium,342,Op07,B19,50042.7
PP006662,86.2,6.9,18.6,18.3,52.8,14.4,31.4,Standard,Afternoon,Average,Type_B,Low,274,Op09,B05,22838.6
PP006663,116.6,4.2,6.2,20.8,68.5,92.8,21.3,Cardstock,Afternoon,Average,Type_D,Medium,88,Op10,B02,33402.3
PP006664,132.1,1.0,8.2,18.8,50.8,89.5,37.0,Standard,Night,Average,Type_A,Medium,25,Op04,B05,56696.1
PP006665,176.8,3.1,11.0,21.8,45.3,,39.8,Standard,Night,Average,Type_A,High,189,Op05,B03,88876.0
PP006666,93.8,1.5,7.4,26.1,62.9,6.1,35.3,Standard,Night,Average,Type_B,High,234,Op10,B17,13967.3
PP006667,120.1,3.2,7.0,23.9,,74.0,19.3,Standard,Afternoon,Average,Type_A,Medium,57,Op02,B01,47205.1
PP006668,170.6,4.2,7.4,26.5,63.4,97.8,27.6,Cardstock,Night,Good,Type_A,High,45,Op09,B17,60877.8
PP006669,133.9,15.0,21.8,21.9,56.6,93.3,29.3,Cardstock,Morning,Poor,Type_B,Medium,24,Op03,B04,33810.0
PP006670,75.1,11.0,18.9,33.2,48.2,78.0,39.0,Standard,Afternoon,Poor,Type_C,Low,90,Op08,B07,25362.1
PP006671,142.9,15.0,5.8,16.7,39.5,98.0,41.3,Standard,Afternoon,Good,Type_B,Low,347,Op05,B08,32220.1
PP006672,128.6,0.8,10.3,30.9,60.3,91.8,32.5,Matte,Afternoon,Good,Type_A,Medium,151,Op06,B01,76576.4
PP006673,61.0,0.5,7.3,28.4,42.6,87.1,35.4,Standard,Night,Average,Type_D,High,103,Op06,B19,19441.7
PP006674,161.3,11.6,16.5,24.4,43.5,85.0,21.2,Matte,Night,Average,Type_A,Low,211,Op08,B01,80945.9
PP006675,72.0,9.8,9.6,25.0,56.0,65.3,35.3,Cardstock,Afternoon,Poor,Type_B,Medium,45,Op01,B19,17638.6
PP006676,155.0,15.0,8.8,23.0,64.4,79.5,23.8,Standard,Morning,Average,Type_A,Medium,161,Op06,B20,58914.2
PP006677,123.8,7.2,11.8,19.6,76.7,96.2,60.5,Glossy,Afternoon,Good,Type_C,Medium,309,Op08,B15,64798.3
PP006678,137.9,2.8,7.5,28.8,52.0,79.2,39.0,Matte,Morning,Good,Type_D,Medium,88,Op02,B18,57277.2
PP006679,76.2,0.7,7.5,19.7,44.6,78.7,26.8,Standard,Afternoon,Average,Type_D,Medium,160,Op07,B07,27311.7
PP006680,91.6,1.6,10.2,18.9,44.7,21.1,12.9,Matte,Night,Average,Type_A,High,228,Op10,B05,25338.4
PP006681,119.5,0.2,8.2,21.3,61.7,83.5,19.2,Standard,Morning,Good,Type_B,High,296,Op01,B16,60913.5
PP006682,95.9,3.5,10.9,27.5,61.5,91.5,30.4,Cardstock,Night,Good,Type_B,High,240,Op01,B20,52174.4
PP006683,80.1,4.4,14.9,23.1,76.2,87.0,34.4,Cardstock,Morning,Good,Type_B,Low,225,Op05,B15,46862.8
PP006684,100.4,1.8,13.7,30.6,46.3,88.8,49.4,Standard,Morning,Average,Type_B,High,128,Op06,B11,75460.3
PP006685,85.4,9.8,13.2,28.4,47.0,88.5,16.0,Matte,Morning,Average,Type_C,Medium,365,Op04,B16,51842.7
PP006686,119.0,2.2,18.7,34.6,41.7,83.4,97.2,Standard,Night,Good,Type_A,Medium,244,Op09,B02,97362.5
PP006687,89.2,2.0,12.3,29.9,28.4,87.3,53.5,Matte,Morning,Good,Type_A,Medium,154,Op03,B11,52064.0
PP006688,30.0,8.3,7.5,29.0,57.0,94.6,23.0,Glossy,Morning,Good,Type_A,High,215,Op05,B03,9773.0
PP006689,172.5,4.6,9.1,23.7,27.2,89.7,35.7,Standard,Afternoon,Poor,Type_C,Medium,349,Op06,B16,56222.8
PP006690,115.7,0.0,13.1,29.6,49.8,90.0,34.9,Cardstock,Afternoon,Poor,Type_B,High,162,Op10,B09,66472.0
PP006691,135.5,13.6,12.2,25.9,72.8,98.9,52.2,Matte,Afternoon,Average,Type_C,Low,34,Op02,B07,57904.2
PP006692,48.2,4.7,8.0,24.7,50.5,89.0,54.0,Standard,Night,Good,Type_A,High,39,Op04,B14,16481.9
PP006693,77.3,0.5,7.8,23.6,51.7,94.7,49.1,Glossy,Afternoon,Average,Type_B,Medium,121,Op10,B19,27288.0
PP006694,115.5,2.8,12.8,21.7,55.3,86.0,36.9,Glossy,Afternoon,Good,Type_D,Low,5,Op07,B18,72802.5
PP006695,180.0,0.5,9.4,25.5,47.1,96.3,51.9,Standard,Afternoon,Average,Type_D,Medium,247,Op05,B10,64787.5
PP006696,128.3,5.8,14.9,,58.5,90.1,26.4,Standard,Night,Good,Type_A,Medium,91,Op03,B02,110680.3
PP006697,100.3,6.1,8.4,30.5,49.0,44.3,16.8,Matte,Night,Average,Type_C,Medium,49,Op04,B04,31250.5
PP006698,120.8,0.4,7.6,31.7,50.3,88.4,20.4,Matte,Afternoon,Good,Type_B,High,177,Op02,B09,52227.4
PP006699,66.6,0.3,9.4,30.8,50.1,88.6,36.3,Cardstock,Morning,Average,Type_C,High,68,Op08,B03,26515.0
PP006700,78.6,3.8,6.9,29.0,44.6,83.2,35.7,Matte,Afternoon,Good,Type_C,Low,106,Op07,B19,23340.5
PP006701,141.9,1.8,7.5,30.7,50.1,93.2,48.0,Standard,Night,Good,Type_D,Low,47,Op06,B12,51696.4
PP006702,116.9,7.6,6.8,34.4,63.3,97.0,22.7,Standard,Morning,Good,Type_A,Medium,144,Op09,B20,43061.1
PP006703,121.6,5.7,7.0,24.5,72.6,78.6,64.7,Glossy,Afternoon,Poor,Type_B,Low,24,Op09,B18,27746.1
PP006704,155.0,12.3,8.9,27.3,69.7,61.9,48.5,Glossy,Night,Poor,Type_C,Medium,170,Op07,B15,30169.3
PP006705,121.5,2.7,13.9,23.8,,86.6,73.5,Standard,Night,Good,Type_C,High,190,Op05,B13,80094.1
PP006706,63.2,14.6,10.3,27.2,48.6,9.8,34.4,Cardstock,Night,Poor,Type_C,Medium,332,Op03,B15,1868.7
PP006707,169.1,2.5,7.5,27.3,42.7,99.2,58.8,Standard,Morning,Average,Type_A,Low,246,Op09,B16,51629.4
PP006708,137.5,3.9,11.9,23.2,67.6,99.2,61.1,Standard,Afternoon,Good,Type_A,Low,21,Op10,B14,83838.3
PP006709,150.1,1.8,17.7,21.2,56.2,93.3,39.7,Glossy,Night,Good,Type_D,Low,120,Op04,B14,104519.7
PP006710,96.5,2.1,10.5,20.4,39.4,93.1,38.8,Cardstock,Night,Good,Type_C,Low,194,Op03,B05,42335.9
PP006711,130.9,9.9,19.6,19.9,34.5,90.9,31.5,Standard,Night,Average,Type_B,Medium,22,Op08,B15,111343.4
PP006712,167.7,10.5,6.5,22.8,66.8,77.2,17.6,Standard,Morning,Poor,Type_B,High,299,Op07,B16,40860.3
PP006713,94.8,11.2,7.3,23.4,50.0,74.8,16.6,Matte,Night,Average,Type_A,Low,108,Op06,B08,28258.8
PP006714,143.0,5.6,8.5,22.6,65.1,75.0,29.9,Standard,Afternoon,Average,Type_D,High,201,Op10,B10,67908.8
PP006715,162.9,5.5,9.3,26.2,32.5,80.4,22.5,Cardstock,Night,Good,Type_B,Medium,310,Op03,B01,67871.4
PP006716,178.2,1.4,10.3,27.7,51.7,88.9,29.7,Standard,Afternoon,Good,Type_A,High,330,Op03,B12,89730.3
PP006717,75.7,12.2,6.0,27.0,81.8,62.2,60.6,Standard,Afternoon,Average,Type_D,Medium,57,Op09,B04,12556.1
PP006718,79.1,1.2,17.8,22.7,49.8,66.9,24.0,Standard,Afternoon,Good,Type_C,High,270,Op08,B15,71004.6
PP006719,88.5,2.7,5.5,24.8,64.1,41.6,32.0,Standard,Morning,Average,Type_A,Medium,286,Op07,B05,20294.4
PP006720,114.9,5.4,8.7,19.1,45.0,83.1,41.6,Cardstock,Night,Poor,Type_B,Medium,322,Op03,B18,39145.3
PP006721,111.0,0.9,7.4,19.2,42.7,92.2,23.2,Matte,Night,Good,Type_D,High,289,Op07,B11,43757.8
PP006722,119.6,0.4,7.9,,58.7,72.2,42.0,Glossy,Morning,Good,Type_C,High,365,Op10,B03,49857.2
PP006723,131.1,0.6,10.0,21.7,55.3,90.4,41.6,Standard,Morning,Poor,Type_B,Medium,208,Op08,B16,65545.8
PP006724,89.2,0.8,20.0,15.6,45.4,91.6,21.1,Matte,Morning,Average,Type_C,High,76,Op01,B08,79217.1
PP006725,134.5,4.6,11.6,23.5,,20.6,43.0,Matte,Morning,Average,Type_D,Medium,259,Op03,B05,48335.3
PP006726,78.5,4.9,8.8,23.7,53.9,85.3,24.3,Matte,Afternoon,Good,Type_B,High,335,Op01,B12,35256.6
PP006727,108.8,6.6,4.5,,64.6,91.5,36.7,Matte,Morning,Average,Type_B,Medium,179,Op01,B08,22385.8
PP006728,66.9,10.7,12.8,25.5,49.0,62.8,18.9,Standard,Morning,Poor,Type_D,High,200,Op10,B03,26618.6
PP006729,170.6,2.3,13.5,31.0,55.3,90.8,22.8,Standard,Morning,Good,Type_D,Low,299,Op08,B15,76586.1
PP006730,30.0,1.3,17.6,25.7,53.2,95.7,40.7,Matte,Morning,Good,Type_A,High,329,Op08,B15,22082.6
PP006731,96.1,4.2,11.9,23.9,45.4,,14.5,Cardstock,Afternoon,Good,Type_B,Medium,342,Op06,B07,56951.2
PP006732,64.8,2.5,11.6,25.3,50.4,85.3,31.8,Cardstock,Afternoon,Good,Type_B,Medium,176,Op02,B08,34452.1
PP006733,133.7,6.5,12.8,29.5,50.4,85.4,37.2,Matte,Morning,Good,Type_B,High,43,Op08,B14,98707.9
PP006734,137.3,0.2,19.8,,46.1,6.8,17.3,Cardstock,Morning,Good,Type_D,Medium,101,Op03,B06,53525.9
PP006735,108.1,1.0,13.1,29.1,62.1,98.8,85.7,Matte,Afternoon,Average,Type_C,High,29,Op08,B16,67747.6
PP006736,78.4,4.1,10.0,27.3,67.8,90.2,27.5,Cardstock,Morning,Average,Type_D,Medium,261,Op10,B11,33849.7
PP006737,65.4,4.1,9.7,17.2,47.0,82.2,33.5,Cardstock,Night,Average,Type_A,Low,115,Op03,B12,20031.7
PP006738,88.0,15.0,8.5,28.4,40.8,27.5,30.9,Matte,Morning,Average,Type_A,Medium,164,Op06,B19,17777.7
PP006739,116.2,15.0,8.6,19.1,69.9,90.8,25.5,Standard,Afternoon,Average,Type_A,High,188,Op04,B10,42282.6
PP006740,156.5,2.0,9.5,25.6,46.0,93.4,75.6,Matte,Morning,Average,Type_A,Low,172,Op03,B04,60143.4
PP006741,130.9,0.1,14.5,19.0,50.6,73.7,22.0,Standard,Afternoon,Good,Type_B,Low,258,Op07,B11,100081.4
PP006742,153.0,8.7,8.5,24.4,46.2,97.0,32.0,Standard,Afternoon,Poor,Type_D,High,110,Op05,B15,54990.2
PP006743,113.5,12.7,15.6,27.4,60.3,81.1,54.4,Cardstock,Afternoon,Average,Type_C,Low,7,Op10,B05,57500.1
PP006744,111.3,0.7,14.1,26.1,35.4,92.5,18.5,Matte,Morning,Good,Type_B,Low,208,Op06,B12,84240.7
PP006745,128.5,8.7,18.1,24.8,36.0,91.8,25.4,Glossy,Night,Good,Type_B,High,242,Op02,B04,117984.7
PP006746,125.1,6.0,8.0,27.5,47.1,,40.0,Glossy,Morning,Poor,Type_C,Medium,198,Op01,B13,42243.3
PP006747,93.1,5.0,9.6,21.9,49.8,64.2,27.6,Glossy,Afternoon,Average,Type_A,Medium,247,Op05,B19,40060.9
PP006748,138.5,1.9,7.6,20.6,52.5,83.0,16.8,Glossy,Afternoon,Good,Type_B,Medium,361,Op03,B11,64145.4
PP006749,126.9,2.6,10.3,15.6,62.0,91.0,25.1,Standard,Night,Good,Type_B,High,27,Op09,B06,71114.1
PP006750,96.0,0.6,10.6,34.6,46.8,80.3,42.5,Standard,Night,Good,Type_D,Medium,241,Op09,B14,47335.5
PP006751,134.9,0.9,20.6,25.8,45.8,76.7,39.1,Glossy,Night,Average,Type_C,Medium,183,Op05,B11,130225.2
PP006752,98.4,2.2,6.2,23.1,41.3,95.0,54.2,Glossy,Night,Good,Type_B,Low,122,Op01,B11,26665.4
PP006753,109.7,0.4,5.5,30.1,49.1,98.6,15.7,Glossy,Afternoon,Good,Type_A,Medium,332,Op09,B03,34039.3
PP006754,100.9,15.0,7.0,15.0,50.0,58.7,61.3,Standard,Afternoon,Average,Type_A,Medium,292,Op01,B16,20199.4
PP006755,117.2,6.2,8.0,28.0,52.1,95.3,38.5,Standard,Morning,Good,Type_B,Low,221,Op03,B02,49298.4
PP006756,143.3,2.5,6.9,28.0,55.0,89.8,30.1,Matte,Night,Good,Type_C,Low,173,Op07,B09,52602.5
PP006757,73.7,6.1,7.7,31.3,65.6,88.9,21.3,Glossy,Morning,Good,Type_A,Medium,95,Op07,B07,26612.0
PP006758,129.8,10.7,7.0,28.1,73.5,91.2,26.4,Glossy,Night,Poor,Type_C,Medium,75,Op03,B20,29467.4
PP006759,108.0,0.6,10.1,22.6,69.3,40.9,32.2,Standard,Night,Good,Type_A,Low,323,Op04,B06,41305.6
PP006760,92.4,10.5,13.9,30.0,48.3,97.4,25.7,Glossy,Afternoon,Average,Type_A,Medium,134,Op06,B07,57023.1
PP006761,76.1,1.4,9.5,26.8,49.4,88.8,56.4,Cardstock,Night,Average,Type_C,Low,54,Op03,B14,25522.2
PP006762,137.3,0.0,8.0,21.6,75.7,89.4,38.1,Standard,Afternoon,Average,Type_C,Medium,299,Op08,B08,55946.7
PP006763,104.4,5.0,15.5,15.0,43.3,6.3,36.3,Standard,Night,Good,Type_C,High,262,Op10,B11,24525.2
PP006764,124.1,1.0,14.6,24.8,51.2,82.7,23.3,Glossy,Afternoon,Good,Type_D,High,248,Op03,B16,100981.3
PP006765,126.4,0.1,7.1,29.4,58.2,89.3,29.9,Glossy,Morning,Good,Type_A,Medium,50,Op08,B14,51691.5
PP006766,165.5,3.5,19.6,26.3,54.7,91.2,24.3,Glossy,Morning,Good,Type_B,High,295,Op02,B15,174498.1
PP006767,164.1,3.8,9.8,21.7,37.5,97.6,16.2,Glossy,Morning,Good,Type_A,High,69,Op06,B04,91758.4
PP006768,145.9,0.6,13.9,22.0,56.0,62.1,50.0,Matte,Afternoon,Poor,Type_A,Low,47,Op09,B03,81698.5
PP006769,147.7,2.2,13.5,,52.5,98.9,61.4,Standard,Afternoon,Good,Type_A,Medium,163,Op06,B07,116608.8
PP006770,180.0,15.0,13.6,26.5,39.3,83.3,35.4,Glossy,Morning,Poor,Type_C,Low,180,Op09,B15,5955.8
PP006771,130.4,4.2,12.4,34.9,58.2,,48.4,Standard,Night,Good,Type_B,Medium,162,Op06,B16,85263.5
PP006772,139.4,14.1,7.4,24.6,57.1,30.7,19.8,Standard,Afternoon,Poor,Type_A,Low,364,Op05,B15,16812.3
PP006773,136.4,5.1,7.7,,60.5,20.2,20.9,Standard,Afternoon,Average,Type_A,Low,212,Op02,B17,32043.6
PP006774,96.8,0.5,8.1,22.8,49.9,96.2,48.1,Standard,Afternoon,Average,Type_B,Medium,171,Op09,B18,40646.5
PP006775,119.7,1.4,13.2,24.9,59.0,76.4,44.7,Glossy,Morning,Good,Type_B,Medium,67,Op05,B02,87495.2
PP006776,122.3,13.3,19.8,28.4,74.3,94.5,31.9,Matte,Afternoon,Average,Type_A,High,96,Op03,B09,88494.2
PP006777,124.2,4.4,22.3,22.0,48.3,79.1,34.0,Glossy,Morning,Good,Type_B,Low,256,Op03,B17,122522.8
PP006778,124.2,0.5,11.4,15.0,25.6,94.9,35.8,Standard,Night,Average,Type_C,Medium,281,Op03,B04,61683.1
PP006779,115.5,2.0,13.0,19.8,45.4,88.9,51.5,Matte,Morning,Good,Type_B,High,240,Op08,B16,84394.6
PP006780,141.2,5.8,12.2,38.1,51.4,95.2,29.7,Cardstock,Afternoon,Good,Type_C,Medium,210,Op03,B14,80067.6
PP006781,80.8,3.3,10.8,23.4,53.2,90.1,23.7,Standard,Night,Average,Type_C,High,145,Op03,B10,43382.3
PP006782,132.4,15.0,11.4,26.9,50.3,80.6,27.2,Glossy,Morning,Average,Type_D,Low,4,Op08,B05,53396.1
PP006783,94.0,1.2,12.7,30.5,36.8,92.4,26.9,Matte,Morning,Good,Type_C,High,25,Op07,B09,63809.3
PP006784,50.9,1.6,8.1,28.4,48.2,99.6,34.5,Glossy,Morning,Good,Type_D,Medium,254,Op04,B18,18619.8
PP006785,69.8,15.0,7.8,36.1,47.3,77.5,27.6,Matte,Morning,Poor,Type_A,Medium,209,Op05,B16,8774.6
PP006786,115.4,2.8,9.1,25.0,48.9,95.5,74.3,Standard,Morning,Average,Type_B,Medium,59,Op07,B04,52628.1
PP006787,139.4,10.0,15.8,24.4,,67.3,63.6,Matte,Morning,Poor,Type_D,Low,268,Op06,B08,60623.9
PP006788,100.9,0.3,6.4,28.9,34.5,61.0,33.8,Glossy,Night,Good,Type_B,High,61,Op07,B14,30297.1
PP006789,113.6,6.8,12.5,21.3,44.8,99.3,38.6,Standard,Afternoon,Good,Type_A,Medium,79,Op09,B04,82310.0
PP006790,132.6,8.7,12.3,21.6,45.8,94.8,45.0,Matte,Afternoon,Average,Type_D,Medium,99,Op04,B16,83621.0
PP006791,105.8,0.4,8.5,25.4,79.4,91.2,21.3,Standard,Morning,Poor,Type_A,High,87,Op08,B04,42694.3
PP006792,136.1,8.7,11.9,,41.4,80.8,33.6,Cardstock,Morning,Good,Type_C,High,269,Op03,B12,86395.5
PP006793,162.9,0.5,9.1,26.8,57.5,89.2,25.5,Glossy,Afternoon,Average,Type_C,Medium,179,Op07,B20,71569.4
PP006794,154.2,0.9,11.6,23.1,37.7,82.6,44.1,Matte,Morning,Good,Type_B,High,334,Op07,B18,100628.1
PP006795,93.7,3.2,14.1,21.0,31.3,75.5,35.9,Standard,Afternoon,Average,Type_C,High,180,Op04,B09,68739.0
PP006796,83.2,1.8,15.4,21.5,63.6,73.5,28.2,Standard,Morning,Average,Type_B,Low,320,Op01,B19,55800.3
PP006797,179.3,0.4,17.9,26.4,62.1,90.9,43.1,Standard,Afternoon,Good,Type_C,High,121,Op09,B10,135556.9
PP006798,155.8,3.0,8.3,26.8,45.9,46.5,32.0,Standard,Afternoon,Good,Type_A,Low,70,Op10,B14,45643.9
PP006799,164.2,6.4,7.1,18.5,32.5,20.5,26.0,Cardstock,Morning,Good,Type_D,High,314,Op09,B13,23725.4
PP006800,128.0,0.7,13.1,26.1,58.4,74.1,39.3,Matte,Night,Good,Type_D,High,71,Op02,B17,87879.4
PP006801,99.4,5.2,7.6,20.9,62.3,98.2,28.7,Matte,Night,Good,Type_D,Medium,121,Op06,B08,37305.2
PP006802,141.0,4.8,19.2,25.9,49.4,74.4,27.1,Matte,Afternoon,Average,Type_C,High,100,Op03,B03,144477.1
PP006803,84.1,4.0,13.5,15.0,54.4,99.3,39.4,Cardstock,Night,Good,Type_B,Medium,194,Op09,B06,44980.1
PP006804,110.3,6.7,8.6,32.7,50.8,82.8,13.9,Matte,Morning,Good,Type_A,High,212,Op04,B06,53041.1
PP006805,136.1,2.8,11.2,21.2,57.7,85.5,44.9,Standard,Morning,Good,Type_B,High,87,Op08,B04,91330.8
PP006806,125.6,2.1,7.5,25.0,49.0,91.2,32.1,Standard,Morning,Good,Type_B,High,128,Op07,B13,58016.5
PP006807,92.5,13.2,5.3,23.2,51.7,89.6,40.8,Glossy,Afternoon,Average,Type_D,Medium,337,Op04,B16,17532.2
PP006808,135.9,0.8,13.1,22.2,42.5,92.1,82.4,Matte,Afternoon,Average,Type_C,Medium,357,Op01,B18,91055.7
PP006809,110.2,2.7,8.8,24.0,53.6,12.9,20.7,Matte,Afternoon,Good,Type_A,High,43,Op06,B01,33005.1
PP006810,141.2,1.6,21.6,25.2,52.5,94.4,37.2,Matte,Morning,Good,Type_C,High,330,Op05,B19,166663.0
PP006811,109.9,13.2,18.2,25.3,58.7,79.3,33.8,Standard,Morning,Poor,Type_B,Medium,121,Op03,B17,51085.8
PP006812,115.6,1.0,12.1,29.0,37.7,,18.0,Cardstock,Afternoon,Average,Type_A,High,320,Op03,B19,71399.8
PP006813,86.4,1.4,9.6,26.5,32.6,75.9,41.2,Standard,Afternoon,Poor,Type_C,High,264,Op05,B06,34968.3
PP006814,177.9,4.3,10.3,23.6,47.0,96.8,37.7,Matte,Afternoon,Good,Type_D,Medium,177,Op10,B08,74853.8
PP006815,168.6,4.0,7.9,17.8,66.8,73.5,35.7,Glossy,Morning,Poor,Type_C,Medium,275,Op06,B03,45474.2
PP006816,92.0,1.5,9.1,27.5,64.7,95.5,40.9,Glossy,Afternoon,Poor,Type_B,Low,145,Op08,B05,31520.3
PP006817,103.7,1.0,19.7,26.5,37.0,87.8,72.3,Matte,Afternoon,Good,Type_A,Low,132,Op02,B13,87263.1
PP006818,157.6,6.3,10.0,26.7,47.2,84.7,52.4,Matte,Night,Good,Type_C,Medium,105,Op07,B11,77726.4
PP006819,82.1,4.7,20.8,26.6,50.4,82.7,40.9,Standard,Afternoon,Average,Type_A,Medium,77,Op06,B12,76835.6
PP006820,151.1,1.3,11.7,27.0,36.1,94.9,43.5,Standard,Afternoon,Good,Type_B,Medium,30,Op04,B19,100089.4
PP006821,145.2,0.2,6.8,20.5,54.4,75.2,43.4,Matte,Night,Good,Type_D,Medium,329,Op03,B04,54343.5
PP006822,104.8,0.7,8.3,23.5,63.1,77.3,36.9,Glossy,Morning,Good,Type_A,Medium,259,Op02,B19,43895.3
PP006823,153.8,0.0,6.1,31.9,45.7,57.4,58.7,Matte,Afternoon,Good,Type_B,High,165,Op07,B15,39227.6
PP006824,130.5,0.6,7.7,18.6,48.2,80.2,19.5,Standard,Morning,Good,Type_A,Medium,51,Op03,B04,59520.1
PP006825,123.8,4.0,19.7,21.1,43.4,76.7,41.9,Glossy,Morning,Good,Type_C,High,91,Op07,B18,121042.3
PP006826,128.3,2.3,10.5,21.0,42.7,96.2,26.0,Matte,Morning,Good,Type_A,Medium,268,Op02,B12,83505.5
PP006827,126.4,5.6,18.1,23.9,45.2,86.7,39.6,Standard,Afternoon,Average,Type_B,High,141,Op05,B01,124584.1
PP006828,82.7,0.1,9.6,26.7,68.7,87.2,32.2,Standard,Night,Good,Type_B,Low,338,Op07,B14,36104.5
PP006829,121.0,5.8,12.6,24.9,50.4,44.1,52.3,Standard,Morning,Average,Type_D,Medium,276,Op05,B18,69033.3
PP006830,112.4,2.2,5.0,20.0,37.3,85.0,28.5,Matte,Afternoon,Good,Type_A,Medium,314,Op01,B08,30514.5
PP006831,110.4,14.6,14.5,23.4,60.5,64.7,31.3,Matte,Night,Average,Type_A,Medium,152,Op01,B05,56022.6
PP006832,132.4,5.9,8.0,30.6,28.5,83.7,71.4,Glossy,Morning,Good,Type_C,Medium,27,Op01,B17,50279.4
PP006833,107.4,11.8,12.4,21.8,53.5,84.4,31.6,Standard,Night,Good,Type_A,Medium,178,Op06,B17,69067.5
PP006834,123.7,3.9,16.8,,60.8,89.8,28.6,Standard,Night,Good,Type_B,Medium,302,Op09,B02,115686.4
PP006835,137.7,2.0,4.9,,52.5,87.7,19.6,Glossy,Morning,Average,Type_C,Medium,153,Op04,B10,36110.9
PP006836,95.0,3.0,8.9,22.0,,93.0,77.3,Matte,Afternoon,Good,Type_B,Medium,195,Op10,B18,39352.3
PP006837,114.9,1.7,16.9,20.1,50.3,91.8,11.1,Glossy,Morning,Good,Type_C,Medium,282,Op08,B15,109340.3
PP006838,88.8,0.2,13.1,24.2,81.0,63.1,30.9,Standard,Night,Good,Type_D,Medium,8,Op08,B02,47976.3
PP006839,109.9,3.6,12.7,24.1,60.7,92.4,78.7,Standard,Afternoon,Good,Type_D,High,90,Op07,B07,73333.1
PP006840,142.7,8.5,6.8,20.1,66.9,54.6,19.1,Cardstock,Afternoon,Average,Type_B,Medium,102,Op02,B19,42338.2
PP006841,132.3,2.5,16.5,26.2,45.9,31.3,29.2,Glossy,Night,Good,Type_C,Medium,263,Op01,B01,82597.5
PP006842,61.8,5.1,9.8,38.4,66.5,79.1,30.2,Glossy,Morning,Good,Type_A,Low,348,Op05,B20,20383.4
PP006843,88.1,3.9,8.0,21.3,,82.8,30.3,Standard,Afternoon,Good,Type_D,High,250,Op08,B20,37192.3
PP006844,129.1,13.8,11.7,30.2,58.2,95.6,30.1,Standard,Afternoon,Poor,Type_B,Medium,201,Op01,B10,45230.6
PP006845,31.4,13.2,9.1,22.9,44.3,75.9,13.3,Cardstock,Afternoon,Poor,Type_B,Low,239,Op06,B04,1362.4
PP006846,102.7,3.4,12.7,26.5,59.2,92.8,27.7,Glossy,Morning,Good,Type_A,Medium,119,Op09,B16,74261.1
PP006847,80.8,7.1,7.2,19.7,55.4,88.7,42.2,Glossy,Afternoon,Good,Type_B,High,159,Op10,B13,27469.7
PP006848,114.8,6.7,19.7,24.7,56.4,77.8,38.5,Standard,Night,Average,Type_D,Low,257,Op03,B04,91464.1
PP006849,46.1,3.3,11.1,25.0,57.1,70.9,40.4,Standard,Night,Good,Type_A,Low,131,Op01,B19,19402.6
PP006850,103.5,9.2,8.4,25.2,40.4,88.2,49.3,Cardstock,Morning,Average,Type_A,Medium,245,Op10,B10,37819.5
PP006851,111.5,4.0,12.6,25.7,58.4,90.6,33.8,Cardstock,Afternoon,Good,Type_B,Medium,268,Op06,B02,71541.6
PP006852,57.9,15.0,9.9,27.8,60.9,,41.6,Matte,Night,Poor,Type_A,Medium,267,Op10,B11,7873.7
PP006853,130.4,0.4,13.0,24.2,56.4,88.1,37.3,Glossy,Night,Good,Type_A,Medium,174,Op10,B19,91015.9
PP006854,125.8,10.0,7.3,27.5,66.4,88.4,49.1,Glossy,Night,Good,Type_C,High,50,Op05,B09,44430.0
PP006855,137.1,0.6,11.8,24.5,63.5,74.1,31.8,Glossy,Morning,Average,Type_C,Medium,139,Op03,B18,84609.9
PP006856,80.7,0.0,8.2,24.3,52.1,76.8,40.0,Glossy,Afternoon,Good,Type_C,Medium,71,Op09,B05,31121.2
PP006857,123.7,2.2,11.4,21.2,62.5,91.1,81.9,Matte,Morning,Good,Type_C,Low,135,Op06,B12,66430.5
PP006858,111.3,0.8,10.9,25.5,29.8,,47.4,Standard,Afternoon,Good,Type_D,High,57,Op09,B05,66078.6
PP006859,140.4,0.2,8.2,29.5,57.9,73.1,30.5,Glossy,Night,Average,Type_D,High,308,Op05,B12,59273.3
PP006860,134.9,0.6,12.1,24.3,46.0,88.2,19.1,Cardstock,Afternoon,Good,Type_D,Medium,314,Op10,B13,83839.6
PP006861,97.1,9.0,21.5,18.2,36.9,88.3,23.6,Standard,Afternoon,Good,Type_A,High,352,Op08,B04,96250.1
PP006862,118.1,0.9,9.2,25.0,42.8,84.9,24.8,Standard,Morning,Good,Type_D,Medium,66,Op08,B17,63297.5
PP006863,134.5,5.5,9.5,27.4,68.5,98.8,22.8,Glossy,Afternoon,Average,Type_D,High,47,Op10,B03,67766.0
PP006864,110.0,1.7,14.5,24.0,63.1,78.6,59.9,Matte,Night,Good,Type_D,Medium,342,Op10,B19,75552.5
PP006865,139.6,7.5,17.7,20.1,37.8,13.0,45.0,Standard,Afternoon,Average,Type_D,Low,60,Op01,B12,47168.4
PP006866,126.7,8.7,7.8,22.6,55.1,57.9,25.9,Standard,Afternoon,Poor,Type_B,Medium,211,Op08,B10,39390.4
PP006867,121.6,6.9,11.9,32.8,37.5,55.8,40.1,Glossy,Morning,Good,Type_C,Medium,306,Op10,B12,66176.8
PP006868,97.5,2.7,12.9,25.5,65.5,97.9,60.9,Standard,Night,Good,Type_B,Medium,304,Op08,B17,62040.6
PP006869,88.9,5.8,8.2,22.8,53.8,95.4,25.7,Standard,Morning,Poor,Type_C,Medium,222,Op08,B02,32566.7
PP006870,51.5,15.0,10.4,27.4,58.2,93.6,20.9,Matte,Morning,Good,Type_B,Medium,124,Op04,B04,20732.7
PP006871,52.3,5.4,8.3,28.1,49.3,54.1,47.9,Glossy,Afternoon,Good,Type_B,Medium,117,Op08,B09,16819.3
PP006872,71.4,2.3,14.3,29.3,42.1,80.0,16.3,Standard,Afternoon,Good,Type_B,High,178,Op05,B05,53457.5
PP006873,117.0,3.0,10.9,27.0,56.8,75.0,20.4,Glossy,Afternoon,Average,Type_A,Low,258,Op03,B11,59850.0
PP006874,90.5,7.3,21.1,21.1,56.0,84.8,14.4,Glossy,Afternoon,Good,Type_C,Low,81,Op08,B18,76157.9
PP006875,104.0,1.0,5.2,29.9,38.9,90.3,19.7,Matte,Afternoon,Good,Type_C,Medium,295,Op05,B09,28618.0
PP006876,120.6,2.0,12.4,24.3,26.1,,38.1,Standard,Night,Good,Type_C,Low,30,Op09,B12,71350.9
PP006877,38.4,3.9,8.6,23.2,45.7,97.6,45.9,Cardstock,Night,Good,Type_C,Medium,293,Op03,B08,12136.1
PP006878,107.3,0.1,11.4,22.9,59.0,85.7,20.0,Standard,Night,Good,Type_A,Medium,168,Op07,B05,68585.8
PP006879,176.8,2.3,9.5,24.9,26.5,85.1,34.0,Standard,Morning,Average,Type_A,Medium,321,Op10,B17,72497.0
PP006880,110.4,11.2,10.9,26.4,50.4,24.3,50.3,Standard,Afternoon,Average,Type_A,Medium,23,Op10,B03,34857.3
PP006881,87.6,0.1,4.6,28.0,,92.6,36.3,Standard,Night,Average,Type_A,High,309,Op02,B05,18232.8
PP006882,98.5,6.6,11.8,15.0,45.7,77.0,43.5,Matte,Night,Good,Type_A,High,77,Op07,B06,52139.3
PP006883,76.2,9.2,9.7,21.7,56.6,95.2,39.3,Matte,Night,Good,Type_B,Medium,56,Op02,B19,35184.4
PP006884,122.5,6.8,8.2,21.4,39.9,71.4,40.8,Glossy,Morning,Average,Type_B,High,309,Op09,B05,50953.1
PP006885,180.0,9.6,8.4,23.0,66.2,96.4,31.8,Glossy,Morning,Average,Type_C,Medium,237,Op07,B20,51215.0
PP006886,177.4,5.7,19.3,25.5,32.8,62.9,55.8,Glossy,Night,Poor,Type_B,Medium,259,Op08,B06,77808.7
PP006887,54.6,13.1,14.4,32.6,,97.8,46.1,Glossy,Night,Average,Type_C,Medium,306,Op09,B14,21384.7
PP006888,98.4,2.5,12.0,23.7,42.4,53.8,32.5,Glossy,Night,Good,Type_C,Low,118,Op10,B19,48366.7
PP006889,138.3,0.5,18.3,18.3,53.5,86.8,26.0,Standard,Night,Poor,Type_B,High,38,Op06,B06,118109.5
PP006890,97.5,1.4,6.9,23.9,48.3,89.7,41.5,Glossy,Morning,Good,Type_A,Medium,260,Op04,B11,35686.8
PP006891,179.2,10.1,7.4,23.7,63.0,14.3,19.3,Standard,Night,Average,Type_A,Medium,52,Op10,B08,3019.3
PP006892,82.1,1.2,7.1,15.0,37.0,80.4,33.0,Standard,Morning,Poor,Type_A,Medium,202,Op06,B06,21291.8
PP006893,138.6,2.3,6.4,20.1,58.6,80.4,29.3,Matte,Afternoon,Good,Type_A,Medium,126,Op09,B01,52832.0
PP006894,104.4,14.0,11.1,26.0,52.2,97.9,26.8,Matte,Morning,Average,Type_A,Medium,191,Op10,B03,50992.3
PP006895,89.4,0.3,9.0,27.6,65.8,80.4,37.7,Matte,Night,Good,Type_D,Medium,214,Op02,B18,37384.8
PP006896,48.8,7.1,14.5,23.7,,79.4,55.0,Glossy,Morning,Good,Type_B,Medium,149,Op05,B16,29378.1
PP006897,118.9,1.0,12.9,22.3,57.7,88.1,46.8,Matte,Morning,Good,Type_A,High,76,Op09,B10,93053.3
PP006898,141.8,12.0,13.3,,53.1,89.5,36.1,Standard,Afternoon,Good,Type_A,Medium,312,Op06,B07,105217.5
PP006899,135.5,0.7,19.6,27.1,28.3,70.2,18.9,Standard,Morning,Good,Type_B,High,33,Op08,B08,146913.2
PP006900,139.3,0.1,16.9,22.0,75.2,89.1,19.3,Matte,Afternoon,Good,Type_B,Low,119,Op04,B01,116717.5
PP006901,120.1,1.3,12.0,20.0,50.5,95.6,30.0,Glossy,Afternoon,Good,Type_C,High,39,Op05,B12,81680.4
PP006902,122.6,0.1,14.0,21.0,58.0,73.3,34.9,Standard,Night,Good,Type_B,Low,34,Op05,B09,86480.0
PP006903,155.0,2.4,14.9,22.5,42.6,89.0,45.2,Cardstock,Afternoon,Average,Type_B,High,39,Op02,B09,111693.3
PP006904,52.2,0.2,13.7,25.1,43.3,96.1,32.9,Glossy,Night,Good,Type_A,Low,279,Op10,B10,28127.7
PP006905,149.0,1.1,10.9,,55.1,97.3,30.7,Matte,Morning,Good,Type_B,Medium,116,Op05,B14,96663.3
PP006906,115.6,8.6,7.1,,43.7,84.2,29.2,Matte,Afternoon,Average,Type_B,High,276,Op08,B12,40299.0
PP006907,72.0,0.8,9.1,15.0,67.2,88.2,33.5,Standard,Afternoon,Average,Type_B,Medium,209,Op01,B18,27408.2
PP006908,123.5,4.9,15.3,27.5,69.5,97.8,28.6,Glossy,Afternoon,Good,Type_A,High,41,Op09,B20,104628.6
PP006909,54.7,5.7,16.9,23.7,67.8,96.0,33.6,Standard,Morning,Good,Type_D,Medium,52,Op01,B10,43654.3
PP006910,136.9,6.7,5.6,24.4,57.3,,46.3,Glossy,Night,Good,Type_B,Medium,79,Op10,B03,36275.6
PP006911,107.6,2.3,10.4,28.9,53.8,92.6,24.0,Cardstock,Morning,Good,Type_D,High,126,Op04,B18,58248.5
PP006912,85.7,3.9,9.7,22.0,55.8,84.2,33.7,Standard,Afternoon,Good,Type_A,High,295,Op05,B17,45227.6
PP006913,167.9,8.4,6.3,29.2,37.6,75.9,30.5,Glossy,Night,Good,Type_C,Low,139,Op07,B02,36619.7
PP006914,51.0,14.8,10.6,28.5,64.1,94.9,42.1,Glossy,Afternoon,Average,Type_A,Medium,223,Op01,B15,15761.3
PP006915,163.5,0.3,8.1,25.0,62.5,87.0,26.4,Cardstock,Afternoon,Good,Type_C,High,190,Op06,B11,66845.9
PP006916,143.8,0.6,9.1,26.2,31.3,79.9,20.8,Matte,Afternoon,Good,Type_A,Medium,229,Op10,B11,77834.9
PP006917,74.7,7.7,6.4,25.2,42.8,97.6,14.8,Matte,Night,Poor,Type_A,Medium,322,Op02,B09,18696.1
PP006918,105.2,10.6,5.9,19.6,22.6,87.6,62.1,Standard,Night,Poor,Type_C,High,338,Op09,B04,17735.6
PP006919,74.6,8.6,14.0,28.4,63.8,94.2,19.9,Matte,Morning,Poor,Type_B,Low,31,Op10,B15,30058.6
PP006920,77.4,2.5,12.8,22.8,55.2,84.9,38.3,Glossy,Afternoon,Good,Type_A,Low,21,Op05,B01,43421.3
PP006921,180.0,10.4,6.1,27.4,66.4,72.6,24.6,Matte,Afternoon,Poor,Type_C,Medium,296,Op10,B14,23246.7
PP006922,85.3,1.2,8.4,,31.1,98.4,53.7,Glossy,Afternoon,Poor,Type_D,High,43,Op04,B11,24521.1
PP006923,117.9,2.1,9.1,21.1,32.4,31.4,68.7,Standard,Morning,Average,Type_D,High,44,Op04,B15,41689.6
PP006924,144.0,4.4,9.6,26.6,42.6,72.8,39.1,Matte,Night,Average,Type_B,High,58,Op06,B12,73626.0
PP006925,103.6,12.3,6.7,31.4,49.7,91.4,42.5,Cardstock,Afternoon,Average,Type_B,Medium,136,Op05,B02,26220.4
PP006926,91.7,3.1,5.6,23.3,58.6,91.4,39.3,Standard,Morning,Good,Type_B,Low,71,Op08,B13,25619.5
PP006927,118.9,2.1,8.2,21.6,66.4,88.7,10.2,Standard,Morning,Average,Type_C,Medium,125,Op02,B05,56243.9
PP006928,113.4,5.7,10.6,22.6,48.9,63.1,33.4,Cardstock,Night,Poor,Type_A,Medium,87,Op04,B06,44982.4
PP006929,82.1,1.8,10.0,29.5,62.3,85.8,39.9,Standard,Morning,Good,Type_A,Medium,323,Op08,B01,42929.5
PP006930,117.1,1.4,14.3,17.9,55.5,,47.9,Standard,Afternoon,Poor,Type_A,Low,121,Op10,B14,69556.2
PP006931,80.2,3.3,14.6,24.2,,77.4,30.1,Matte,Afternoon,Good,Type_C,Low,138,Op10,B01,50620.9
PP006932,101.8,6.6,10.7,23.9,55.2,78.3,31.8,Standard,Night,Average,Type_D,Medium,161,Op05,B06,48966.2
PP006933,120.4,0.1,7.3,21.5,45.7,97.1,39.6,Matte,Morning,Good,Type_D,Medium,39,Op09,B17,49793.3
PP006934,148.5,1.8,12.0,22.5,46.4,22.0,37.7,Standard,Night,Good,Type_A,Medium,23,Op03,B04,66781.3
PP006935,95.9,0.6,8.0,,61.1,78.9,55.5,Standard,Night,Good,Type_A,Medium,265,Op08,B04,36128.1
PP006936,72.4,2.0,6.6,,52.1,90.3,37.0,Standard,Afternoon,Good,Type_D,High,48,Op02,B20,23996.6
PP006937,110.8,3.1,13.3,33.5,65.8,91.8,59.1,Glossy,Night,Average,Type_B,Low,77,Op09,B06,57248.8
PP006938,127.4,5.5,21.1,20.6,61.9,72.3,27.5,Cardstock,Afternoon,Average,Type_B,Medium,209,Op07,B17,110679.3
PP006939,144.3,0.1,12.3,18.4,51.3,89.0,38.3,Standard,Afternoon,Good,Type_C,High,342,Op05,B05,109160.7
PP006940,112.9,4.9,12.0,22.9,48.9,70.5,120.0,Matte,Morning,Good,Type_A,Low,317,Op07,B09,58168.1
PP006941,80.4,4.5,10.3,26.2,58.4,,48.2,Matte,Afternoon,Good,Type_D,High,289,Op06,B04,30072.0
PP006942,79.3,14.9,7.0,18.8,50.0,78.6,26.8,Matte,Night,Average,Type_D,High,326,Op02,B18,18310.3
PP006943,69.7,6.9,12.5,26.2,64.7,95.6,61.9,Standard,Night,Good,Type_C,Low,139,Op08,B20,34112.8
PP006944,113.6,5.1,7.3,37.3,58.5,94.8,28.0,Standard,Afternoon,Good,Type_C,Medium,287,Op05,B01,41722.5
PP006945,78.9,7.2,7.0,23.2,56.9,89.3,26.4,Matte,Afternoon,Average,Type_B,Medium,49,Op08,B16,25485.4
PP006946,98.0,1.6,7.7,23.3,44.1,94.6,70.1,Standard,Morning,Good,Type_C,Medium,37,Op03,B08,37639.4
PP006947,140.2,2.4,18.4,,45.0,83.3,41.1,Standard,Night,Good,Type_A,High,281,Op07,B12,153455.3
PP006948,98.3,0.2,9.9,24.3,72.7,85.5,36.9,Standard,Morning,Good,Type_B,High,135,Op03,B20,52785.9
PP006949,115.0,1.4,11.5,20.3,42.6,87.3,60.5,Glossy,Morning,Good,Type_D,Medium,33,Op09,B09,66507.0
PP006950,117.7,7.4,7.7,,51.2,94.5,19.5,Glossy,Morning,Poor,Type_D,Medium,170,Op01,B19,40703.4
PP006951,81.4,2.8,9.9,20.3,53.1,77.6,25.1,Matte,Night,Good,Type_B,Medium,9,Op05,B09,39522.1
PP006952,94.9,2.7,8.4,23.8,53.8,79.6,36.9,Standard,Morning,Average,Type_A,Medium,154,Op05,B03,43796.7
PP006953,132.1,2.2,19.3,,56.9,83.6,39.6,Glossy,Morning,Poor,Type_A,High,114,Op01,B15,114667.8
PP006954,75.1,2.2,15.6,19.2,34.3,66.2,27.1,Glossy,Night,Good,Type_D,Medium,65,Op05,B01,48361.4
PP006955,153.8,4.6,9.1,26.6,,80.6,21.0,Standard,Morning,Average,Type_B,Low,143,Op07,B16,65444.9
PP006956,131.4,0.3,13.6,24.0,47.4,55.3,30.3,Standard,Night,Good,Type_D,Medium,335,Op06,B01,94050.2
PP006957,136.6,2.4,7.3,29.6,55.5,84.4,35.9,Matte,Night,Average,Type_A,Medium,134,Op03,B16,53816.2
PP006958,99.5,0.1,8.6,25.9,48.2,82.9,15.9,Glossy,Afternoon,Average,Type_C,Low,174,Op02,B12,39212.6
PP006959,87.2,3.9,11.0,24.9,50.0,99.9,34.6,Standard,Night,Good,Type_B,Low,288,Op10,B02,45434.4
PP006960,130.9,5.7,13.9,28.1,46.1,75.3,51.9,Standard,Afternoon,Poor,Type_A,Low,199,Op01,B11,74679.7
PP006961,180.0,2.0,9.2,19.0,52.4,68.8,55.2,Matte,Night,Good,Type_D,Low,127,Op09,B16,31731.1
PP006962,140.3,2.1,6.2,19.9,46.0,72.1,42.0,Standard,Night,Good,Type_C,Medium,41,Op10,B18,44479.9
PP006963,92.3,1.3,6.4,33.5,31.1,74.6,32.0,Standard,Night,Good,Type_C,Medium,40,Op03,B15,26464.1
PP006964,54.0,3.0,9.3,27.1,54.5,85.5,40.3,Matte,Night,Average,Type_A,High,313,Op08,B05,21251.8
PP006965,102.9,6.0,13.4,24.4,52.3,63.4,34.1,Cardstock,Night,Good,Type_C,Low,135,Op07,B12,50552.8
PP006966,97.2,1.1,11.5,19.8,65.5,92.9,35.5,Matte,Night,Poor,Type_C,Medium,216,Op02,B10,44232.0
PP006967,76.7,0.8,12.4,19.3,50.3,59.2,21.9,Glossy,Afternoon,Average,Type_B,Low,80,Op01,B15,36021.1
PP006968,91.7,4.5,16.9,20.3,51.7,90.9,21.3,Standard,Afternoon,Average,Type_A,Medium,156,Op10,B17,80276.4
PP006969,155.7,8.4,7.4,,,80.3,13.5,Standard,Afternoon,Average,Type_A,High,237,Op03,B16,49805.6
PP006970,89.9,3.2,7.4,24.6,50.6,81.3,38.5,Glossy,Afternoon,Good,Type_A,High,43,Op07,B20,34652.8
PP006971,120.5,9.0,9.0,16.8,57.0,24.3,32.0,Standard,Morning,Poor,Type_B,High,17,Op08,B16,23365.6
PP006972,148.6,4.1,21.5,16.0,58.0,93.3,22.9,Matte,Afternoon,Poor,Type_C,High,182,Op02,B14,130055.6
PP006973,143.8,3.2,11.1,31.0,54.6,84.2,25.5,Cardstock,Morning,Average,Type_A,Medium,104,Op05,B19,83866.7
PP006974,138.7,8.9,8.9,21.2,48.0,99.3,87.5,Glossy,Morning,Good,Type_A,Low,130,Op01,B06,60283.6
PP006975,80.3,5.0,8.0,22.8,43.0,86.0,15.1,Matte,Night,Average,Type_B,Medium,246,Op05,B09,31309.9
PP006976,130.4,6.0,19.0,27.6,51.7,94.0,50.2,Standard,Afternoon,Good,Type_A,High,358,Op02,B14,139923.3
PP006977,43.7,5.5,12.9,,64.2,75.2,32.1,Glossy,Afternoon,Good,Type_A,Low,273,Op03,B07,18793.7
PP006978,72.4,3.4,14.1,15.0,70.7,86.5,27.9,Cardstock,Afternoon,Good,Type_A,Low,134,Op10,B17,33770.2
PP006979,133.6,6.4,10.9,22.6,55.7,88.3,43.7,Cardstock,Afternoon,Poor,Type_A,High,29,Op03,B17,64365.3
PP006980,140.6,2.4,12.3,28.9,43.1,69.9,24.7,Cardstock,Morning,Good,Type_B,Medium,105,Op09,B05,93803.0
PP006981,142.6,7.9,7.6,29.5,40.3,90.0,30.7,Cardstock,Afternoon,Average,Type_C,Medium,32,Op02,B18,53993.9
PP006982,119.7,11.3,16.7,29.5,50.4,31.0,38.4,Standard,Night,Poor,Type_A,High,59,Op09,B10,41733.8
PP006983,135.6,11.0,10.6,16.8,49.6,79.6,29.0,Matte,Night,Average,Type_D,Low,175,Op02,B17,55071.4
PP006984,101.6,0.7,11.6,22.7,43.3,91.5,26.4,Cardstock,Afternoon,Average,Type_B,High,254,Op09,B14,59667.7
PP006985,75.5,5.9,15.4,26.3,51.0,65.1,55.5,Matte,Morning,Average,Type_B,High,76,Op04,B10,50813.7
PP006986,121.2,2.1,8.4,25.8,60.9,79.8,20.3,Standard,Night,Good,Type_A,Low,57,Op01,B11,55401.7
PP006987,156.4,7.6,12.3,26.2,60.4,88.6,34.9,Matte,Afternoon,Average,Type_A,High,197,Op08,B13,96461.1
PP006988,168.6,5.5,13.0,20.7,42.0,75.8,14.9,Glossy,Night,Good,Type_B,High,75,Op07,B14,107759.3
PP006989,132.1,1.5,14.7,25.3,43.0,95.8,52.6,Standard,Afternoon,Good,Type_D,Medium,229,Op08,B13,109162.6
PP006990,68.8,2.3,17.9,28.2,49.1,42.4,24.5,Cardstock,Morning,Good,Type_D,Low,355,Op10,B10,35010.6
PP006991,118.9,6.2,12.5,28.1,50.3,93.3,55.4,Matte,Night,Good,Type_B,Medium,282,Op08,B15,78256.4
PP006992,109.6,3.3,2.5,17.2,34.7,,17.9,Standard,Morning,Good,Type_B,Low,156,Op09,B09,12835.3
PP006993,92.6,1.5,10.1,28.0,60.0,78.1,75.2,Matte,Morning,Good,Type_A,High,290,Op08,B15,46744.0
PP006994,119.6,3.4,11.8,27.7,50.9,64.4,37.1,Matte,Morning,Good,Type_A,Medium,83,Op07,B01,78565.1
PP006995,88.1,14.9,14.1,22.9,61.5,76.0,35.6,Matte,Night,Poor,Type_B,Medium,249,Op01,B06,22728.4
PP006996,104.8,0.7,12.0,27.2,44.5,92.0,32.1,Standard,Afternoon,Good,Type_B,High,344,Op05,B08,74185.4
PP006997,142.5,0.7,7.1,,54.9,76.8,77.9,Standard,Morning,Average,Type_A,Medium,12,Op02,B11,51285.9
PP006998,75.4,10.4,9.1,27.3,69.3,94.1,52.7,Glossy,Afternoon,Poor,Type_B,Medium,195,Op10,B14,20825.8
PP006999,140.7,15.0,14.6,17.7,58.2,14.6,41.9,Standard,Morning,Poor,Type_B,Medium,185,Op01,B20,5831.0
PP007000,97.7,12.8,20.5,27.9,51.8,90.1,29.3,Cardstock,Morning,Good,Type_A,Medium,255,Op04,B13,68600.9
